state,year,code,plan,eg_adj_avg,eg_avg_percentrank,bias_avg,bias_avg_percentrank,mmd_avg,mmd_avg_percentrank,wasted_dem_plan,wasted_rep_plan,votes_dem_plan,votes_twop_plan,seats_plan,seats_dem_plan,seats_r_plan
AL,1974,AL1974,AL1,0.059,0.577,0.014,0.192,0.008,0.221,268688,345493,882869,1228362,70,70,0
AL,1978,AL1978,AL1,0.059,0.577,0.014,0.192,0.008,0.221,268688,345493,882869,1228362,70,70,0
AL,1982,AL1982,AL2,0.161,0.977,0.134,0.962,0.028,0.667,432406,791628,1425907,2448068,70,58,12
AL,1986,AL1986,AL2,0.161,0.977,0.134,0.962,0.028,0.667,432406,791628,1425907,2448068,70,58,12
AL,1990,AL1990,AL2,0.161,0.977,0.134,0.962,0.028,0.667,432406,791628,1425907,2448068,70,58,12
AL,1994,AL1994,AL3,0.097,0.812,0.030,0.347,0.025,0.606,518210,715222,1328261,2466863,70,47,23
AL,1998,AL1998,AL3,0.097,0.812,0.030,0.347,0.025,0.606,518210,715222,1328261,2466863,70,47,23
AL,2002,AL2002,AL4,0.004,0.047,0.010,0.131,0.006,0.174,685806,641022,1321580,2653656,70,35,35
AL,2006,AL2006,AL4,0.004,0.047,0.010,0.131,0.006,0.174,685806,641022,1321580,2653656,70,35,35
AL,2010,AL2010,AL4,0.004,0.047,0.010,0.131,0.006,0.174,685806,641022,1321580,2653656,70,35,35
AR,1972,AR1972,AR1,0.011,0.117,0.116,0.930,0.029,0.681,591790,630247,1786125,2444073,136,133,3
AR,1974,AR1974,AR1,0.011,0.117,0.116,0.930,0.029,0.681,591790,630247,1786125,2444073,136,133,3
AR,1976,AR1976,AR1,0.011,0.117,0.116,0.930,0.029,0.681,591790,630247,1786125,2444073,136,133,3
AR,1978,AR1978,AR1,0.011,0.117,0.116,0.930,0.029,0.681,591790,630247,1786125,2444073,136,133,3
AR,1980,AR1980,AR1,0.011,0.117,0.116,0.930,0.029,0.681,591790,630247,1786125,2444073,136,133,3
AR,1982,AR1982,AR2,0.127,0.901,0.042,0.488,0.010,0.272,221240,411095,780548,1264671,70,62,8
AR,1984,AR1984,AR2,0.127,0.901,0.042,0.488,0.010,0.272,221240,411095,780548,1264671,70,62,8
AR,1988,AR1988,AR2,0.127,0.901,0.042,0.488,0.010,0.272,221240,411095,780548,1264671,70,62,8
AR,1990,AR1990,AR2.1,0.143,0.934,0.077,0.742,0.008,0.235,126759,221930,433257,697377,35,31,4
AR,1992,AR1992,AR3,0.220,1.000,-0.008,0.099,0.003,0.075,440314,1172890,1776366,3226409,140,115,25
AR,1994,AR1994,AR3,0.220,1.000,-0.008,0.099,0.003,0.075,440314,1172890,1776366,3226409,140,115,25
AR,1996,AR1996,AR3,0.220,1.000,-0.008,0.099,0.003,0.075,440314,1172890,1776366,3226409,140,115,25
AR,1998,AR1998,AR3,0.220,1.000,-0.008,0.099,0.003,0.075,440314,1172890,1776366,3226409,140,115,25
AR,2000,AR2000,AR3,0.220,1.000,-0.008,0.099,0.003,0.075,440314,1172890,1776366,3226409,140,115,25
AR,2002,AR2002,AR4,0.165,0.986,-0.015,0.211,-0.004,0.131,663013,1292959,2049552,3911944,140,101,39
AR,2004,AR2004,AR4,0.165,0.986,-0.015,0.211,-0.004,0.131,663013,1292959,2049552,3911944,140,101,39
AR,2006,AR2006,AR4,0.165,0.986,-0.015,0.211,-0.004,0.131,663013,1292959,2049552,3911944,140,101,39
AR,2008,AR2008,AR4,0.165,0.986,-0.015,0.211,-0.004,0.131,663013,1292959,2049552,3911944,140,101,39
AR,2010,AR2010,AR4,0.165,0.986,-0.015,0.211,-0.004,0.131,663013,1292959,2049552,3911944,140,101,39
AR,2012,AR2012,AR5,-0.066,0.629,-0.097,0.873,-0.031,0.714,817218,637638,1238145,2909711,105,30,75
AR,2014,AR2014,AR5,-0.066,0.629,-0.097,0.873,-0.031,0.714,817218,637638,1238145,2909711,105,30,75
AR,2016,AR2016,AR5,-0.066,0.629,-0.097,0.873,-0.031,0.714,817218,637638,1238145,2909711,105,30,75
AR,2018,AR2018,AR5,-0.066,0.629,-0.097,0.873,-0.031,0.714,817218,637638,1238145,2909711,105,30,75
AZ,1972,AZ1972,AZ1.1,0.062,0.601,0.000,0.009,-0.003,0.085,486822,500639,911133,1974921,90,44,46
AZ,1974,AZ1974,AZ1,0.017,0.197,-0.055,0.620,-0.022,0.577,145745,157032,327779,605555,30,18,12
AZ,1976,AZ1976,AZ1.1,0.062,0.601,0.000,0.009,-0.003,0.085,486822,500639,911133,1974921,90,44,46
AZ,1978,AZ1978,AZ1.1,0.062,0.601,0.000,0.009,-0.003,0.085,486822,500639,911133,1974921,90,44,46
AZ,1980,AZ1980,AZ1.1,0.062,0.601,0.000,0.009,-0.003,0.085,486822,500639,911133,1974921,90,44,46
AZ,1982,AZ1982,AZ2,-0.008,0.066,-0.057,0.643,-0.056,0.911,1053023,812859,1776640,3731763,120,53,67
AZ,1984,AZ1984,AZ2,-0.008,0.066,-0.057,0.643,-0.056,0.911,1053023,812859,1776640,3731763,120,53,67
AZ,1986,AZ1986,AZ2,-0.008,0.066,-0.057,0.643,-0.056,0.911,1053023,812859,1776640,3731763,120,53,67
AZ,1988,AZ1988,AZ2,-0.008,0.066,-0.057,0.643,-0.056,0.911,1053023,812859,1776640,3731763,120,53,67
AZ,1990,AZ1990,AZ2,-0.008,0.066,-0.057,0.643,-0.056,0.911,1053023,812859,1776640,3731763,120,53,67
AZ,1992,AZ1992,AZ3,0.000,0.014,-0.064,0.681,-0.049,0.854,1233592,1070543,2199187,4608268,120,53,67
AZ,1994,AZ1994,AZ3,0.000,0.014,-0.064,0.681,-0.049,0.854,1233592,1070543,2199187,4608268,120,53,67
AZ,1996,AZ1996,AZ3,0.000,0.014,-0.064,0.681,-0.049,0.854,1233592,1070543,2199187,4608268,120,53,67
AZ,1998,AZ1998,AZ3,0.000,0.014,-0.064,0.681,-0.049,0.854,1233592,1070543,2199187,4608268,120,53,67
AZ,2000,AZ2000,AZ3,0.000,0.014,-0.064,0.681,-0.049,0.854,1233592,1070543,2199187,4608268,120,53,67
AZ,2002,AZ2002,AZ4,-0.075,0.671,-0.102,0.887,-0.046,0.845,2308480,1443766,3600862,7504493,120,46,74
AZ,2004,AZ2004,AZ4,-0.075,0.671,-0.102,0.887,-0.046,0.845,2308480,1443766,3600862,7504493,120,46,74
AZ,2006,AZ2006,AZ4,-0.075,0.671,-0.102,0.887,-0.046,0.845,2308480,1443766,3600862,7504493,120,46,74
AZ,2008,AZ2008,AZ4,-0.075,0.671,-0.102,0.887,-0.046,0.845,2308480,1443766,3600862,7504493,120,46,74
AZ,2010,AZ2010,AZ4,-0.075,0.671,-0.102,0.887,-0.046,0.845,2308480,1443766,3600862,7504493,120,46,74
AZ,2012,AZ2012,AZ5,-0.029,0.300,-0.040,0.474,-0.021,0.559,1906144,1356313,3182967,6524913,90,39,51
AZ,2014,AZ2014,AZ5,-0.029,0.300,-0.040,0.474,-0.021,0.559,1906144,1356313,3182967,6524913,90,39,51
AZ,2016,AZ2016,AZ5,-0.029,0.300,-0.040,0.474,-0.021,0.559,1906144,1356313,3182967,6524913,90,39,51
AZ,2018,AZ2018,AZ5,-0.029,0.300,-0.040,0.474,-0.021,0.559,1906144,1356313,3182967,6524913,90,39,51
CA,1972,CA1972,CA1,0.040,0.441,0.026,0.315,0.011,0.305,7423266,6545173,15233002,27936879,160,101,59
CA,1974,CA1974,CA1,0.040,0.441,0.026,0.315,0.011,0.305,7423266,6545173,15233002,27936879,160,101,59
CA,1976,CA1976,CA1,0.040,0.441,0.026,0.315,0.011,0.305,7423266,6545173,15233002,27936879,160,101,59
CA,1978,CA1978,CA1,0.040,0.441,0.026,0.315,0.011,0.305,7423266,6545173,15233002,27936879,160,101,59
CA,1980,CA1980,CA1,0.040,0.441,0.026,0.315,0.011,0.305,7423266,6545173,15233002,27936879,160,101,59
CA,1982,CA1982,CA2,0.062,0.592,-0.017,0.221,-0.011,0.310,5940216,5991664,12563088,23863760,117,72,45
CA,1986,CA1986,CA2,0.062,0.592,-0.017,0.221,-0.011,0.310,5940216,5991664,12563088,23863760,117,72,45
CA,1988,CA1988,CA2,0.062,0.592,-0.017,0.221,-0.011,0.310,5940216,5991664,12563088,23863760,117,72,45
CA,1990,CA1990,CA2,0.062,0.592,-0.017,0.221,-0.011,0.310,5940216,5991664,12563088,23863760,117,72,45
CA,1992,CA1992,CA3,0.033,0.347,-0.004,0.056,-0.001,0.033,9051069,8366912,18719916,34835962,160,97,63
CA,1994,CA1994,CA3,0.033,0.347,-0.004,0.056,-0.001,0.033,9051069,8366912,18719916,34835962,160,97,63
CA,1996,CA1996,CA3,0.033,0.347,-0.004,0.056,-0.001,0.033,9051069,8366912,18719916,34835962,160,97,63
CA,1998,CA1998,CA3,0.033,0.347,-0.004,0.056,-0.001,0.033,9051069,8366912,18719916,34835962,160,97,63
CA,2000,CA2000,CA3,0.033,0.347,-0.004,0.056,-0.001,0.033,9051069,8366912,18719916,34835962,160,97,63
CA,2002,CA2002,CA4,-0.010,0.108,0.080,0.765,0.051,0.873,11732659,8697082,23223973,40859483,160,100,60
CA,2004,CA2004,CA4,-0.010,0.108,0.080,0.765,0.051,0.873,11732659,8697082,23223973,40859483,160,100,60
CA,2006,CA2006,CA4,-0.010,0.108,0.080,0.765,0.051,0.873,11732659,8697082,23223973,40859483,160,100,60
CA,2008,CA2008,CA4,-0.010,0.108,0.080,0.765,0.051,0.873,11732659,8697082,23223973,40859483,160,100,60
CA,2010,CA2010,CA4,-0.010,0.108,0.080,0.765,0.051,0.873,11732659,8697082,23223973,40859483,160,100,60
CA,2012,CA2012,CA5,-0.003,0.023,0.030,0.338,0.016,0.432,8201452,8413468,19948752,33229839,120,83,37
CA,2014,CA2014,CA5,-0.003,0.023,0.030,0.338,0.016,0.432,8201452,8413468,19948752,33229839,120,83,37
CA,2016,CA2016,CA5,-0.003,0.023,0.030,0.338,0.016,0.432,8201452,8413468,19948752,33229839,120,83,37
CA,2018,CA2018,CA5,-0.003,0.023,0.030,0.338,0.016,0.432,8201452,8413468,19948752,33229839,120,83,37
CO,1972,CO1972,CO1,-0.056,0.563,-0.053,0.596,-0.021,0.563,1067506,805057,1807275,3745126,140,58,82
CO,1974,CO1974,CO1,-0.056,0.563,-0.053,0.596,-0.021,0.563,1067506,805057,1807275,3745126,140,58,82
CO,1976,CO1976,CO1,-0.056,0.563,-0.053,0.596,-0.021,0.563,1067506,805057,1807275,3745126,140,58,82
CO,1978,CO1978,CO1,-0.056,0.563,-0.053,0.596,-0.021,0.563,1067506,805057,1807275,3745126,140,58,82
CO,1980,CO1980,CO1,-0.056,0.563,-0.053,0.596,-0.021,0.563,1067506,805057,1807275,3745126,140,58,82
CO,1982,CO1982,CO2,-0.095,0.803,-0.034,0.413,-0.008,0.216,1479047,882540,2150090,4723173,140,44,96
CO,1984,CO1984,CO2,-0.095,0.803,-0.034,0.413,-0.008,0.216,1479047,882540,2150090,4723173,140,44,96
CO,1986,CO1986,CO2,-0.095,0.803,-0.034,0.413,-0.008,0.216,1479047,882540,2150090,4723173,140,44,96
CO,1988,CO1988,CO2,-0.095,0.803,-0.034,0.413,-0.008,0.216,1479047,882540,2150090,4723173,140,44,96
CO,1990,CO1990,CO2,-0.095,0.803,-0.034,0.413,-0.008,0.216,1479047,882540,2150090,4723173,140,44,96
CO,1992,CO1992,CO3,-0.009,0.089,-0.046,0.526,-0.019,0.521,1438683,1265742,2595629,5408849,140,63,77
CO,1994,CO1994,CO3,-0.009,0.089,-0.046,0.526,-0.019,0.521,1438683,1265742,2595629,5408849,140,63,77
CO,1996,CO1996,CO3,-0.009,0.089,-0.046,0.526,-0.019,0.521,1438683,1265742,2595629,5408849,140,63,77
CO,1998,CO1998,CO3,-0.009,0.089,-0.046,0.526,-0.019,0.521,1438683,1265742,2595629,5408849,140,63,77
CO,2000,CO2000,CO3,-0.009,0.089,-0.046,0.526,-0.019,0.521,1438683,1265742,2595629,5408849,140,63,77
CO,2002,CO2002,CO4,0.047,0.516,0.012,0.155,0.014,0.385,1768464,1944507,3772655,7425940,140,79,61
CO,2004,CO2004,CO4,0.047,0.516,0.012,0.155,0.014,0.385,1768464,1944507,3772655,7425940,140,79,61
CO,2006,CO2006,CO4,0.047,0.516,0.012,0.155,0.014,0.385,1768464,1944507,3772655,7425940,140,79,61
CO,2008,CO2008,CO4,0.047,0.516,0.012,0.155,0.014,0.385,1768464,1944507,3772655,7425940,140,79,61
CO,2010,CO2010,CO4,0.047,0.516,0.012,0.155,0.014,0.385,1768464,1944507,3772655,7425940,140,79,61
CO,2012,CO2012,CO5,-0.032,0.338,-0.013,0.174,0.005,0.141,1852473,1576765,3597772,6858476,105,54,51
CO,2014,CO2014,CO5,-0.032,0.338,-0.013,0.174,0.005,0.141,1852473,1576765,3597772,6858476,105,54,51
CO,2016,CO2016,CO5,-0.032,0.338,-0.013,0.174,0.005,0.141,1852473,1576765,3597772,6858476,105,54,51
CO,2018,CO2018,CO5,-0.032,0.338,-0.013,0.174,0.005,0.141,1852473,1576765,3597772,6858476,105,54,51
CT,1972,CT1972,CT1,0.115,0.878,0.009,0.113,0.003,0.089,978095,1383192,2530734,4722574,144,100,44
CT,1974,CT1974,CT1,0.115,0.878,0.009,0.113,0.003,0.089,978095,1383192,2530734,4722574,144,100,44
CT,1976,CT1976,CT1,0.115,0.878,0.009,0.113,0.003,0.089,978095,1383192,2530734,4722574,144,100,44
CT,1978,CT1978,CT1,0.115,0.878,0.009,0.113,0.003,0.089,978095,1383192,2530734,4722574,144,100,44
CT,1980,CT1980,CT1,0.115,0.878,0.009,0.113,0.003,0.089,978095,1383192,2530734,4722574,144,100,44
CT,1982,CT1982,CT2,0.042,0.455,0.023,0.291,0.019,0.516,1174013,1169587,2353355,4687199,144,80,64
CT,1984,CT1984,CT2,0.042,0.455,0.023,0.291,0.019,0.516,1174013,1169587,2353355,4687199,144,80,64
CT,1986,CT1986,CT2,0.042,0.455,0.023,0.291,0.019,0.516,1174013,1169587,2353355,4687199,144,80,64
CT,1988,CT1988,CT2,0.042,0.455,0.023,0.291,0.019,0.516,1174013,1169587,2353355,4687199,144,80,64
CT,1990,CT1990,CT2,0.042,0.455,0.023,0.291,0.019,0.516,1174013,1169587,2353355,4687199,144,80,64
CT,1992,CT1992,CT3,-0.011,0.113,0.010,0.117,0.015,0.390,1202078,1057078,2355238,4518313,144,76,68
CT,1994,CT1994,CT3,-0.011,0.113,0.010,0.117,0.015,0.390,1202078,1057078,2355238,4518313,144,76,68
CT,1996,CT1996,CT3,-0.011,0.113,0.010,0.117,0.015,0.390,1202078,1057078,2355238,4518313,144,76,68
CT,1998,CT1998,CT3,-0.011,0.113,0.010,0.117,0.015,0.390,1202078,1057078,2355238,4518313,144,76,68
CT,2000,CT2000,CT3,-0.011,0.113,0.010,0.117,0.015,0.390,1202078,1057078,2355238,4518313,144,76,68
CT,2002,CT2002,CT4,0.030,0.310,0.025,0.300,0.013,0.376,1285770,1309767,2935215,5191075,144,95,49
CT,2004,CT2004,CT4,0.030,0.310,0.025,0.300,0.013,0.376,1285770,1309767,2935215,5191075,144,95,49
CT,2006,CT2006,CT4,0.030,0.310,0.025,0.300,0.013,0.376,1285770,1309767,2935215,5191075,144,95,49
CT,2008,CT2008,CT4,0.030,0.310,0.025,0.300,0.013,0.376,1285770,1309767,2935215,5191075,144,95,49
CT,2010,CT2010,CT4,0.030,0.310,0.025,0.300,0.013,0.376,1285770,1309767,2935215,5191075,144,95,49
CT,2012,CT2012,CT5,0.030,0.319,-0.040,0.460,-0.018,0.479,1042903,1004937,2137584,4095681,108,62,46
CT,2014,CT2014,CT5,0.030,0.319,-0.040,0.460,-0.018,0.479,1042903,1004937,2137584,4095681,108,62,46
CT,2016,CT2016,CT5,0.030,0.319,-0.040,0.460,-0.018,0.479,1042903,1004937,2137584,4095681,108,62,46
CT,2018,CT2018,CT5,0.030,0.319,-0.040,0.460,-0.018,0.479,1042903,1004937,2137584,4095681,108,62,46
DE,1972,DE1972,DE1,0.071,0.648,0.047,0.531,0.027,0.638,172506,201497,378469,748006,84,49,35
DE,1974,DE1974,DE1,0.071,0.648,0.047,0.531,0.027,0.638,172506,201497,378469,748006,84,49,35
DE,1976,DE1976,DE1,0.071,0.648,0.047,0.531,0.027,0.638,172506,201497,378469,748006,84,49,35
DE,1978,DE1978,DE1,0.071,0.648,0.047,0.531,0.027,0.638,172506,201497,378469,748006,84,49,35
DE,1980,DE1980,DE1,0.071,0.648,0.047,0.531,0.027,0.638,172506,201497,378469,748006,84,49,35
DE,1982,DE1982,DE2,0.049,0.531,0.019,0.239,0.009,0.249,190011,213719,441724,807461,84,54,30
DE,1984,DE1984,DE2,0.049,0.531,0.019,0.239,0.009,0.249,190011,213719,441724,807461,84,54,30
DE,1986,DE1986,DE2,0.049,0.531,0.019,0.239,0.009,0.249,190011,213719,441724,807461,84,54,30
DE,1988,DE1988,DE2,0.049,0.531,0.019,0.239,0.009,0.249,190011,213719,441724,807461,84,54,30
DE,1990,DE1990,DE2,0.049,0.531,0.019,0.239,0.009,0.249,190011,213719,441724,807461,84,54,30
DE,1992,DE1992,DE3,0.014,0.146,-0.003,0.052,0.013,0.362,210239,266376,515807,953229,84,50,34
DE,1994,DE1994,DE3,0.014,0.146,-0.003,0.052,0.013,0.362,210239,266376,515807,953229,84,50,34
DE,1996,DE1996,DE3,0.014,0.146,-0.003,0.052,0.013,0.362,210239,266376,515807,953229,84,50,34
DE,1998,DE1998,DE3,0.014,0.146,-0.003,0.052,0.013,0.362,210239,266376,515807,953229,84,50,34
DE,2000,DE2000,DE3,0.014,0.146,-0.003,0.052,0.013,0.362,210239,266376,515807,953229,84,50,34
DE,2002,DE2002,DE4,-0.013,0.131,-0.038,0.451,-0.017,0.469,359910,310432,791334,1340682,84,56,28
DE,2004,DE2004,DE4,-0.013,0.131,-0.038,0.451,-0.017,0.469,359910,310432,791334,1340682,84,56,28
DE,2006,DE2006,DE4,-0.013,0.131,-0.038,0.451,-0.017,0.469,359910,310432,791334,1340682,84,56,28
DE,2008,DE2008,DE4,-0.013,0.131,-0.038,0.451,-0.017,0.469,359910,310432,791334,1340682,84,56,28
DE,2010,DE2010,DE4,-0.013,0.131,-0.038,0.451,-0.017,0.469,359910,310432,791334,1340682,84,56,28
DE,2012,DE2012,DE5,-0.009,0.075,0.022,0.282,0.020,0.535,291368,260403,590189,1103541,63,35,28
DE,2014,DE2014,DE5,-0.009,0.075,0.022,0.282,0.020,0.535,291368,260403,590189,1103541,63,35,28
DE,2016,DE2016,DE5,-0.009,0.075,0.022,0.282,0.020,0.535,291368,260403,590189,1103541,63,35,28
DE,2018,DE2018,DE5,-0.009,0.075,0.022,0.282,0.020,0.535,291368,260403,590189,1103541,63,35,28
FL,1982,FL1982,FL2,0.148,0.953,0.036,0.427,0.012,0.343,2681275,4590372,7288593,14543294,160,104,56
FL,1984,FL1984,FL2,0.148,0.953,0.036,0.427,0.012,0.343,2681275,4590372,7288593,14543294,160,104,56
FL,1986,FL1986,FL2,0.148,0.953,0.036,0.427,0.012,0.343,2681275,4590372,7288593,14543294,160,104,56
FL,1988,FL1988,FL2,0.148,0.953,0.036,0.427,0.012,0.343,2681275,4590372,7288593,14543294,160,104,56
FL,1990,FL1990,FL2,0.148,0.953,0.036,0.427,0.012,0.343,2681275,4590372,7288593,14543294,160,104,56
FL,1992,FL1992,FL3,-0.086,0.732,-0.093,0.854,-0.041,0.808,5748390,3670169,9383379,18837118,160,66,94
FL,1994,FL1994,FL3,-0.086,0.732,-0.093,0.854,-0.041,0.808,5748390,3670169,9383379,18837118,160,66,94
FL,1996,FL1996,FL3,-0.086,0.732,-0.093,0.854,-0.041,0.808,5748390,3670169,9383379,18837118,160,66,94
FL,1998,FL1998,FL3,-0.086,0.732,-0.093,0.854,-0.041,0.808,5748390,3670169,9383379,18837118,160,66,94
FL,2000,FL2000,FL3,-0.086,0.732,-0.093,0.854,-0.041,0.808,5748390,3670169,9383379,18837118,160,66,94
FL,2002,FL2002,FL4,-0.098,0.826,-0.126,0.948,-0.046,0.850,7753338,5021249,12035709,25549175,160,55,105
FL,2004,FL2004,FL4,-0.098,0.826,-0.126,0.948,-0.046,0.850,7753338,5021249,12035709,25549175,160,55,105
FL,2006,FL2006,FL4,-0.098,0.826,-0.126,0.948,-0.046,0.850,7753338,5021249,12035709,25549175,160,55,105
FL,2008,FL2008,FL4,-0.098,0.826,-0.126,0.948,-0.046,0.850,7753338,5021249,12035709,25549175,160,55,105
FL,2010,FL2010,FL4,-0.098,0.826,-0.126,0.948,-0.046,0.850,7753338,5021249,12035709,25549175,160,55,105
FL,2012,FL2012,FL5,-0.090,0.770,-0.070,0.723,-0.038,0.793,2094577,1474166,3353488,7137486,40,14,26
FL,2014,FL2014,FL5,-0.090,0.770,-0.070,0.723,-0.038,0.793,2094577,1474166,3353488,7137486,40,14,26
FL,2016,FL2016,FL5.1,-0.048,0.526,-0.036,0.432,-0.011,0.319,4765538,3870001,8184764,17271077,80,32,48
FL,2018,FL2018,FL5.1,-0.048,0.526,-0.036,0.432,-0.011,0.319,4765538,3870001,8184764,17271077,80,32,48
GA,1972,GA1972,GA1,0.004,0.038,0.137,0.972,0.034,0.775,1332561,1242147,3660912,5149416,224,207,17
GA,1974,GA1974,GA1,0.004,0.038,0.137,0.972,0.034,0.775,1332561,1242147,3660912,5149416,224,207,17
GA,1976,GA1976,GA1,0.004,0.038,0.137,0.972,0.034,0.775,1332561,1242147,3660912,5149416,224,207,17
GA,1978,GA1978,GA1,0.004,0.038,0.137,0.972,0.034,0.775,1332561,1242147,3660912,5149416,224,207,17
GA,1980,GA1980,GA1,0.004,0.038,0.137,0.972,0.034,0.775,1332561,1242147,3660912,5149416,224,207,17
GA,1982,GA1982,GA2,0.097,0.808,0.142,0.981,0.050,0.859,1369079,1881437,3956011,6501033,224,183,41
GA,1984,GA1984,GA2,0.097,0.808,0.142,0.981,0.050,0.859,1369079,1881437,3956011,6501033,224,183,41
GA,1986,GA1986,GA2,0.097,0.808,0.142,0.981,0.050,0.859,1369079,1881437,3956011,6501033,224,183,41
GA,1988,GA1988,GA2,0.097,0.808,0.142,0.981,0.050,0.859,1369079,1881437,3956011,6501033,224,183,41
GA,1990,GA1990,GA2,0.097,0.808,0.142,0.981,0.050,0.859,1369079,1881437,3956011,6501033,224,183,41
GA,1992,GA1992,GA3,0.038,0.408,0.032,0.371,0.024,0.601,1890808,2004853,4131462,7791323,224,135,89
GA,1994,GA1994,GA3,0.038,0.408,0.032,0.371,0.024,0.601,1890808,2004853,4131462,7791323,224,135,89
GA,1996,GA1996,GA3,0.038,0.408,0.032,0.371,0.024,0.601,1890808,2004853,4131462,7791323,224,135,89
GA,1998,GA1998,GA3,0.038,0.408,0.032,0.371,0.024,0.601,1890808,2004853,4131462,7791323,224,135,89
GA,2000,GA2000,GA3,0.038,0.408,0.032,0.371,0.024,0.601,1890808,2004853,4131462,7791323,224,135,89
GA,2002,GA2002,GA4,-0.036,0.380,-0.104,0.901,-0.090,0.977,2393434,1922880,4008605,8632629,168,65,103
GA,2006,GA2006,GA4,-0.036,0.380,-0.104,0.901,-0.090,0.977,2393434,1922880,4008605,8632629,168,65,103
GA,2008,GA2008,GA4,-0.036,0.380,-0.104,0.901,-0.090,0.977,2393434,1922880,4008605,8632629,168,65,103
GA,2010,GA2010,GA4,-0.036,0.380,-0.104,0.901,-0.090,0.977,2393434,1922880,4008605,8632629,168,65,103
GA,2012,GA2012,GA5,-0.097,0.817,-0.146,0.991,-0.092,0.981,2051954,1355078,3256661,6814065,112,39,73
GA,2014,GA2014,GA5,-0.097,0.817,-0.146,0.991,-0.092,0.981,2051954,1355078,3256661,6814065,112,39,73
GA,2018,GA2018,GA5,-0.097,0.817,-0.146,0.991,-0.092,0.981,2051954,1355078,3256661,6814065,112,39,73
HI,1992,HI1992,HI3,0.140,0.925,0.049,0.563,0.018,0.488,273153,461109,931395,1468523,100,91,9
HI,1994,HI1994,HI3,0.140,0.925,0.049,0.563,0.018,0.488,273153,461109,931395,1468523,100,91,9
HI,1996,HI1996,HI3,0.140,0.925,0.049,0.563,0.018,0.488,273153,461109,931395,1468523,100,91,9
HI,1998,HI1998,HI3,0.140,0.925,0.049,0.563,0.018,0.488,273153,461109,931395,1468523,100,91,9
HI,2000,HI2000,HI3,0.140,0.925,0.049,0.563,0.018,0.488,273153,461109,931395,1468523,100,91,9
HI,2002,HI2002,HI4,0.084,0.723,0.049,0.559,0.017,0.451,321344,446822,979897,1536332,100,86,14
HI,2004,HI2004,HI4,0.084,0.723,0.049,0.559,0.017,0.451,321344,446822,979897,1536332,100,86,14
HI,2006,HI2006,HI4,0.084,0.723,0.049,0.559,0.017,0.451,321344,446822,979897,1536332,100,86,14
HI,2008,HI2008,HI4,0.084,0.723,0.049,0.559,0.017,0.451,321344,446822,979897,1536332,100,86,14
HI,2010,HI2010,HI4,0.084,0.723,0.049,0.559,0.017,0.451,321344,446822,979897,1536332,100,86,14
HI,2012,HI2012,HI5,0.091,0.784,0.058,0.657,0.016,0.423,242488,344200,810619,1173376,75,73,2
HI,2014,HI2014,HI5,0.091,0.784,0.058,0.657,0.016,0.423,242488,344200,810619,1173376,75,73,2
HI,2016,HI2016,HI5,0.091,0.784,0.058,0.657,0.016,0.423,242488,344200,810619,1173376,75,73,2
HI,2018,HI2018,HI5,0.091,0.784,0.058,0.657,0.016,0.423,242488,344200,810619,1173376,75,73,2
IA,1972,IA1972,IA1,-0.006,0.052,-0.021,0.268,-0.005,0.155,1030135,982299,2005900,4024868,200,98,102
IA,1974,IA1974,IA1,-0.006,0.052,-0.021,0.268,-0.005,0.155,1030135,982299,2005900,4024868,200,98,102
IA,1976,IA1976,IA1,-0.006,0.052,-0.021,0.268,-0.005,0.155,1030135,982299,2005900,4024868,200,98,102
IA,1978,IA1978,IA1,-0.006,0.052,-0.021,0.268,-0.005,0.155,1030135,982299,2005900,4024868,200,98,102
IA,1980,IA1980,IA1,-0.006,0.052,-0.021,0.268,-0.005,0.155,1030135,982299,2005900,4024868,200,98,102
IA,1982,IA1982,IA2,0.042,0.451,0.010,0.136,0.001,0.038,992817,1153803,2249173,4293240,200,118,82
IA,1984,IA1984,IA2,0.042,0.451,0.010,0.136,0.001,0.038,992817,1153803,2249173,4293240,200,118,82
IA,1986,IA1986,IA2,0.042,0.451,0.010,0.136,0.001,0.038,992817,1153803,2249173,4293240,200,118,82
IA,1988,IA1988,IA2,0.042,0.451,0.010,0.136,0.001,0.038,992817,1153803,2249173,4293240,200,118,82
IA,1990,IA1990,IA2,0.042,0.451,0.010,0.136,0.001,0.038,992817,1153803,2249173,4293240,200,118,82
IA,1992,IA1992,IA3,-0.007,0.061,-0.005,0.061,0.003,0.099,1159399,1042001,2063689,4402799,200,86,114
IA,1994,IA1994,IA3,-0.007,0.061,-0.005,0.061,0.003,0.099,1159399,1042001,2063689,4402799,200,86,114
IA,1996,IA1996,IA3,-0.007,0.061,-0.005,0.061,0.003,0.099,1159399,1042001,2063689,4402799,200,86,114
IA,1998,IA1998,IA3,-0.007,0.061,-0.005,0.061,0.003,0.099,1159399,1042001,2063689,4402799,200,86,114
IA,2000,IA2000,IA3,-0.007,0.061,-0.005,0.061,0.003,0.099,1159399,1042001,2063689,4402799,200,86,114
IA,2002,IA2002,IA4,0.047,0.493,-0.025,0.305,-0.010,0.268,1203206,1300184,2550396,5006779,200,113,87
IA,2004,IA2004,IA4,0.047,0.493,-0.025,0.305,-0.010,0.268,1203206,1300184,2550396,5006779,200,113,87
IA,2006,IA2006,IA4,0.047,0.493,-0.025,0.305,-0.010,0.268,1203206,1300184,2550396,5006779,200,113,87
IA,2008,IA2008,IA4,0.047,0.493,-0.025,0.305,-0.010,0.268,1203206,1300184,2550396,5006779,200,113,87
IA,2010,IA2010,IA4,0.047,0.493,-0.025,0.305,-0.010,0.268,1203206,1300184,2550396,5006779,200,113,87
IA,2012,IA2012,IA5,-0.031,0.333,-0.034,0.404,-0.010,0.277,1102733,906400,1926286,4018266,150,64,86
IA,2014,IA2014,IA5,-0.031,0.333,-0.034,0.404,-0.010,0.277,1102733,906400,1926286,4018266,150,64,86
IA,2016,IA2016,IA5,-0.031,0.333,-0.034,0.404,-0.010,0.277,1102733,906400,1926286,4018266,150,64,86
IA,2018,IA2018,IA5,-0.031,0.333,-0.034,0.404,-0.010,0.277,1102733,906400,1926286,4018266,150,64,86
ID,1972,ID1972,ID1.1,-0.018,0.207,-0.026,0.319,-0.008,0.230,271822,237297,471957,1018237,105,43,62
ID,1974,ID1974,ID1,-0.102,0.831,-0.079,0.761,-0.042,0.822,75812,47099,123118,245821,35,14,21
ID,1976,ID1976,ID1.1,-0.018,0.207,-0.026,0.319,-0.008,0.230,271822,237297,471957,1018237,105,43,62
ID,1978,ID1978,ID1.1,-0.018,0.207,-0.026,0.319,-0.008,0.230,271822,237297,471957,1018237,105,43,62
ID,1980,ID1980,ID1.1,-0.018,0.207,-0.026,0.319,-0.008,0.230,271822,237297,471957,1018237,105,43,62
ID,1982,ID1982,ID2,-0.024,0.258,-0.040,0.469,-0.018,0.502,1006046,937183,1817007,3886459,168,70,98
ID,1984,ID1984,ID2,-0.024,0.258,-0.040,0.469,-0.018,0.502,1006046,937183,1817007,3886459,168,70,98
ID,1986,ID1986,ID2,-0.024,0.258,-0.040,0.469,-0.018,0.502,1006046,937183,1817007,3886459,168,70,98
ID,1988,ID1988,ID2,-0.024,0.258,-0.040,0.469,-0.018,0.502,1006046,937183,1817007,3886459,168,70,98
ID,1990,ID1990,ID2,-0.024,0.258,-0.040,0.469,-0.018,0.502,1006046,937183,1817007,3886459,168,70,98
ID,1992,ID1992,ID3,-0.081,0.695,-0.090,0.836,-0.026,0.624,512790,373193,637455,1771966,140,20,120
ID,1994,ID1994,ID3,-0.081,0.695,-0.090,0.836,-0.026,0.624,512790,373193,637455,1771966,140,20,120
ID,1996,ID1996,ID3,-0.081,0.695,-0.090,0.836,-0.026,0.624,512790,373193,637455,1771966,140,20,120
ID,1998,ID1998,ID3,-0.081,0.695,-0.090,0.836,-0.026,0.624,512790,373193,637455,1771966,140,20,120
ID,2000,ID2000,ID3,-0.081,0.695,-0.090,0.836,-0.026,0.624,512790,373193,637455,1771966,140,20,120
ID,2002,ID2002,ID4,-0.048,0.521,-0.129,0.958,-0.044,0.831,557714,470381,770757,2056189,140,28,112
ID,2004,ID2004,ID4,-0.048,0.521,-0.129,0.958,-0.044,0.831,557714,470381,770757,2056189,140,28,112
ID,2006,ID2006,ID4,-0.048,0.521,-0.129,0.958,-0.044,0.831,557714,470381,770757,2056189,140,28,112
ID,2008,ID2008,ID4,-0.048,0.521,-0.129,0.958,-0.044,0.831,557714,470381,770757,2056189,140,28,112
ID,2010,ID2010,ID4,-0.048,0.521,-0.129,0.958,-0.044,0.831,557714,470381,770757,2056189,140,28,112
ID,2012,ID2012,ID5,-0.031,0.329,-0.136,0.967,-0.045,0.836,453069,412007,621981,1730151,105,20,85
ID,2014,ID2014,ID5,-0.031,0.329,-0.136,0.967,-0.045,0.836,453069,412007,621981,1730151,105,20,85
ID,2016,ID2016,ID5,-0.031,0.329,-0.136,0.967,-0.045,0.836,453069,412007,621981,1730151,105,20,85
ID,2018,ID2018,ID5,-0.031,0.329,-0.136,0.967,-0.045,0.836,453069,412007,621981,1730151,105,20,85
IL,1972,IL1972,IL1,-0.034,0.366,-0.080,0.770,-0.043,0.826,4346453,3344872,8347686,15382650,236,130,106
IL,1974,IL1974,IL1,-0.034,0.366,-0.080,0.770,-0.043,0.826,4346453,3344872,8347686,15382650,236,130,106
IL,1976,IL1976,IL1,-0.034,0.366,-0.080,0.770,-0.043,0.826,4346453,3344872,8347686,15382650,236,130,106
IL,1978,IL1978,IL1,-0.034,0.366,-0.080,0.770,-0.043,0.826,4346453,3344872,8347686,15382650,236,130,106
IL,1980,IL1980,IL1,-0.034,0.366,-0.080,0.770,-0.043,0.826,4346453,3344872,8347686,15382650,236,130,106
IL,1982,IL1982,IL2,-0.004,0.042,-0.013,0.183,-0.005,0.164,4144250,3782838,8159996,15854177,236,124,112
IL,1984,IL1984,IL2,-0.004,0.042,-0.013,0.183,-0.005,0.164,4144250,3782838,8159996,15854177,236,124,112
IL,1986,IL1986,IL2,-0.004,0.042,-0.013,0.183,-0.005,0.164,4144250,3782838,8159996,15854177,236,124,112
IL,1988,IL1988,IL2,-0.004,0.042,-0.013,0.183,-0.005,0.164,4144250,3782838,8159996,15854177,236,124,112
IL,1990,IL1990,IL2,-0.004,0.042,-0.013,0.183,-0.005,0.164,4144250,3782838,8159996,15854177,236,124,112
IL,1992,IL1992,IL3,-0.089,0.765,-0.096,0.859,-0.050,0.869,4747895,3145232,8355736,15786255,236,111,125
IL,1994,IL1994,IL3,-0.089,0.765,-0.096,0.859,-0.050,0.869,4747895,3145232,8355736,15786255,236,111,125
IL,1996,IL1996,IL3,-0.089,0.765,-0.096,0.859,-0.050,0.869,4747895,3145232,8355736,15786255,236,111,125
IL,1998,IL1998,IL3,-0.089,0.765,-0.096,0.859,-0.050,0.869,4747895,3145232,8355736,15786255,236,111,125
IL,2000,IL2000,IL3,-0.089,0.765,-0.096,0.859,-0.050,0.869,4747895,3145232,8355736,15786255,236,111,125
IL,2002,IL2002,IL4,-0.039,0.418,-0.033,0.390,-0.029,0.695,4973687,3879776,10013479,17706925,236,141,95
IL,2004,IL2004,IL4,-0.039,0.418,-0.033,0.390,-0.029,0.695,4973687,3879776,10013479,17706925,236,141,95
IL,2006,IL2006,IL4,-0.039,0.418,-0.033,0.390,-0.029,0.695,4973687,3879776,10013479,17706925,236,141,95
IL,2008,IL2008,IL4,-0.039,0.418,-0.033,0.390,-0.029,0.695,4973687,3879776,10013479,17706925,236,141,95
IL,2010,IL2010,IL4,-0.039,0.418,-0.033,0.390,-0.029,0.695,4973687,3879776,10013479,17706925,236,141,95
IL,2012,IL2012,IL5,0.023,0.249,-0.035,0.423,-0.019,0.526,3528345,3785261,8291780,14627211,177,116,61
IL,2014,IL2014,IL5,0.023,0.249,-0.035,0.423,-0.019,0.526,3528345,3785261,8291780,14627211,177,116,61
IL,2016,IL2016,IL5,0.023,0.249,-0.035,0.423,-0.019,0.526,3528345,3785261,8291780,14627211,177,116,61
IL,2018,IL2018,IL5,0.023,0.249,-0.035,0.423,-0.019,0.526,3528345,3785261,8291780,14627211,177,116,61
IN,1972,IN1972,IN1,-0.062,0.596,-0.066,0.700,-0.017,0.455,2203166,1467916,3665112,7342165,200,87,113
IN,1974,IN1974,IN1,-0.062,0.596,-0.066,0.700,-0.017,0.455,2203166,1467916,3665112,7342165,200,87,113
IN,1976,IN1976,IN1,-0.062,0.596,-0.066,0.700,-0.017,0.455,2203166,1467916,3665112,7342165,200,87,113
IN,1978,IN1978,IN1,-0.062,0.596,-0.066,0.700,-0.017,0.455,2203166,1467916,3665112,7342165,200,87,113
IN,1980,IN1980,IN1,-0.062,0.596,-0.066,0.700,-0.017,0.455,2203166,1467916,3665112,7342165,200,87,113
IN,1982,IN1982,IN2,-0.052,0.545,-0.065,0.690,-0.030,0.709,2129123,1569321,3665919,7396889,200,88,112
IN,1984,IN1984,IN2,-0.052,0.545,-0.065,0.690,-0.030,0.709,2129123,1569321,3665919,7396889,200,88,112
IN,1986,IN1986,IN2,-0.052,0.545,-0.065,0.690,-0.030,0.709,2129123,1569321,3665919,7396889,200,88,112
IN,1988,IN1988,IN2,-0.052,0.545,-0.065,0.690,-0.030,0.709,2129123,1569321,3665919,7396889,200,88,112
IN,1990,IN1990,IN2,-0.052,0.545,-0.065,0.690,-0.030,0.709,2129123,1569321,3665919,7396889,200,88,112
IN,1992,IN1992,IN3,-0.028,0.291,-0.092,0.850,-0.055,0.906,1937350,1652022,3278551,7178743,200,77,123
IN,1994,IN1994,IN3,-0.028,0.291,-0.092,0.850,-0.055,0.906,1937350,1652022,3278551,7178743,200,77,123
IN,1996,IN1996,IN3,-0.028,0.291,-0.092,0.850,-0.055,0.906,1937350,1652022,3278551,7178743,200,77,123
IN,1998,IN1998,IN3,-0.028,0.291,-0.092,0.850,-0.055,0.906,1937350,1652022,3278551,7178743,200,77,123
IN,2000,IN2000,IN3,-0.028,0.291,-0.092,0.850,-0.055,0.906,1937350,1652022,3278551,7178743,200,77,123
IN,2002,IN2002,IN4,-0.108,0.859,-0.114,0.920,-0.053,0.892,2523398,1582825,3811091,8212447,200,64,136
IN,2004,IN2004,IN4,-0.108,0.859,-0.114,0.920,-0.053,0.892,2523398,1582825,3811091,8212447,200,64,136
IN,2006,IN2006,IN4,-0.108,0.859,-0.114,0.920,-0.053,0.892,2523398,1582825,3811091,8212447,200,64,136
IN,2008,IN2008,IN4,-0.108,0.859,-0.114,0.920,-0.053,0.892,2523398,1582825,3811091,8212447,200,64,136
IN,2010,IN2010,IN4,-0.108,0.859,-0.114,0.920,-0.053,0.892,2523398,1582825,3811091,8212447,200,64,136
IN,2012,IN2012,IN5,-0.152,0.962,-0.120,0.944,-0.041,0.812,2104883,1173629,2778159,6557024,150,29,121
IN,2014,IN2014,IN5,-0.152,0.962,-0.120,0.944,-0.041,0.812,2104883,1173629,2778159,6557024,150,29,121
IN,2016,IN2016,IN5,-0.152,0.962,-0.120,0.944,-0.041,0.812,2104883,1173629,2778159,6557024,150,29,121
IN,2018,IN2018,IN5,-0.152,0.962,-0.120,0.944,-0.041,0.812,2104883,1173629,2778159,6557024,150,29,121
KS,1974,KS1974,KS1.1,-0.009,0.094,-0.027,0.324,-0.008,0.244,764476,656135,1316235,2841222,120,50,70
KS,1976,KS1976,KS1,-0.033,0.352,-0.052,0.592,-0.013,0.371,241165,213036,457719,908403,40,19,21
KS,1980,KS1980,KS1.1,-0.009,0.094,-0.027,0.324,-0.008,0.244,764476,656135,1316235,2841222,120,50,70
KS,1982,KS1982,KS1.1,-0.009,0.094,-0.027,0.324,-0.008,0.244,764476,656135,1316235,2841222,120,50,70
KS,1984,KS1984,KS1.1,-0.009,0.094,-0.027,0.324,-0.008,0.244,764476,656135,1316235,2841222,120,50,70
KS,1988,KS1988,KS1.1,-0.009,0.094,-0.027,0.324,-0.008,0.244,764476,656135,1316235,2841222,120,50,70
KS,1990,KS1990,KS3,-0.033,0.357,-0.069,0.718,-0.033,0.746,584184,468414,863648,2105196,80,23,57
KS,1996,KS1996,KS3,-0.033,0.357,-0.069,0.718,-0.033,0.746,584184,468414,863648,2105196,80,23,57
KS,2000,KS2000,KS3,-0.033,0.357,-0.069,0.718,-0.033,0.746,584184,468414,863648,2105196,80,23,57
KS,2002,KS2002,KS4,-0.089,0.761,-0.090,0.826,-0.034,0.770,706144,475657,976403,2363602,80,19,61
KS,2004,KS2004,KS4,-0.089,0.761,-0.090,0.826,-0.034,0.770,706144,475657,976403,2363602,80,19,61
KS,2008,KS2008,KS4,-0.089,0.761,-0.090,0.826,-0.034,0.770,706144,475657,976403,2363602,80,19,61
KS,2010,KS2010,KS5,-0.137,0.911,-0.016,0.216,0.004,0.117,758193,431085,1024687,2378556,80,18,62
KS,2016,KS2016,KS5,-0.137,0.911,-0.016,0.216,0.004,0.117,758193,431085,1024687,2378556,80,18,62
KS,2018,KS2018,KS5,-0.137,0.911,-0.016,0.216,0.004,0.117,758193,431085,1024687,2378556,80,18,62
KY,1972,KY1972,KY1,0.067,0.634,0.050,0.582,0.018,0.507,633580,767309,1690376,2801777,152,118,34
KY,1974,KY1974,KY1,0.067,0.634,0.050,0.582,0.018,0.507,633580,767309,1690376,2801777,152,118,34
KY,1976,KY1976,KY1,0.067,0.634,0.050,0.582,0.018,0.507,633580,767309,1690376,2801777,152,118,34
KY,1978,KY1978,KY1,0.067,0.634,0.050,0.582,0.018,0.507,633580,767309,1690376,2801777,152,118,34
KY,1980,KY1980,KY1,0.067,0.634,0.050,0.582,0.018,0.507,633580,767309,1690376,2801777,152,118,34
KY,1982,KY1982,KY2,0.103,0.840,0.086,0.784,0.032,0.742,760401,1159889,2196094,3840580,152,114,38
KY,1984,KY1984,KY2,0.103,0.840,0.086,0.784,0.032,0.742,760401,1159889,2196094,3840580,152,114,38
KY,1986,KY1986,KY2,0.103,0.840,0.086,0.784,0.032,0.742,760401,1159889,2196094,3840580,152,114,38
KY,1988,KY1988,KY2,0.103,0.840,0.086,0.784,0.032,0.742,760401,1159889,2196094,3840580,152,114,38
KY,1990,KY1990,KY2,0.103,0.840,0.086,0.784,0.032,0.742,760401,1159889,2196094,3840580,152,114,38
KY,1992,KY1992,KY3,0.000,0.009,-0.022,0.277,-0.008,0.225,791886,765734,1617934,3115241,114,62,52
KY,1996,KY1996,KY3,0.000,0.009,-0.022,0.277,-0.008,0.225,791886,765734,1617934,3115241,114,62,52
KY,1998,KY1998,KY3,0.000,0.009,-0.022,0.277,-0.008,0.225,791886,765734,1617934,3115241,114,62,52
KY,2000,KY2000,KY3,0.000,0.009,-0.022,0.277,-0.008,0.225,791886,765734,1617934,3115241,114,62,52
KY,2002,KY2002,KY4,-0.087,0.746,-0.042,0.498,-0.015,0.404,1578098,1147013,2657684,5450222,144,56,88
KY,2004,KY2004,KY4,-0.087,0.746,-0.042,0.498,-0.015,0.404,1578098,1147013,2657684,5450222,144,56,88
KY,2006,KY2006,KY4,-0.087,0.746,-0.042,0.498,-0.015,0.404,1578098,1147013,2657684,5450222,144,56,88
KY,2008,KY2008,KY4,-0.087,0.746,-0.042,0.498,-0.015,0.404,1578098,1147013,2657684,5450222,144,56,88
KY,2010,KY2010,KY4,-0.087,0.746,-0.042,0.498,-0.015,0.404,1578098,1147013,2657684,5450222,144,56,88
KY,2012,KY2012,KY5,-0.113,0.873,-0.098,0.878,-0.027,0.643,1265005,832703,1819281,4195415,114,27,87
KY,2014,KY2014,KY5,-0.113,0.873,-0.098,0.878,-0.027,0.643,1265005,832703,1819281,4195415,114,27,87
KY,2016,KY2016,KY5,-0.113,0.873,-0.098,0.878,-0.027,0.643,1265005,832703,1819281,4195415,114,27,87
KY,2018,KY2018,KY5,-0.113,0.873,-0.098,0.878,-0.027,0.643,1265005,832703,1819281,4195415,114,27,87
MD,1974,MD1974,MD1,0.044,0.469,0.081,0.775,0.035,0.779,461298,518684,1270195,1959965,94,79,15
MD,1978,MD1978,MD1,0.044,0.469,0.081,0.775,0.035,0.779,461298,518684,1270195,1959965,94,79,15
MD,1982,MD1982,MD2,0.067,0.638,0.008,0.089,-0.011,0.291,499892,601101,1411801,2201986,94,80,14
MD,1986,MD1986,MD2,0.067,0.638,0.008,0.089,-0.011,0.291,499892,601101,1411801,2201986,94,80,14
MD,1990,MD1990,MD2,0.067,0.638,0.008,0.089,-0.011,0.291,499892,601101,1411801,2201986,94,80,14
MD,1994,MD1994,MD3,-0.009,0.080,0.047,0.540,0.032,0.737,789054,691747,1765796,2961602,94,64,30
MD,1998,MD1998,MD3,-0.009,0.080,0.047,0.540,0.032,0.737,789054,691747,1765796,2961602,94,64,30
MD,2002,MD2002,MD4,-0.021,0.235,0.038,0.446,0.023,0.582,1022083,862388,2345770,3768942,94,68,26
MD,2006,MD2006,MD4,-0.021,0.235,0.038,0.446,0.023,0.582,1022083,862388,2345770,3768942,94,68,26
MD,2010,MD2010,MD4,-0.021,0.235,0.038,0.446,0.023,0.582,1022083,862388,2345770,3768942,94,68,26
MD,2014,MD2014,MD5,-0.038,0.413,0.053,0.606,0.045,0.840,1167217,909546,2567802,4153526,94,65,29
MD,2018,MD2018,MD5,-0.038,0.413,0.053,0.606,0.045,0.840,1167217,909546,2567802,4153526,94,65,29
ME,1972,ME1972,ME1,-0.079,0.690,-0.056,0.634,-0.026,0.620,469950,354783,819885,1649466,132,55,77
ME,1974,ME1974,ME1,-0.079,0.690,-0.056,0.634,-0.026,0.620,469950,354783,819885,1649466,132,55,77
ME,1976,ME1976,ME1,-0.079,0.690,-0.056,0.634,-0.026,0.620,469950,354783,819885,1649466,132,55,77
ME,1978,ME1978,ME1,-0.079,0.690,-0.056,0.634,-0.026,0.620,469950,354783,819885,1649466,132,55,77
ME,1980,ME1980,ME1,-0.079,0.690,-0.056,0.634,-0.026,0.620,469950,354783,819885,1649466,132,55,77
ME,1982,ME1982,ME2,0.044,0.479,0.045,0.521,0.021,0.568,466353,542936,1081014,2018577,140,86,54
ME,1984,ME1984,ME2,0.044,0.479,0.045,0.521,0.021,0.568,466353,542936,1081014,2018577,140,86,54
ME,1986,ME1986,ME2,0.044,0.479,0.045,0.521,0.021,0.568,466353,542936,1081014,2018577,140,86,54
ME,1988,ME1988,ME2,0.044,0.479,0.045,0.521,0.021,0.568,466353,542936,1081014,2018577,140,86,54
ME,1990,ME1990,ME2,0.044,0.479,0.045,0.521,0.021,0.568,466353,542936,1081014,2018577,140,86,54
ME,1992,ME1992,ME3,-0.024,0.268,-0.013,0.169,-0.006,0.178,552032,487169,1091507,2078402,140,74,66
ME,1994,ME1994,ME3,-0.024,0.268,-0.013,0.169,-0.006,0.178,552032,487169,1091507,2078402,140,74,66
ME,1996,ME1996,ME3,-0.024,0.268,-0.013,0.169,-0.006,0.178,552032,487169,1091507,2078402,140,74,66
ME,1998,ME1998,ME3,-0.024,0.268,-0.013,0.169,-0.006,0.178,552032,487169,1091507,2078402,140,74,66
ME,2000,ME2000,ME3,-0.024,0.268,-0.013,0.169,-0.006,0.178,552032,487169,1091507,2078402,140,74,66
ME,2002,ME2002,ME4,-0.034,0.371,-0.032,0.357,-0.005,0.146,668207,569543,1283444,2475500,140,70,70
ME,2004,ME2004,ME4,-0.034,0.371,-0.032,0.357,-0.005,0.146,668207,569543,1283444,2475500,140,70,70
ME,2006,ME2006,ME4,-0.034,0.371,-0.032,0.357,-0.005,0.146,668207,569543,1283444,2475500,140,70,70
ME,2008,ME2008,ME4,-0.034,0.371,-0.032,0.357,-0.005,0.146,668207,569543,1283444,2475500,140,70,70
ME,2010,ME2010,ME4,-0.034,0.371,-0.032,0.357,-0.005,0.146,668207,569543,1283444,2475500,140,70,70
ME,2012,ME2012,ME5,-0.007,0.056,0.000,0.014,0.005,0.160,481963,487095,980176,1938115,105,53,52
ME,2014,ME2014,ME5,-0.007,0.056,0.000,0.014,0.005,0.160,481963,487095,980176,1938115,105,53,52
ME,2016,ME2016,ME5,-0.007,0.056,0.000,0.014,0.005,0.160,481963,487095,980176,1938115,105,53,52
ME,2018,ME2018,ME5,-0.007,0.056,0.000,0.014,0.005,0.160,481963,487095,980176,1938115,105,53,52
MI,1974,MI1974,MI1,0.011,0.122,0.020,0.249,0.015,0.408,1382679,1210861,2899978,5187081,76,48,28
MI,1978,MI1978,MI1,0.011,0.122,0.020,0.249,0.015,0.408,1382679,1210861,2899978,5187081,76,48,28
MI,1982,MI1982,MI2,-0.090,0.775,-0.055,0.629,-0.069,0.948,1471289,966466,2589916,4875512,76,36,40
MI,1986,MI1986,MI2,-0.090,0.775,-0.055,0.629,-0.069,0.948,1471289,966466,2589916,4875512,76,36,40
MI,1990,MI1990,MI2,-0.090,0.775,-0.055,0.629,-0.069,0.948,1471289,966466,2589916,4875512,76,36,40
MI,1994,MI1994,MI3,-0.027,0.282,-0.084,0.779,-0.070,0.953,1667830,1276141,2753320,5887942,76,31,45
MI,1998,MI1998,MI3,-0.027,0.282,-0.084,0.779,-0.070,0.953,1667830,1276141,2753320,5887942,76,31,45
MI,2002,MI2002,MI4,-0.117,0.887,-0.120,0.939,-0.064,0.939,2241555,1112883,3373093,6708876,76,29,47
MI,2006,MI2006,MI4,-0.117,0.887,-0.120,0.939,-0.064,0.939,2241555,1112883,3373093,6708876,76,29,47
MI,2010,MI2010,MI4,-0.117,0.887,-0.120,0.939,-0.064,0.939,2241555,1112883,3373093,6708876,76,29,47
MI,2014,MI2014,MI5,-0.150,0.958,-0.157,0.995,-0.067,0.944,2355119,1180586,3566104,7071410,76,27,49
MI,2018,MI2018,MI5,-0.150,0.958,-0.157,0.995,-0.067,0.944,2355119,1180586,3566104,7071410,76,27,49
MN,1974,MN1974,MN1,0.102,0.836,0.022,0.272,0.003,0.080,763983,1068718,2012701,3665402,134,94,40
MN,1976,MN1976,MN1,0.102,0.836,0.022,0.272,0.003,0.080,763983,1068718,2012701,3665402,134,94,40
MN,1980,MN1980,MN1,0.102,0.836,0.022,0.272,0.003,0.080,763983,1068718,2012701,3665402,134,94,40
MN,1982,MN1982,MN2,0.082,0.700,0.032,0.366,0.011,0.315,697691,887938,1763643,3171259,134,93,41
MN,1986,MN1986,MN2,0.082,0.700,0.032,0.366,0.011,0.315,697691,887938,1763643,3171259,134,93,41
MN,1990,MN1990,MN2,0.082,0.700,0.032,0.366,0.011,0.315,697691,887938,1763643,3171259,134,93,41
MN,1992,MN1992,MN3,0.042,0.460,0.020,0.254,0.017,0.460,1052111,1110299,2315832,4324820,134,82,52
MN,1996,MN1996,MN3,0.042,0.460,0.020,0.254,0.017,0.460,1052111,1110299,2315832,4324820,134,82,52
MN,2000,MN2000,MN3,0.042,0.460,0.020,0.254,0.017,0.460,1052111,1110299,2315832,4324820,134,82,52
MN,2002,MN2002,MN4,-0.015,0.160,-0.053,0.601,-0.029,0.700,1130548,945254,2217302,4151602,134,74,60
MN,2006,MN2006,MN4,-0.015,0.160,-0.053,0.601,-0.029,0.700,1130548,945254,2217302,4151602,134,74,60
MN,2010,MN2010,MN4,-0.015,0.160,-0.053,0.601,-0.029,0.700,1130548,945254,2217302,4151602,134,74,60
MN,2012,MN2012,MN5,-0.040,0.437,-0.045,0.512,-0.011,0.324,1515569,1285641,2892101,5602419,134,66,68
MN,2016,MN2016,MN5,-0.040,0.437,-0.045,0.512,-0.011,0.324,1515569,1285641,2892101,5602419,134,66,68
MN,2018,MN2018,MN5,-0.040,0.437,-0.045,0.512,-0.011,0.324,1515569,1285641,2892101,5602419,134,66,68
MO,1972,MO1972,MO1,0.013,0.136,0.011,0.146,0.001,0.023,1796840,1601399,4002174,6796477,136,94,42
MO,1974,MO1974,MO1,0.013,0.136,0.011,0.146,0.001,0.023,1796840,1601399,4002174,6796477,136,94,42
MO,1976,MO1976,MO1,0.013,0.136,0.011,0.146,0.001,0.023,1796840,1601399,4002174,6796477,136,94,42
MO,1978,MO1978,MO1,0.013,0.136,0.011,0.146,0.001,0.023,1796840,1601399,4002174,6796477,136,94,42
MO,1980,MO1980,MO1,0.013,0.136,0.011,0.146,0.001,0.023,1796840,1601399,4002174,6796477,136,94,42
MO,1982,MO1982,MO2,0.016,0.174,0.049,0.573,0.018,0.484,1796573,1777319,4015882,7147785,136,87,49
MO,1984,MO1984,MO2,0.016,0.174,0.049,0.573,0.018,0.484,1796573,1777319,4015882,7147785,136,87,49
MO,1986,MO1986,MO2,0.016,0.174,0.049,0.573,0.018,0.484,1796573,1777319,4015882,7147785,136,87,49
MO,1988,MO1988,MO2,0.016,0.174,0.049,0.573,0.018,0.484,1796573,1777319,4015882,7147785,136,87,49
MO,1990,MO1990,MO2,0.016,0.174,0.049,0.573,0.018,0.484,1796573,1777319,4015882,7147785,136,87,49
MO,1992,MO1992,MO3,-0.017,0.188,-0.068,0.709,-0.025,0.615,2132831,1867332,4214656,8000328,136,73,63
MO,1994,MO1994,MO3,-0.017,0.188,-0.068,0.709,-0.025,0.615,2132831,1867332,4214656,8000328,136,73,63
MO,1996,MO1996,MO3,-0.017,0.188,-0.068,0.709,-0.025,0.615,2132831,1867332,4214656,8000328,136,73,63
MO,1998,MO1998,MO3,-0.017,0.188,-0.068,0.709,-0.025,0.615,2132831,1867332,4214656,8000328,136,73,63
MO,2000,MO2000,MO3,-0.017,0.188,-0.068,0.709,-0.025,0.615,2132831,1867332,4214656,8000328,136,73,63
MO,2002,MO2002,MO4,-0.140,0.920,-0.114,0.915,-0.033,0.756,3141307,1704625,4630682,9691864,136,43,93
MO,2004,MO2004,MO4,-0.140,0.920,-0.114,0.915,-0.033,0.756,3141307,1704625,4630682,9691864,136,43,93
MO,2006,MO2006,MO4,-0.140,0.920,-0.114,0.915,-0.033,0.756,3141307,1704625,4630682,9691864,136,43,93
MO,2008,MO2008,MO4,-0.140,0.920,-0.114,0.915,-0.033,0.756,3141307,1704625,4630682,9691864,136,43,93
MO,2010,MO2010,MO4,-0.140,0.920,-0.114,0.915,-0.033,0.756,3141307,1704625,4630682,9691864,136,43,93
MO,2012,MO2012,MO5,-0.137,0.915,-0.089,0.808,-0.041,0.817,2118817,1308354,3093830,6854343,102,27,75
MO,2014,MO2014,MO5,-0.137,0.915,-0.089,0.808,-0.041,0.817,2118817,1308354,3093830,6854343,102,27,75
MO,2016,MO2016,MO5,-0.137,0.915,-0.089,0.808,-0.041,0.817,2118817,1308354,3093830,6854343,102,27,75
MO,2018,MO2018,MO5,-0.137,0.915,-0.089,0.808,-0.041,0.817,2118817,1308354,3093830,6854343,102,27,75
MS,1983,MS1983,MS2,0.162,0.981,-0.002,0.028,0.006,0.188,229044,436755,833759,1331598,104,95,9
MS,1987,MS1987,MS2,0.162,0.981,-0.002,0.028,0.006,0.188,229044,436755,833759,1331598,104,95,9
MS,1991,MS1991,MS3,-0.003,0.033,0.031,0.352,0.020,0.554,399457,398908,924127,1596729,104,68,36
MS,1995,MS1995,MS3,-0.003,0.033,0.031,0.352,0.020,0.554,399457,398908,924127,1596729,104,68,36
MS,1999,MS1999,MS3,-0.003,0.033,0.031,0.352,0.020,0.554,399457,398908,924127,1596729,104,68,36
MS,2003,MS2003,MS4,0.012,0.127,0.005,0.070,0.002,0.052,392556,413642,843566,1612397,104,58,46
MS,2007,MS2007,MS4,0.012,0.127,0.005,0.070,0.002,0.052,392556,413642,843566,1612397,104,58,46
MT,1972,MT1972,MT1,0.038,0.404,0.015,0.197,0.007,0.207,277971,297470,551580,1150881,200,100,100
MT,1974,MT1974,MT1,0.038,0.404,0.015,0.197,0.007,0.207,277971,297470,551580,1150881,200,100,100
MT,1976,MT1976,MT1,0.038,0.404,0.015,0.197,0.007,0.207,277971,297470,551580,1150881,200,100,100
MT,1978,MT1978,MT1,0.038,0.404,0.015,0.197,0.007,0.207,277971,297470,551580,1150881,200,100,100
MT,1980,MT1980,MT1,0.038,0.404,0.015,0.197,0.007,0.207,277971,297470,551580,1150881,200,100,100
MT,1982,MT1982,MT2,0.017,0.192,-0.009,0.103,-0.004,0.122,319248,319753,637600,1278001,200,102,98
MT,1984,MT1984,MT2,0.017,0.192,-0.009,0.103,-0.004,0.122,319248,319753,637600,1278001,200,102,98
MT,1986,MT1986,MT2,0.017,0.192,-0.009,0.103,-0.004,0.122,319248,319753,637600,1278001,200,102,98
MT,1988,MT1988,MT2,0.017,0.192,-0.009,0.103,-0.004,0.122,319248,319753,637600,1278001,200,102,98
MT,1990,MT1990,MT2,0.017,0.192,-0.009,0.103,-0.004,0.122,319248,319753,637600,1278001,200,102,98
MT,1992,MT1992,MT3,-0.063,0.606,-0.057,0.638,-0.028,0.648,406593,298921,646961,1411026,200,70,130
MT,1994,MT1994,MT3,-0.063,0.606,-0.057,0.638,-0.028,0.648,406593,298921,646961,1411026,200,70,130
MT,1996,MT1996,MT3,-0.063,0.606,-0.057,0.638,-0.028,0.648,406593,298921,646961,1411026,200,70,130
MT,1998,MT1998,MT3,-0.063,0.606,-0.057,0.638,-0.028,0.648,406593,298921,646961,1411026,200,70,130
MT,2000,MT2000,MT3,-0.063,0.606,-0.057,0.638,-0.028,0.648,406593,298921,646961,1411026,200,70,130
MT,2002,MT2002,MT5,0.026,0.277,-0.005,0.075,0.006,0.183,263144,267768,455253,1061825,150,56,94
MT,2014,MT2014,MT5,0.026,0.277,-0.005,0.075,0.006,0.183,263144,267768,455253,1061825,150,56,94
MT,2016,MT2016,MT5,0.026,0.277,-0.005,0.075,0.006,0.183,263144,267768,455253,1061825,150,56,94
MT,2018,MT2018,MT5,0.026,0.277,-0.005,0.075,0.006,0.183,263144,267768,455253,1061825,150,56,94
NC,1972,NC1972,NC1,0.065,0.620,0.050,0.577,0.012,0.338,1659729,2051176,4962504,7421809,200,179,21
NC,1974,NC1974,NC1,0.065,0.620,0.050,0.577,0.012,0.338,1659729,2051176,4962504,7421809,200,179,21
NC,1976,NC1976,NC1,0.065,0.620,0.050,0.577,0.012,0.338,1659729,2051176,4962504,7421809,200,179,21
NC,1978,NC1978,NC1,0.065,0.620,0.050,0.577,0.012,0.338,1659729,2051176,4962504,7421809,200,179,21
NC,1980,NC1980,NC1,0.065,0.620,0.050,0.577,0.012,0.338,1659729,2051176,4962504,7421809,200,179,21
NC,1982,NC1982,NC2,0.144,0.939,0.115,0.925,0.038,0.798,1509732,2570365,4522051,8160193,200,151,49
NC,1984,NC1984,NC2,0.144,0.939,0.115,0.925,0.038,0.798,1509732,2570365,4522051,8160193,200,151,49
NC,1986,NC1986,NC2,0.144,0.939,0.115,0.925,0.038,0.798,1509732,2570365,4522051,8160193,200,151,49
NC,1988,NC1988,NC2,0.144,0.939,0.115,0.925,0.038,0.798,1509732,2570365,4522051,8160193,200,151,49
NC,1990,NC1990,NC2,0.144,0.939,0.115,0.925,0.038,0.798,1509732,2570365,4522051,8160193,200,151,49
NC,1992,NC1992,NC3,0.075,0.676,0.067,0.704,0.024,0.596,1923833,2420144,4595427,8687954,200,126,74
NC,1994,NC1994,NC3,0.075,0.676,0.067,0.704,0.024,0.596,1923833,2420144,4595427,8687954,200,126,74
NC,1996,NC1996,NC3,0.075,0.676,0.067,0.704,0.024,0.596,1923833,2420144,4595427,8687954,200,126,74
NC,1998,NC1998,NC3,0.075,0.676,0.067,0.704,0.024,0.596,1923833,2420144,4595427,8687954,200,126,74
NC,2000,NC2000,NC3,0.075,0.676,0.067,0.704,0.024,0.596,1923833,2420144,4595427,8687954,200,126,74
NC,2002,NC2002,NC4,0.021,0.230,0.014,0.188,0.006,0.192,2957581,3156315,6291206,12227792,200,109,91
NC,2004,NC2004,NC4,0.021,0.230,0.014,0.188,0.006,0.192,2957581,3156315,6291206,12227792,200,109,91
NC,2006,NC2006,NC4,0.021,0.230,0.014,0.188,0.006,0.192,2957581,3156315,6291206,12227792,200,109,91
NC,2008,NC2008,NC4,0.021,0.230,0.014,0.188,0.006,0.192,2957581,3156315,6291206,12227792,200,109,91
NC,2010,NC2010,NC4,0.021,0.230,0.014,0.188,0.006,0.192,2957581,3156315,6291206,12227792,200,109,91
NC,2012,NC2012,NC5,-0.160,0.967,-0.144,0.986,-0.061,0.930,2492218,1297132,3659152,7578700,100,31,69
NC,2014,NC2014,NC5,-0.160,0.967,-0.144,0.986,-0.061,0.930,2492218,1297132,3659152,7578700,100,31,69
NC,2016,NC2016,NC5,-0.160,0.967,-0.144,0.986,-0.061,0.930,2492218,1297132,3659152,7578700,100,31,69
NC,2018,NC2018,NC5.1,-0.091,0.779,-0.096,0.864,-0.041,0.803,1062314,774374,1856299,3673377,50,21,29
ND,1982,ND1982,ND2,0.014,0.150,0.007,0.085,0.002,0.066,270069,281860,563344,1103858,204,109,95
ND,1984,ND1984,ND2,0.014,0.150,0.007,0.085,0.002,0.066,270069,281860,563344,1103858,204,109,95
ND,1986,ND1986,ND2,0.014,0.150,0.007,0.085,0.002,0.066,270069,281860,563344,1103858,204,109,95
ND,1988,ND1988,ND2,0.014,0.150,0.007,0.085,0.002,0.066,270069,281860,563344,1103858,204,109,95
ND,1990,ND1990,ND2,0.014,0.150,0.007,0.085,0.002,0.066,270069,281860,563344,1103858,204,109,95
ND,1992,ND1992,ND3,-0.062,0.587,-0.015,0.207,-0.008,0.239,278149,214037,464570,984371,196,75,121
ND,1994,ND1994,ND3,-0.062,0.587,-0.015,0.207,-0.008,0.239,278149,214037,464570,984371,196,75,121
ND,1996,ND1996,ND3,-0.062,0.587,-0.015,0.207,-0.008,0.239,278149,214037,464570,984371,196,75,121
ND,1998,ND1998,ND3,-0.062,0.587,-0.015,0.207,-0.008,0.239,278149,214037,464570,984371,196,75,121
ND,2000,ND2000,ND3,-0.062,0.587,-0.015,0.207,-0.008,0.239,278149,214037,464570,984371,196,75,121
ND,2002,ND2002,ND4,-0.053,0.554,-0.023,0.286,-0.007,0.197,303319,219211,480232,1045060,188,69,119
ND,2004,ND2004,ND4,-0.053,0.554,-0.023,0.286,-0.007,0.197,303319,219211,480232,1045060,188,69,119
ND,2006,ND2006,ND4,-0.053,0.554,-0.023,0.286,-0.007,0.197,303319,219211,480232,1045060,188,69,119
ND,2008,ND2008,ND4,-0.053,0.554,-0.023,0.286,-0.007,0.197,303319,219211,480232,1045060,188,69,119
ND,2010,ND2010,ND4,-0.053,0.554,-0.023,0.286,-0.007,0.197,303319,219211,480232,1045060,188,69,119
ND,2012,ND2012,ND5,-0.042,0.446,-0.043,0.502,-0.029,0.685,240929,198085,343885,878028,141,34,107
ND,2014,ND2014,ND5,-0.042,0.446,-0.043,0.502,-0.029,0.685,240929,198085,343885,878028,141,34,107
ND,2016,ND2016,ND5,-0.042,0.446,-0.043,0.502,-0.029,0.685,240929,198085,343885,878028,141,34,107
ND,2018,ND2018,ND5,-0.042,0.446,-0.043,0.502,-0.029,0.685,240929,198085,343885,878028,141,34,107
NH,1972,NH1972,NH1,-0.010,0.099,-0.034,0.408,-0.018,0.474,303298,260863,549492,1128322,96,45,51
NH,1974,NH1974,NH1,-0.010,0.099,-0.034,0.408,-0.018,0.474,303298,260863,549492,1128322,96,45,51
NH,1976,NH1976,NH1,-0.010,0.099,-0.034,0.408,-0.018,0.474,303298,260863,549492,1128322,96,45,51
NH,1978,NH1978,NH1,-0.010,0.099,-0.034,0.408,-0.018,0.474,303298,260863,549492,1128322,96,45,51
NH,1980,NH1980,NH1,-0.010,0.099,-0.034,0.408,-0.018,0.474,303298,260863,549492,1128322,96,45,51
NH,1982,NH1982,NH2,-0.028,0.286,-0.059,0.671,-0.028,0.671,355275,304797,571833,1320144,96,33,63
NH,1984,NH1984,NH2,-0.028,0.286,-0.059,0.671,-0.028,0.671,355275,304797,571833,1320144,96,33,63
NH,1986,NH1986,NH2,-0.028,0.286,-0.059,0.671,-0.028,0.671,355275,304797,571833,1320144,96,33,63
NH,1988,NH1988,NH2,-0.028,0.286,-0.059,0.671,-0.028,0.671,355275,304797,571833,1320144,96,33,63
NH,1990,NH1990,NH2,-0.028,0.286,-0.059,0.671,-0.028,0.671,355275,304797,571833,1320144,96,33,63
NH,1992,NH1992,NH3,-0.023,0.244,-0.002,0.033,0.007,0.202,454370,384195,782466,1677130,96,39,57
NH,1994,NH1994,NH3,-0.023,0.244,-0.002,0.033,0.007,0.202,454370,384195,782466,1677130,96,39,57
NH,1996,NH1996,NH3,-0.023,0.244,-0.002,0.033,0.007,0.202,454370,384195,782466,1677130,96,39,57
NH,1998,NH1998,NH3,-0.023,0.244,-0.002,0.033,0.007,0.202,454370,384195,782466,1677130,96,39,57
NH,2000,NH2000,NH3,-0.023,0.244,-0.002,0.033,0.007,0.202,454370,384195,782466,1677130,96,39,57
NH,2002,NH2002,NH4,-0.044,0.484,0.001,0.023,0.011,0.296,581831,476686,1038389,2117035,96,42,54
NH,2004,NH2004,NH4,-0.044,0.484,0.001,0.023,0.011,0.296,581831,476686,1038389,2117035,96,42,54
NH,2006,NH2006,NH4,-0.044,0.484,0.001,0.023,0.011,0.296,581831,476686,1038389,2117035,96,42,54
NH,2008,NH2008,NH4,-0.044,0.484,0.001,0.023,0.011,0.296,581831,476686,1038389,2117035,96,42,54
NH,2010,NH2010,NH4,-0.044,0.484,0.001,0.023,0.011,0.296,581831,476686,1038389,2117035,96,42,54
NH,2012,NH2012,NH5,-0.033,0.362,-0.052,0.587,-0.023,0.587,474183,384705,864838,1717776,72,34,38
NH,2014,NH2014,NH5,-0.033,0.362,-0.052,0.587,-0.023,0.587,474183,384705,864838,1717776,72,34,38
NH,2016,NH2016,NH5,-0.033,0.362,-0.052,0.587,-0.023,0.587,474183,384705,864838,1717776,72,34,38
NH,2018,NH2018,NH5,-0.033,0.362,-0.052,0.587,-0.023,0.587,474183,384705,864838,1717776,72,34,38
NJ,1973,NJ1973,NJ1,0.074,0.667,-0.010,0.127,0.002,0.056,881045,1060465,2204868,3883019,80,57,23
NJ,1977,NJ1977,NJ1,0.074,0.667,-0.010,0.127,0.002,0.056,881045,1060465,2204868,3883019,80,57,23
NJ,1981,NJ1981,NJ1.1,0.047,0.512,0.032,0.357,0.018,0.498,812901,866153,1746526,3358108,80,47,33
NJ,1985,NJ1985,NJ1.1,0.047,0.512,0.032,0.357,0.018,0.498,812901,866153,1746526,3358108,80,47,33
NJ,1989,NJ1989,NJ1.1,0.047,0.512,0.032,0.357,0.018,0.498,812901,866153,1746526,3358108,80,47,33
NJ,1993,NJ1993,NJ2,-0.039,0.423,-0.090,0.822,-0.051,0.883,1344841,906261,2112148,4502202,80,32,48
NJ,1997,NJ1997,NJ2,-0.039,0.423,-0.090,0.822,-0.051,0.883,1344841,906261,2112148,4502202,80,32,48
NJ,2001,NJ2001,NJ3,0.044,0.465,0.015,0.202,0.017,0.465,787947,694470,1510704,2964835,80,45,35
NJ,2005,NJ2005,NJ3,0.044,0.465,0.015,0.202,0.017,0.465,787947,694470,1510704,2964835,80,45,35
NJ,2009,NJ2009,NJ3,0.044,0.465,0.015,0.202,0.017,0.465,787947,694470,1510704,2964835,80,45,35
NJ,2013,NJ2013,NJ4,0.040,0.432,0.033,0.385,0.032,0.728,1052898,946344,2149194,3998484,80,49,31
NJ,2017,NJ2017,NJ4,0.040,0.432,0.033,0.385,0.032,0.728,1052898,946344,2149194,3998484,80,49,31
NM,1972,NM1972,NM1,0.109,0.864,0.032,0.380,0.004,0.127,309323,455066,827200,1528776,168,117,51
NM,1974,NM1974,NM1,0.109,0.864,0.032,0.380,0.004,0.127,309323,455066,827200,1528776,168,117,51
NM,1976,NM1976,NM1,0.109,0.864,0.032,0.380,0.004,0.127,309323,455066,827200,1528776,168,117,51
NM,1978,NM1978,NM1,0.109,0.864,0.032,0.380,0.004,0.127,309323,455066,827200,1528776,168,117,51
NM,1980,NM1980,NM1,0.109,0.864,0.032,0.380,0.004,0.127,309323,455066,827200,1528776,168,117,51
NM,1982,NM1982,NM2,0.003,0.028,-0.008,0.094,-0.002,0.047,244525,243141,509795,975333,82,45,37
NM,1984,NM1984,NM2,0.003,0.028,-0.008,0.094,-0.002,0.047,244525,243141,509795,975333,82,45,37
NM,1988,NM1988,NM2,0.003,0.028,-0.008,0.094,-0.002,0.047,244525,243141,509795,975333,82,45,37
NM,1990,NM1990,NM3,0.050,0.535,0.041,0.484,0.033,0.761,260381,287140,565711,1095041,84,49,35
NM,1996,NM1996,NM3,0.050,0.535,0.041,0.484,0.033,0.761,260381,287140,565711,1095041,84,49,35
NM,2000,NM2000,NM3,0.050,0.535,0.041,0.484,0.033,0.761,260381,287140,565711,1095041,84,49,35
NM,2002,NM2002,NM4,-0.016,0.164,0.018,0.230,0.009,0.258,426026,379100,905311,1610252,84,51,33
NM,2004,NM2004,NM4,-0.016,0.164,0.018,0.230,0.009,0.258,426026,379100,905311,1610252,84,51,33
NM,2008,NM2008,NM4,-0.016,0.164,0.018,0.230,0.009,0.258,426026,379100,905311,1610252,84,51,33
NM,2010,NM2010,NM5,0.039,0.427,-0.002,0.038,-0.012,0.333,201864,232506,469178,868739,42,26,16
NM,2016,NM2016,NM5,0.039,0.427,-0.002,0.038,-0.012,0.333,201864,232506,469178,868739,42,26,16
NV,2012,NV2012,NV5,0.023,0.254,-0.024,0.296,-0.020,0.540,654447,642924,1326289,2594742,63,34,29
NV,2014,NV2014,NV5,0.023,0.254,-0.024,0.296,-0.020,0.540,654447,642924,1326289,2594742,63,34,29
NV,2016,NV2016,NV5,0.023,0.254,-0.024,0.296,-0.020,0.540,654447,642924,1326289,2594742,63,34,29
NV,2018,NV2018,NV5,0.023,0.254,-0.024,0.296,-0.020,0.540,654447,642924,1326289,2594742,63,34,29
NY,1972,NY1972,NY1,-0.056,0.568,-0.097,0.869,-0.102,0.991,6547306,3428550,9749178,19951712,240,101,139
NY,1974,NY1974,NY1,-0.056,0.568,-0.097,0.869,-0.102,0.991,6547306,3428550,9749178,19951712,240,101,139
NY,1976,NY1976,NY1,-0.056,0.568,-0.097,0.869,-0.102,0.991,6547306,3428550,9749178,19951712,240,101,139
NY,1978,NY1978,NY1,-0.056,0.568,-0.097,0.869,-0.102,0.991,6547306,3428550,9749178,19951712,240,101,139
NY,1980,NY1980,NY1,-0.056,0.568,-0.097,0.869,-0.102,0.991,6547306,3428550,9749178,19951712,240,101,139
NY,1982,NY1982,NY2,-0.047,0.507,-0.078,0.756,-0.113,0.995,5845059,3955676,9547475,19601469,244,105,139
NY,1984,NY1984,NY2,-0.047,0.507,-0.078,0.756,-0.113,0.995,5845059,3955676,9547475,19601469,244,105,139
NY,1986,NY1986,NY2,-0.047,0.507,-0.078,0.756,-0.113,0.995,5845059,3955676,9547475,19601469,244,105,139
NY,1988,NY1988,NY2,-0.047,0.507,-0.078,0.756,-0.113,0.995,5845059,3955676,9547475,19601469,244,105,139
NY,1990,NY1990,NY2,-0.047,0.507,-0.078,0.756,-0.113,0.995,5845059,3955676,9547475,19601469,244,105,139
NY,1992,NY1992,NY3,-0.085,0.728,-0.090,0.831,-0.128,1.000,6663645,3491698,10238699,20310685,244,102,142
NY,1994,NY1994,NY3,-0.085,0.728,-0.090,0.831,-0.128,1.000,6663645,3491698,10238699,20310685,244,102,142
NY,1996,NY1996,NY3,-0.085,0.728,-0.090,0.831,-0.128,1.000,6663645,3491698,10238699,20310685,244,102,142
NY,1998,NY1998,NY3,-0.085,0.728,-0.090,0.831,-0.128,1.000,6663645,3491698,10238699,20310685,244,102,142
NY,2000,NY2000,NY3,-0.085,0.728,-0.090,0.831,-0.128,1.000,6663645,3491698,10238699,20310685,244,102,142
NY,2002,NY2002,NY4,-0.112,0.869,-0.088,0.798,-0.099,0.986,7399925,3711539,12063245,22222928,248,117,131
NY,2004,NY2004,NY4,-0.112,0.869,-0.088,0.798,-0.099,0.986,7399925,3711539,12063245,22222928,248,117,131
NY,2006,NY2006,NY4,-0.112,0.869,-0.088,0.798,-0.099,0.986,7399925,3711539,12063245,22222928,248,117,131
NY,2008,NY2008,NY4,-0.112,0.869,-0.088,0.798,-0.099,0.986,7399925,3711539,12063245,22222928,248,117,131
NY,2010,NY2010,NY4,-0.112,0.869,-0.088,0.798,-0.099,0.986,7399925,3711539,12063245,22222928,248,117,131
NY,2012,NY2012,NY5,-0.106,0.850,-0.066,0.695,-0.088,0.972,5703039,3151304,10260045,17708687,189,103,86
NY,2014,NY2014,NY5,-0.106,0.850,-0.066,0.695,-0.088,0.972,5703039,3151304,10260045,17708687,189,103,86
NY,2016,NY2016,NY5,-0.106,0.850,-0.066,0.695,-0.088,0.972,5703039,3151304,10260045,17708687,189,103,86
NY,2018,NY2018,NY5,-0.106,0.850,-0.066,0.695,-0.088,0.972,5703039,3151304,10260045,17708687,189,103,86
OH,1972,OH1972,OH1,0.045,0.488,-0.028,0.333,-0.005,0.169,3216032,3219994,6579894,12872053,132,75,57
OH,1974,OH1974,OH1,0.045,0.488,-0.028,0.333,-0.005,0.169,3216032,3219994,6579894,12872053,132,75,57
OH,1976,OH1976,OH1,0.045,0.488,-0.028,0.333,-0.005,0.169,3216032,3219994,6579894,12872053,132,75,57
OH,1978,OH1978,OH1,0.045,0.488,-0.028,0.333,-0.005,0.169,3216032,3219994,6579894,12872053,132,75,57
OH,1980,OH1980,OH1,0.045,0.488,-0.028,0.333,-0.005,0.169,3216032,3219994,6579894,12872053,132,75,57
OH,1982,OH1982,OH2,-0.054,0.559,-0.057,0.653,-0.027,0.634,4403556,2862596,7108921,14532305,132,56,76
OH,1984,OH1984,OH2,-0.054,0.559,-0.057,0.653,-0.027,0.634,4403556,2862596,7108921,14532305,132,56,76
OH,1986,OH1986,OH2,-0.054,0.559,-0.057,0.653,-0.027,0.634,4403556,2862596,7108921,14532305,132,56,76
OH,1988,OH1988,OH2,-0.054,0.559,-0.057,0.653,-0.027,0.634,4403556,2862596,7108921,14532305,132,56,76
OH,1990,OH1990,OH2,-0.054,0.559,-0.057,0.653,-0.027,0.634,4403556,2862596,7108921,14532305,132,56,76
OH,1992,OH1992,OH3,-0.044,0.474,-0.078,0.751,-0.050,0.864,4494397,3045949,6899171,15080692,132,49,83
OH,1994,OH1994,OH3,-0.044,0.474,-0.078,0.751,-0.050,0.864,4494397,3045949,6899171,15080692,132,49,83
OH,1996,OH1996,OH3,-0.044,0.474,-0.078,0.751,-0.050,0.864,4494397,3045949,6899171,15080692,132,49,83
OH,1998,OH1998,OH3,-0.044,0.474,-0.078,0.751,-0.050,0.864,4494397,3045949,6899171,15080692,132,49,83
OH,2000,OH2000,OH3,-0.044,0.474,-0.078,0.751,-0.050,0.864,4494397,3045949,6899171,15080692,132,49,83
OH,2002,OH2002,OH4,-0.097,0.822,-0.107,0.911,-0.071,0.958,5783972,2976324,8220603,17520593,132,45,87
OH,2004,OH2004,OH4,-0.097,0.822,-0.107,0.911,-0.071,0.958,5783972,2976324,8220603,17520593,132,45,87
OH,2006,OH2006,OH4,-0.097,0.822,-0.107,0.911,-0.071,0.958,5783972,2976324,8220603,17520593,132,45,87
OH,2008,OH2008,OH4,-0.097,0.822,-0.107,0.911,-0.071,0.958,5783972,2976324,8220603,17520593,132,45,87
OH,2010,OH2010,OH4,-0.097,0.822,-0.107,0.911,-0.071,0.958,5783972,2976324,8220603,17520593,132,45,87
OH,2012,OH2012,OH5,-0.074,0.662,-0.139,0.977,-0.054,0.901,4045484,2376367,5524149,12843701,99,28,71
OH,2014,OH2014,OH5,-0.074,0.662,-0.139,0.977,-0.054,0.901,4045484,2376367,5524149,12843701,99,28,71
OH,2016,OH2016,OH5,-0.074,0.662,-0.139,0.977,-0.054,0.901,4045484,2376367,5524149,12843701,99,28,71
OH,2018,OH2018,OH5,-0.074,0.662,-0.139,0.977,-0.054,0.901,4045484,2376367,5524149,12843701,99,28,71
OK,1972,OK1972,OK1,0.108,0.854,0.058,0.662,0.015,0.394,730957,1066681,2147786,3595276,192,154,38
OK,1974,OK1974,OK1,0.108,0.854,0.058,0.662,0.015,0.394,730957,1066681,2147786,3595276,192,154,38
OK,1976,OK1976,OK1,0.108,0.854,0.058,0.662,0.015,0.394,730957,1066681,2147786,3595276,192,154,38
OK,1978,OK1978,OK1,0.108,0.854,0.058,0.662,0.015,0.394,730957,1066681,2147786,3595276,192,154,38
OK,1980,OK1980,OK1,0.108,0.854,0.058,0.662,0.015,0.394,730957,1066681,2147786,3595276,192,154,38
OK,1982,OK1982,OK2,0.059,0.573,-0.011,0.141,-0.004,0.113,909017,1065110,2246931,3948254,188,131,57
OK,1984,OK1984,OK2,0.059,0.573,-0.011,0.141,-0.004,0.113,909017,1065110,2246931,3948254,188,131,57
OK,1986,OK1986,OK2,0.059,0.573,-0.011,0.141,-0.004,0.113,909017,1065110,2246931,3948254,188,131,57
OK,1988,OK1988,OK2,0.059,0.573,-0.011,0.141,-0.004,0.113,909017,1065110,2246931,3948254,188,131,57
OK,1990,OK1990,OK2,0.059,0.573,-0.011,0.141,-0.004,0.113,909017,1065110,2246931,3948254,188,131,57
OK,1992,OK1992,OK3,0.166,0.991,0.054,0.610,0.016,0.441,800830,1370864,2208402,4343387,192,131,61
OK,1994,OK1994,OK3,0.166,0.991,0.054,0.610,0.016,0.441,800830,1370864,2208402,4343387,192,131,61
OK,1996,OK1996,OK3,0.166,0.991,0.054,0.610,0.016,0.441,800830,1370864,2208402,4343387,192,131,61
OK,1998,OK1998,OK3,0.166,0.991,0.054,0.610,0.016,0.441,800830,1370864,2208402,4343387,192,131,61
OK,2000,OK2000,OK3,0.166,0.991,0.054,0.610,0.016,0.441,800830,1370864,2208402,4343387,192,131,61
OK,2002,OK2002,OK4,0.024,0.263,-0.042,0.493,-0.012,0.347,1208061,1193339,2233856,4802799,192,87,105
OK,2004,OK2004,OK4,0.024,0.263,-0.042,0.493,-0.012,0.347,1208061,1193339,2233856,4802799,192,87,105
OK,2006,OK2006,OK4,0.024,0.263,-0.042,0.493,-0.012,0.347,1208061,1193339,2233856,4802799,192,87,105
OK,2008,OK2008,OK4,0.024,0.263,-0.042,0.493,-0.012,0.347,1208061,1193339,2233856,4802799,192,87,105
OK,2010,OK2010,OK4,0.024,0.263,-0.042,0.493,-0.012,0.347,1208061,1193339,2233856,4802799,192,87,105
OK,2012,OK2012,OK5,-0.161,0.972,-0.104,0.897,-0.029,0.690,1178175,570038,1420351,3496425,144,22,122
OK,2014,OK2014,OK5,-0.161,0.972,-0.104,0.897,-0.029,0.690,1178175,570038,1420351,3496425,144,22,122
OK,2016,OK2016,OK5,-0.161,0.972,-0.104,0.897,-0.029,0.690,1178175,570038,1420351,3496425,144,22,122
OK,2018,OK2018,OK5,-0.161,0.972,-0.104,0.897,-0.029,0.690,1178175,570038,1420351,3496425,144,22,122
OR,1972,OR1972,OR1,0.172,0.995,0.071,0.728,0.020,0.549,593096,1134983,1899346,3456157,120,93,27
OR,1974,OR1974,OR1,0.172,0.995,0.071,0.728,0.020,0.549,593096,1134983,1899346,3456157,120,93,27
OR,1976,OR1976,OR1,0.172,0.995,0.071,0.728,0.020,0.549,593096,1134983,1899346,3456157,120,93,27
OR,1978,OR1978,OR1,0.172,0.995,0.071,0.728,0.020,0.549,593096,1134983,1899346,3456157,120,93,27
OR,1980,OR1980,OR1,0.172,0.995,0.071,0.728,0.020,0.549,593096,1134983,1899346,3456157,120,93,27
OR,1982,OR1982,OR2,0.016,0.183,-0.045,0.507,-0.009,0.263,1058548,1105858,2363632,4328811,120,73,47
OR,1984,OR1984,OR2,0.016,0.183,-0.045,0.507,-0.009,0.263,1058548,1105858,2363632,4328811,120,73,47
OR,1986,OR1986,OR2,0.016,0.183,-0.045,0.507,-0.009,0.263,1058548,1105858,2363632,4328811,120,73,47
OR,1988,OR1988,OR2,0.016,0.183,-0.045,0.507,-0.009,0.263,1058548,1105858,2363632,4328811,120,73,47
OR,1990,OR1990,OR2,0.016,0.183,-0.045,0.507,-0.009,0.263,1058548,1105858,2363632,4328811,120,73,47
OR,1992,OR1992,OR3,-0.076,0.681,-0.054,0.615,-0.022,0.573,1435565,997621,2390928,4866373,120,49,71
OR,1994,OR1994,OR3,-0.076,0.681,-0.054,0.615,-0.022,0.573,1435565,997621,2390928,4866373,120,49,71
OR,1996,OR1996,OR3,-0.076,0.681,-0.054,0.615,-0.022,0.573,1435565,997621,2390928,4866373,120,49,71
OR,1998,OR1998,OR3,-0.076,0.681,-0.054,0.615,-0.022,0.573,1435565,997621,2390928,4866373,120,49,71
OR,2000,OR2000,OR3,-0.076,0.681,-0.054,0.615,-0.022,0.573,1435565,997621,2390928,4866373,120,49,71
OR,2002,OR2002,OR4,0.084,0.718,0.038,0.455,0.016,0.418,1227693,1647723,2956952,5750833,116,71,45
OR,2004,OR2004,OR4,0.084,0.718,0.038,0.455,0.016,0.418,1227693,1647723,2956952,5750833,116,71,45
OR,2006,OR2006,OR4,0.084,0.718,0.038,0.455,0.016,0.418,1227693,1647723,2956952,5750833,116,71,45
OR,2008,OR2008,OR4,0.084,0.718,0.038,0.455,0.016,0.418,1227693,1647723,2956952,5750833,116,71,45
OR,2010,OR2010,OR4,0.084,0.718,0.038,0.455,0.016,0.418,1227693,1647723,2956952,5750833,116,71,45
OR,2012,OR2012,OR5,0.030,0.315,0.017,0.225,0.010,0.282,1183270,1237747,2542981,4842035,90,52,38
OR,2014,OR2014,OR5,0.030,0.315,0.017,0.225,0.010,0.282,1183270,1237747,2542981,4842035,90,52,38
OR,2016,OR2016,OR5,0.030,0.315,0.017,0.225,0.010,0.282,1183270,1237747,2542981,4842035,90,52,38
OR,2018,OR2018,OR5,0.030,0.315,0.017,0.225,0.010,0.282,1183270,1237747,2542981,4842035,90,52,38
PA,1972,PA1972,PA1,0.009,0.085,-0.001,0.019,0.000,0.014,3917129,3777410,8011097,15389079,200,110,90
PA,1974,PA1974,PA1,0.009,0.085,-0.001,0.019,0.000,0.014,3917129,3777410,8011097,15389079,200,110,90
PA,1976,PA1976,PA1,0.009,0.085,-0.001,0.019,0.000,0.014,3917129,3777410,8011097,15389079,200,110,90
PA,1978,PA1978,PA1,0.009,0.085,-0.001,0.019,0.000,0.014,3917129,3777410,8011097,15389079,200,110,90
PA,1980,PA1980,PA1,0.009,0.085,-0.001,0.019,0.000,0.014,3917129,3777410,8011097,15389079,200,110,90
PA,1982,PA1982,PA2,-0.064,0.610,-0.032,0.376,-0.037,0.789,4568668,3255291,8136770,15647916,200,95,105
PA,1984,PA1984,PA2,-0.064,0.610,-0.032,0.376,-0.037,0.789,4568668,3255291,8136770,15647916,200,95,105
PA,1986,PA1986,PA2,-0.064,0.610,-0.032,0.376,-0.037,0.789,4568668,3255291,8136770,15647916,200,95,105
PA,1988,PA1988,PA2,-0.064,0.610,-0.032,0.376,-0.037,0.789,4568668,3255291,8136770,15647916,200,95,105
PA,1990,PA1990,PA2,-0.064,0.610,-0.032,0.376,-0.037,0.789,4568668,3255291,8136770,15647916,200,95,105
PA,1992,PA1992,PA3,-0.071,0.653,-0.090,0.817,-0.052,0.887,4488203,3134283,7455120,15244971,200,81,119
PA,1994,PA1994,PA3,-0.071,0.653,-0.090,0.817,-0.052,0.887,4488203,3134283,7455120,15244971,200,81,119
PA,1996,PA1996,PA3,-0.071,0.653,-0.090,0.817,-0.052,0.887,4488203,3134283,7455120,15244971,200,81,119
PA,1998,PA1998,PA3,-0.071,0.653,-0.090,0.817,-0.052,0.887,4488203,3134283,7455120,15244971,200,81,119
PA,2000,PA2000,PA3,-0.071,0.653,-0.090,0.817,-0.052,0.887,4488203,3134283,7455120,15244971,200,81,119
PA,2002,PA2002,PA4,-0.093,0.793,-0.090,0.840,-0.057,0.915,5730288,3791462,9548434,19043499,200,82,118
PA,2004,PA2004,PA4,-0.093,0.793,-0.090,0.840,-0.057,0.915,5730288,3791462,9548434,19043499,200,82,118
PA,2006,PA2006,PA4,-0.093,0.793,-0.090,0.840,-0.057,0.915,5730288,3791462,9548434,19043499,200,82,118
PA,2008,PA2008,PA4,-0.093,0.793,-0.090,0.840,-0.057,0.915,5730288,3791462,9548434,19043499,200,82,118
PA,2010,PA2010,PA4,-0.093,0.793,-0.090,0.840,-0.057,0.915,5730288,3791462,9548434,19043499,200,82,118
PA,2012,PA2012,PA5,-0.092,0.789,-0.091,0.845,-0.034,0.765,4315007,3177686,7311523,14985385,150,57,93
PA,2014,PA2014,PA5,-0.092,0.789,-0.091,0.845,-0.034,0.765,4315007,3177686,7311523,14985385,150,57,93
PA,2016,PA2016,PA5,-0.092,0.789,-0.091,0.845,-0.034,0.765,4315007,3177686,7311523,14985385,150,57,93
PA,2018,PA2018,PA5,-0.092,0.789,-0.091,0.845,-0.034,0.765,4315007,3177686,7311523,14985385,150,57,93
RI,1972,RI1972,RI1,0.082,0.704,0.075,0.737,0.020,0.545,292368,392019,899375,1368774,200,180,20
RI,1974,RI1974,RI1,0.082,0.704,0.075,0.737,0.020,0.545,292368,392019,899375,1368774,200,180,20
RI,1976,RI1976,RI1,0.082,0.704,0.075,0.737,0.020,0.545,292368,392019,899375,1368774,200,180,20
RI,1978,RI1978,RI1,0.082,0.704,0.075,0.737,0.020,0.545,292368,392019,899375,1368774,200,180,20
RI,1980,RI1980,RI1,0.082,0.704,0.075,0.737,0.020,0.545,292368,392019,899375,1368774,200,180,20
RI,1982,RI1982,RI2,0.078,0.685,0.087,0.789,0.030,0.704,316346,414197,898209,1461086,200,161,39
RI,1984,RI1984,RI2,0.078,0.685,0.087,0.789,0.030,0.704,316346,414197,898209,1461086,200,161,39
RI,1986,RI1986,RI2,0.078,0.685,0.087,0.789,0.030,0.704,316346,414197,898209,1461086,200,161,39
RI,1988,RI1988,RI2,0.078,0.685,0.087,0.789,0.030,0.704,316346,414197,898209,1461086,200,161,39
RI,1990,RI1990,RI2,0.078,0.685,0.087,0.789,0.030,0.704,316346,414197,898209,1461086,200,161,39
RI,1992,RI1992,RI3,0.036,0.390,0.103,0.892,0.036,0.784,331032,369381,911269,1400825,200,167,33
RI,1994,RI1994,RI3,0.036,0.390,0.103,0.892,0.036,0.784,331032,369381,911269,1400825,200,167,33
RI,1996,RI1996,RI3,0.036,0.390,0.103,0.892,0.036,0.784,331032,369381,911269,1400825,200,167,33
RI,1998,RI1998,RI3,0.036,0.390,0.103,0.892,0.036,0.784,331032,369381,911269,1400825,200,167,33
RI,2000,RI2000,RI3,0.036,0.390,0.103,0.892,0.036,0.784,331032,369381,911269,1400825,200,167,33
RI,2002,RI2002,RI4,0.072,0.657,0.005,0.066,0.010,0.286,177523,222710,518222,800466,76,66,10
RI,2004,RI2004,RI4,0.072,0.657,0.005,0.066,0.010,0.286,177523,222710,518222,800466,76,66,10
RI,2006,RI2006,RI4,0.072,0.657,0.005,0.066,0.010,0.286,177523,222710,518222,800466,76,66,10
RI,2008,RI2008,RI4.1,0.087,0.742,-0.047,0.535,-0.011,0.329,161842,209697,467529,743078,76,64,12
RI,2010,RI2010,RI4.1,0.087,0.742,-0.047,0.535,-0.011,0.329,161842,209697,467529,743078,76,64,12
RI,2012,RI2012,RI5,0.066,0.624,-0.048,0.545,-0.015,0.413,274612,352429,815044,1254081,114,99,15
RI,2014,RI2014,RI5,0.066,0.624,-0.048,0.545,-0.015,0.413,274612,352429,815044,1254081,114,99,15
RI,2016,RI2016,RI5,0.066,0.624,-0.048,0.545,-0.015,0.413,274612,352429,815044,1254081,114,99,15
RI,2018,RI2018,RI5,0.066,0.624,-0.048,0.545,-0.015,0.413,274612,352429,815044,1254081,114,99,15
SC,1984,SC1984,SC2,0.124,0.897,0.034,0.399,0.002,0.061,390765,609148,1147012,1999826,92,71,21
SC,1988,SC1988,SC2,0.124,0.897,0.034,0.399,0.002,0.061,390765,609148,1147012,1999826,92,71,21
SC,1992,SC1992,SC3,0.035,0.376,0.012,0.160,0.005,0.150,581099,616115,1195437,2394428,92,49,43
SC,1996,SC1996,SC3,0.035,0.376,0.012,0.160,0.005,0.150,581099,616115,1195437,2394428,92,49,43
SC,2000,SC2000,SC3,0.035,0.376,0.012,0.160,0.005,0.150,581099,616115,1195437,2394428,92,49,43
SC,2004,SC2004,SC4,-0.038,0.399,-0.065,0.685,-0.075,0.967,916295,737591,1591279,3307773,92,39,53
SC,2008,SC2008,SC4,-0.038,0.399,-0.065,0.685,-0.075,0.967,916295,737591,1591279,3307773,92,39,53
SC,2012,SC2012,SC5,0.016,0.178,-0.089,0.803,-0.071,0.962,445013,475040,805033,1840105,46,18,28
SC,2016,SC2016,SC5,0.016,0.178,-0.089,0.803,-0.071,0.962,445013,475040,805033,1840105,46,18,28
SD,1972,SD1972,SD1,-0.088,0.756,-0.019,0.235,-0.013,0.366,341358,237335,549978,1157385,140,51,89
SD,1974,SD1974,SD1,-0.088,0.756,-0.019,0.235,-0.013,0.366,341358,237335,549978,1157385,140,51,89
SD,1976,SD1976,SD1,-0.088,0.756,-0.019,0.235,-0.013,0.366,341358,237335,549978,1157385,140,51,89
SD,1978,SD1978,SD1,-0.088,0.756,-0.019,0.235,-0.013,0.366,341358,237335,549978,1157385,140,51,89
SD,1980,SD1980,SD1,-0.088,0.756,-0.019,0.235,-0.013,0.366,341358,237335,549978,1157385,140,51,89
SD,1982,SD1982,SD2,-0.082,0.709,-0.069,0.714,-0.019,0.531,350277,237503,564680,1175559,140,53,87
SD,1984,SD1984,SD2,-0.082,0.709,-0.069,0.714,-0.019,0.531,350277,237503,564680,1175559,140,53,87
SD,1986,SD1986,SD2,-0.082,0.709,-0.069,0.714,-0.019,0.531,350277,237503,564680,1175559,140,53,87
SD,1988,SD1988,SD2,-0.082,0.709,-0.069,0.714,-0.019,0.531,350277,237503,564680,1175559,140,53,87
SD,1990,SD1990,SD2,-0.082,0.709,-0.069,0.714,-0.019,0.531,350277,237503,564680,1175559,140,53,87
SD,1992,SD1992,SD3,-0.029,0.296,-0.058,0.667,-0.025,0.610,322485,266291,534917,1177552,140,53,87
SD,1994,SD1994,SD3,-0.029,0.296,-0.058,0.667,-0.025,0.610,322485,266291,534917,1177552,140,53,87
SD,1996,SD1996,SD3,-0.029,0.296,-0.058,0.667,-0.025,0.610,322485,266291,534917,1177552,140,53,87
SD,1998,SD1998,SD3,-0.029,0.296,-0.058,0.667,-0.025,0.610,322485,266291,534917,1177552,140,53,87
SD,2000,SD2000,SD3,-0.029,0.296,-0.058,0.667,-0.025,0.610,322485,266291,534917,1177552,140,53,87
SD,2002,SD2002,SD4,-0.052,0.540,-0.037,0.441,-0.012,0.357,374980,288270,579683,1326501,140,45,95
SD,2004,SD2004,SD4,-0.052,0.540,-0.037,0.441,-0.012,0.357,374980,288270,579683,1326501,140,45,95
SD,2006,SD2006,SD4,-0.052,0.540,-0.037,0.441,-0.012,0.357,374980,288270,579683,1326501,140,45,95
SD,2008,SD2008,SD4,-0.052,0.540,-0.037,0.441,-0.012,0.357,374980,288270,579683,1326501,140,45,95
SD,2010,SD2010,SD4,-0.052,0.540,-0.037,0.441,-0.012,0.357,374980,288270,579683,1326501,140,45,95
SD,2012,SD2012,SD5,-0.103,0.845,-0.026,0.310,-0.011,0.300,294190,189622,377333,967625,105,19,86
SD,2014,SD2014,SD5,-0.103,0.845,-0.026,0.310,-0.011,0.300,294190,189622,377333,967625,105,19,86
SD,2016,SD2016,SD5,-0.103,0.845,-0.026,0.310,-0.011,0.300,294190,189622,377333,967625,105,19,86
SD,2018,SD2018,SD5,-0.103,0.845,-0.026,0.310,-0.011,0.300,294190,189622,377333,967625,105,19,86
TN,1972,TN1972,TN1,0.047,0.502,0.055,0.624,0.031,0.723,717470,843557,1727586,3122053,96,63,33
TN,1974,TN1974,TN1,0.047,0.502,0.055,0.624,0.031,0.723,717470,843557,1727586,3122053,96,63,33
TN,1976,TN1976,TN1,0.047,0.502,0.055,0.624,0.031,0.723,717470,843557,1727586,3122053,96,63,33
TN,1978,TN1978,TN1,0.047,0.502,0.055,0.624,0.031,0.723,717470,843557,1727586,3122053,96,63,33
TN,1980,TN1980,TN1.1,0.147,0.948,0.077,0.746,0.027,0.629,229734,383073,599183,1225616,32,20,12
TN,1982,TN1982,TN2,0.086,0.737,0.041,0.479,0.032,0.732,913321,1335557,2454024,4497756,132,90,42
TN,1984,TN1984,TN2,0.086,0.737,0.041,0.479,0.032,0.732,913321,1335557,2454024,4497756,132,90,42
TN,1986,TN1986,TN2,0.086,0.737,0.041,0.479,0.032,0.732,913321,1335557,2454024,4497756,132,90,42
TN,1988,TN1988,TN2,0.086,0.737,0.041,0.479,0.032,0.732,913321,1335557,2454024,4497756,132,90,42
TN,1990,TN1990,TN2,0.086,0.737,0.041,0.479,0.032,0.732,913321,1335557,2454024,4497756,132,90,42
TN,1992,TN1992,TN3,0.021,0.225,-0.021,0.263,-0.003,0.108,1319854,1586528,2984509,5812764,132,72,60
TN,1994,TN1994,TN3,0.021,0.225,-0.021,0.263,-0.003,0.108,1319854,1586528,2984509,5812764,132,72,60
TN,1996,TN1996,TN3,0.021,0.225,-0.021,0.263,-0.003,0.108,1319854,1586528,2984509,5812764,132,72,60
TN,1998,TN1998,TN3,0.021,0.225,-0.021,0.263,-0.003,0.108,1319854,1586528,2984509,5812764,132,72,60
TN,2000,TN2000,TN3,0.021,0.225,-0.021,0.263,-0.003,0.108,1319854,1586528,2984509,5812764,132,72,60
TN,2002,TN2002,TN4,0.009,0.070,-0.048,0.554,-0.019,0.512,2004300,2010560,3771560,8029721,132,59,73
TN,2004,TN2004,TN4,0.009,0.070,-0.048,0.554,-0.019,0.512,2004300,2010560,3771560,8029721,132,59,73
TN,2006,TN2006,TN4,0.009,0.070,-0.048,0.554,-0.019,0.512,2004300,2010560,3771560,8029721,132,59,73
TN,2008,TN2008,TN4,0.009,0.070,-0.048,0.554,-0.019,0.512,2004300,2010560,3771560,8029721,132,59,73
TN,2010,TN2010,TN4,0.009,0.070,-0.048,0.554,-0.019,0.512,2004300,2010560,3771560,8029721,132,59,73
TN,2012,TN2012,TN5,-0.119,0.892,-0.192,1.000,-0.058,0.920,1919340,1045917,2295674,5930515,99,15,84
TN,2014,TN2014,TN5,-0.119,0.892,-0.192,1.000,-0.058,0.920,1919340,1045917,2295674,5930515,99,15,84
TN,2016,TN2016,TN5,-0.119,0.892,-0.192,1.000,-0.058,0.920,1919340,1045917,2295674,5930515,99,15,84
TN,2018,TN2018,TN5,-0.119,0.892,-0.192,1.000,-0.058,0.920,1919340,1045917,2295674,5930515,99,15,84
TX,1972,TX1972,TX1,0.141,0.930,0.106,0.906,0.028,0.657,2254555,3486706,7025443,11482522,124,108,16
TX,1974,TX1974,TX1,0.141,0.930,0.106,0.906,0.028,0.657,2254555,3486706,7025443,11482522,124,108,16
TX,1976,TX1976,TX1,0.141,0.930,0.106,0.906,0.028,0.657,2254555,3486706,7025443,11482522,124,108,16
TX,1978,TX1978,TX1,0.141,0.930,0.106,0.906,0.028,0.657,2254555,3486706,7025443,11482522,124,108,16
TX,1980,TX1980,TX1,0.141,0.930,0.106,0.906,0.028,0.657,2254555,3486706,7025443,11482522,124,108,16
TX,1982,TX1982,TX2,0.129,0.906,0.011,0.150,-0.003,0.103,2977991,4792616,8905540,15541214,124,96,28
TX,1984,TX1984,TX2,0.129,0.906,0.011,0.150,-0.003,0.103,2977991,4792616,8905540,15541214,124,96,28
TX,1986,TX1986,TX2,0.129,0.906,0.011,0.150,-0.003,0.103,2977991,4792616,8905540,15541214,124,96,28
TX,1988,TX1988,TX2,0.129,0.906,0.011,0.150,-0.003,0.103,2977991,4792616,8905540,15541214,124,96,28
TX,1990,TX1990,TX2,0.129,0.906,0.011,0.150,-0.003,0.103,2977991,4792616,8905540,15541214,124,96,28
TX,1992,TX1992,TX3,-0.016,0.169,-0.049,0.568,-0.028,0.676,2978020,2710705,5700842,11377450,93,47,46
TX,1996,TX1996,TX3,-0.016,0.169,-0.049,0.568,-0.028,0.676,2978020,2710705,5700842,11377450,93,47,46
TX,1998,TX1998,TX3,-0.016,0.169,-0.049,0.568,-0.028,0.676,2978020,2710705,5700842,11377450,93,47,46
TX,2000,TX2000,TX3,-0.016,0.169,-0.049,0.568,-0.028,0.676,2978020,2710705,5700842,11377450,93,47,46
TX,2002,TX2002,TX4,-0.018,0.211,-0.100,0.883,-0.064,0.934,6140170,5286320,10247138,22852980,124,47,77
TX,2004,TX2004,TX4,-0.018,0.211,-0.100,0.883,-0.064,0.934,6140170,5286320,10247138,22852980,124,47,77
TX,2006,TX2006,TX4,-0.018,0.211,-0.100,0.883,-0.064,0.934,6140170,5286320,10247138,22852980,124,47,77
TX,2008,TX2008,TX4,-0.018,0.211,-0.100,0.883,-0.064,0.934,6140170,5286320,10247138,22852980,124,47,77
TX,2010,TX2010,TX4,-0.018,0.211,-0.100,0.883,-0.064,0.934,6140170,5286320,10247138,22852980,124,47,77
TX,2012,TX2012,TX5,-0.037,0.394,-0.089,0.812,-0.059,0.925,5910191,4761477,9866770,21343335,93,35,58
TX,2014,TX2014,TX5,-0.037,0.394,-0.089,0.812,-0.059,0.925,5910191,4761477,9866770,21343335,93,35,58
TX,2016,TX2016,TX5,-0.037,0.394,-0.089,0.812,-0.059,0.925,5910191,4761477,9866770,21343335,93,35,58
TX,2018,TX2018,TX5,-0.037,0.394,-0.089,0.812,-0.059,0.925,5910191,4761477,9866770,21343335,93,35,58
UT,1972,UT1972,UT1,0.003,0.019,-0.002,0.042,-0.001,0.019,451393,434746,799110,1772278,116,47,69
UT,1974,UT1974,UT1,0.003,0.019,-0.002,0.042,-0.001,0.019,451393,434746,799110,1772278,116,47,69
UT,1976,UT1976,UT1,0.003,0.019,-0.002,0.042,-0.001,0.019,451393,434746,799110,1772278,116,47,69
UT,1978,UT1978,UT1,0.003,0.019,-0.002,0.042,-0.001,0.019,451393,434746,799110,1772278,116,47,69
UT,1980,UT1980,UT1,0.003,0.019,-0.002,0.042,-0.001,0.019,451393,434746,799110,1772278,116,47,69
UT,1982,UT1982,UT2,-0.116,0.883,-0.020,0.244,0.008,0.211,632620,380153,897985,2025547,116,32,84
UT,1984,UT1984,UT2,-0.116,0.883,-0.020,0.244,0.008,0.211,632620,380153,897985,2025547,116,32,84
UT,1986,UT1986,UT2,-0.116,0.883,-0.020,0.244,0.008,0.211,632620,380153,897985,2025547,116,32,84
UT,1988,UT1988,UT2,-0.116,0.883,-0.020,0.244,0.008,0.211,632620,380153,897985,2025547,116,32,84
UT,1990,UT1990,UT2,-0.116,0.883,-0.020,0.244,0.008,0.211,632620,380153,897985,2025547,116,32,84
UT,1992,UT1992,UT3,0.018,0.216,0.003,0.047,0.001,0.028,595629,563483,940242,2318225,116,38,78
UT,1994,UT1994,UT3,0.018,0.216,0.003,0.047,0.001,0.028,595629,563483,940242,2318225,116,38,78
UT,1996,UT1996,UT3,0.018,0.216,0.003,0.047,0.001,0.028,595629,563483,940242,2318225,116,38,78
UT,1998,UT1998,UT3,0.018,0.216,0.003,0.047,0.001,0.028,595629,563483,940242,2318225,116,38,78
UT,2000,UT2000,UT3,0.018,0.216,0.003,0.047,0.001,0.028,595629,563483,940242,2318225,116,38,78
UT,2002,UT2002,UT4,-0.032,0.343,-0.059,0.676,-0.033,0.751,758789,613160,1021468,2743897,108,23,85
UT,2004,UT2004,UT4,-0.032,0.343,-0.059,0.676,-0.033,0.751,758789,613160,1021468,2743897,108,23,85
UT,2006,UT2006,UT4,-0.032,0.343,-0.059,0.676,-0.033,0.751,758789,613160,1021468,2743897,108,23,85
UT,2008,UT2008,UT4,-0.032,0.343,-0.059,0.676,-0.033,0.751,758789,613160,1021468,2743897,108,23,85
UT,2010,UT2010,UT4,-0.032,0.343,-0.059,0.676,-0.033,0.751,758789,613160,1021468,2743897,108,23,85
UT,2012,UT2012,UT5,-0.014,0.141,-0.117,0.934,-0.054,0.897,717915,607243,918544,2650315,87,15,72
UT,2014,UT2014,UT5,-0.014,0.141,-0.117,0.934,-0.054,0.897,717915,607243,918544,2650315,87,15,72
UT,2016,UT2016,UT5,-0.014,0.141,-0.117,0.934,-0.054,0.897,717915,607243,918544,2650315,87,15,72
UT,2018,UT2018,UT5,-0.014,0.141,-0.117,0.934,-0.054,0.897,717915,607243,918544,2650315,87,15,72
VA,1971,VA1971,VA0,0.146,0.944,0.040,0.465,0.016,0.427,374992,683860,1246519,2117705,80,66,14
VA,1975,VA1975,VA0,0.146,0.944,0.040,0.465,0.016,0.427,374992,683860,1246519,2117705,80,66,14
VA,1979,VA1979,VA0,0.146,0.944,0.040,0.465,0.016,0.427,374992,683860,1246519,2117705,80,66,14
VA,1983,VA1983,VA2,0.094,0.798,0.088,0.793,0.031,0.718,545593,803595,1589121,2698377,80,62,18
VA,1987,VA1987,VA2,0.094,0.798,0.088,0.793,0.031,0.718,545593,803595,1589121,2698377,80,62,18
VA,1991,VA1991,VA2.1,-0.025,0.272,-0.020,0.258,-0.009,0.254,774239,712594,1485994,2973666,80,38,42
VA,1995,VA1995,VA2.1,-0.025,0.272,-0.020,0.258,-0.009,0.254,774239,712594,1485994,2973666,80,38,42
VA,1999,VA1999,VA2.1,-0.025,0.272,-0.020,0.258,-0.009,0.254,774239,712594,1485994,2973666,80,38,42
VA,2003,VA2003,VA4,-0.065,0.615,-0.045,0.516,-0.028,0.662,820628,635263,1500229,2911783,80,37,43
VA,2007,VA2007,VA4,-0.065,0.615,-0.045,0.516,-0.028,0.662,820628,635263,1500229,2911783,80,37,43
VA,2011,VA2011,VA4.1,0.023,0.239,0.007,0.080,0.000,0.009,387154,380496,731042,1535300,40,19,21
VA,2015,VA2015,VA4.1,0.023,0.239,0.007,0.080,0.000,0.009,387154,380496,731042,1535300,40,19,21
WA,1972,WA1972,WA1,0.030,0.324,-0.009,0.108,-0.003,0.070,1147467,1335367,2612286,4965669,196,115,81
WA,1974,WA1974,WA1,0.030,0.324,-0.009,0.108,-0.003,0.070,1147467,1335367,2612286,4965669,196,115,81
WA,1976,WA1976,WA1,0.030,0.324,-0.009,0.108,-0.003,0.070,1147467,1335367,2612286,4965669,196,115,81
WA,1978,WA1978,WA1,0.030,0.324,-0.009,0.108,-0.003,0.070,1147467,1335367,2612286,4965669,196,115,81
WA,1980,WA1980,WA1,0.030,0.324,-0.009,0.108,-0.003,0.070,1147467,1335367,2612286,4965669,196,115,81
WA,1982,WA1982,WA2,-0.036,0.385,-0.013,0.178,0.005,0.136,1705260,1407980,3256745,6226481,196,100,96
WA,1984,WA1984,WA2,-0.036,0.385,-0.013,0.178,0.005,0.136,1705260,1407980,3256745,6226481,196,100,96
WA,1986,WA1986,WA2,-0.036,0.385,-0.013,0.178,0.005,0.136,1705260,1407980,3256745,6226481,196,100,96
WA,1988,WA1988,WA2,-0.036,0.385,-0.013,0.178,0.005,0.136,1705260,1407980,3256745,6226481,196,100,96
WA,1990,WA1990,WA2,-0.036,0.385,-0.013,0.178,0.005,0.136,1705260,1407980,3256745,6226481,196,100,96
WA,1992,WA1992,WA3,-0.018,0.202,-0.057,0.648,-0.015,0.399,2026074,1915688,4054087,7883523,196,100,96
WA,1994,WA1994,WA3,-0.018,0.202,-0.057,0.648,-0.015,0.399,2026074,1915688,4054087,7883523,196,100,96
WA,1996,WA1996,WA3,-0.018,0.202,-0.057,0.648,-0.015,0.399,2026074,1915688,4054087,7883523,196,100,96
WA,1998,WA1998,WA3,-0.018,0.202,-0.057,0.648,-0.015,0.399,2026074,1915688,4054087,7883523,196,100,96
WA,2000,WA2000,WA3,-0.018,0.202,-0.057,0.648,-0.015,0.399,2026074,1915688,4054087,7883523,196,100,96
WA,2002,WA2002,WA4,0.030,0.305,-0.010,0.122,-0.003,0.094,2355122,2548731,5225853,9807706,196,117,79
WA,2004,WA2004,WA4,0.030,0.305,-0.010,0.122,-0.003,0.094,2355122,2548731,5225853,9807706,196,117,79
WA,2006,WA2006,WA4,0.030,0.305,-0.010,0.122,-0.003,0.094,2355122,2548731,5225853,9807706,196,117,79
WA,2008,WA2008,WA4,0.030,0.305,-0.010,0.122,-0.003,0.094,2355122,2548731,5225853,9807706,196,117,79
WA,2010,WA2010,WA4,0.030,0.305,-0.010,0.122,-0.003,0.094,2355122,2548731,5225853,9807706,196,117,79
WA,2012,WA2012,WA5,0.010,0.103,-0.028,0.329,-0.016,0.446,2027632,2053358,4192209,8161980,147,78,69
WA,2014,WA2014,WA5,0.010,0.103,-0.028,0.329,-0.016,0.446,2027632,2053358,4192209,8161980,147,78,69
WA,2016,WA2016,WA5,0.010,0.103,-0.028,0.329,-0.016,0.446,2027632,2053358,4192209,8161980,147,78,69
WA,2018,WA2018,WA5,0.010,0.103,-0.028,0.329,-0.016,0.446,2027632,2053358,4192209,8161980,147,78,69
WI,1972,WI1972,WI1,0.020,0.221,-0.030,0.343,-0.012,0.352,1645419,1632845,3625176,6556528,132,83,49
WI,1974,WI1974,WI1,0.020,0.221,-0.030,0.343,-0.012,0.352,1645419,1632845,3625176,6556528,132,83,49
WI,1976,WI1976,WI1,0.020,0.221,-0.030,0.343,-0.012,0.352,1645419,1632845,3625176,6556528,132,83,49
WI,1978,WI1978,WI1,0.020,0.221,-0.030,0.343,-0.012,0.352,1645419,1632845,3625176,6556528,132,83,49
WI,1980,WI1980,WI1,0.020,0.221,-0.030,0.343,-0.012,0.352,1645419,1632845,3625176,6556528,132,83,49
WI,1982,WI1982,WI2,0.067,0.643,0.035,0.418,0.023,0.592,1329114,1825449,3307673,6309127,132,82,50
WI,1984,WI1984,WI2,0.067,0.643,0.035,0.418,0.023,0.592,1329114,1825449,3307673,6309127,132,82,50
WI,1986,WI1986,WI2,0.067,0.643,0.035,0.418,0.023,0.592,1329114,1825449,3307673,6309127,132,82,50
WI,1988,WI1988,WI2,0.067,0.643,0.035,0.418,0.023,0.592,1329114,1825449,3307673,6309127,132,82,50
WI,1990,WI1990,WI2,0.067,0.643,0.035,0.418,0.023,0.592,1329114,1825449,3307673,6309127,132,82,50
WI,1992,WI1992,WI3,0.047,0.498,-0.012,0.164,-0.001,0.042,1763587,2225312,3863190,7977798,132,68,64
WI,1994,WI1994,WI3,0.047,0.498,-0.012,0.164,-0.001,0.042,1763587,2225312,3863190,7977798,132,68,64
WI,1996,WI1996,WI3,0.047,0.498,-0.012,0.164,-0.001,0.042,1763587,2225312,3863190,7977798,132,68,64
WI,1998,WI1998,WI3,0.047,0.498,-0.012,0.164,-0.001,0.042,1763587,2225312,3863190,7977798,132,68,64
WI,2000,WI2000,WI3,0.047,0.498,-0.012,0.164,-0.001,0.042,1763587,2225312,3863190,7977798,132,68,64
WI,2002,WI2002,WI4,-0.052,0.549,-0.048,0.549,-0.018,0.493,2740484,2167408,5092174,9815784,132,64,68
WI,2004,WI2004,WI4,-0.052,0.549,-0.048,0.549,-0.018,0.493,2740484,2167408,5092174,9815784,132,64,68
WI,2006,WI2006,WI4,-0.052,0.549,-0.048,0.549,-0.018,0.493,2740484,2167408,5092174,9815784,132,64,68
WI,2008,WI2008,WI4,-0.052,0.549,-0.048,0.549,-0.018,0.493,2740484,2167408,5092174,9815784,132,64,68
WI,2010,WI2010,WI4,-0.052,0.549,-0.048,0.549,-0.018,0.493,2740484,2167408,5092174,9815784,132,64,68
WI,2012,WI2012,WI5,-0.088,0.751,-0.126,0.953,-0.051,0.878,2335185,1616702,3922774,7903774,99,40,59
WI,2014,WI2014,WI5,-0.088,0.751,-0.126,0.953,-0.051,0.878,2335185,1616702,3922774,7903774,99,40,59
WI,2016,WI2016,WI5,-0.088,0.751,-0.126,0.953,-0.051,0.878,2335185,1616702,3922774,7903774,99,40,59
WI,2018,WI2018,WI5,-0.088,0.751,-0.126,0.953,-0.051,0.878,2335185,1616702,3922774,7903774,99,40,59
WY,1992,WY1992,WY3,-0.083,0.714,-0.036,0.437,-0.013,0.380,227752,153294,342550,762091,120,38,82
WY,1994,WY1994,WY3,-0.083,0.714,-0.036,0.437,-0.013,0.380,227752,153294,342550,762091,120,38,82
WY,1996,WY1996,WY3,-0.083,0.714,-0.036,0.437,-0.013,0.380,227752,153294,342550,762091,120,38,82
WY,1998,WY1998,WY3,-0.083,0.714,-0.036,0.437,-0.013,0.380,227752,153294,342550,762091,120,38,82
WY,2000,WY2000,WY3,-0.083,0.714,-0.036,0.437,-0.013,0.380,227752,153294,342550,762091,120,38,82
WY,2002,WY2002,WY4,-0.060,0.582,-0.033,0.394,-0.016,0.437,245744,182425,328988,856337,120,25,95
WY,2004,WY2004,WY4,-0.060,0.582,-0.033,0.394,-0.016,0.437,245744,182425,328988,856337,120,25,95
WY,2006,WY2006,WY4,-0.060,0.582,-0.033,0.394,-0.016,0.437,245744,182425,328988,856337,120,25,95
WY,2008,WY2008,WY4,-0.060,0.582,-0.033,0.394,-0.016,0.437,245744,182425,328988,856337,120,25,95
WY,2010,WY2010,WY4,-0.060,0.582,-0.033,0.394,-0.016,0.437,245744,182425,328988,856337,120,25,95
WY,2012,WY2012,WY5,-0.015,0.155,-0.073,0.732,-0.028,0.653,154184,144196,186625,596762,90,10,80
WY,2014,WY2014,WY5,-0.015,0.155,-0.073,0.732,-0.028,0.653,154184,144196,186625,596762,90,10,80
WY,2016,WY2016,WY5,-0.015,0.155,-0.073,0.732,-0.028,0.653,154184,144196,186625,596762,90,10,80
WY,2018,WY2018,WY5,-0.015,0.155,-0.073,0.732,-0.028,0.653,154184,144196,186625,596762,90,10,80
