state,year,code,plan,plan_minyear,plan_maxyear,eg_adj_avg,eg_avg_percentrank,eg_adj,eg_percentrank,bias_avg,bias_avg_percentrank,bias,bias_percentrank,mmd_avg,mmd_avg_percentrank,mmd,mmd_percentrank,wasted_dem_plan,wasted_dem,wasted_rep_plan,wasted_rep,votes_dem_plan,votes_dem,votes_twop_plan,votes_twop,seats_plan,seats,seats_dem_plan,seats_dem,seats_r_plan,seats_r
AL,1974,AL1974,AL1,1974,1978,0.013,0.204,-0.012,0.149,0.057,0.571,-0.052,0.483,0.002,0.052,-0.002,0.032,,,,,,,,,,,,,,
AL,1978,AL1978,AL1,1974,1978,0.013,0.204,0.037,0.443,0.057,0.571,0.167,0.948,0.002,0.052,0.006,0.132,,,,,,,,,,,,,,
AL,1982,AL1982,AL1.1,1982,1982,0.029,0.394,0.029,0.364,0.148,0.931,0.148,0.913,0.022,0.431,0.022,0.408,,,,,,,,,,,,,,
AL,1986,AL1986,AL2,1986,1990,0.074,0.804,0.105,0.899,0.195,0.985,0.214,0.987,0.047,0.828,0.047,0.781,,,,,,,,,,,,,,
AL,1990,AL1990,AL2,1986,1990,0.074,0.804,0.042,0.51,0.195,0.985,0.176,0.962,0.047,0.828,0.046,0.769,,,,,,,,,,,,,,
AL,1994,AL1994,AL3,1994,1998,0.042,0.55,0.085,0.823,0.105,0.815,0.157,0.935,0.032,0.596,0.037,0.641,,,,,,,,,,,,,,
AL,1998,AL1998,AL3,1994,1998,0.042,0.55,-0.001,0.011,0.105,0.815,0.052,0.483,0.032,0.596,0.028,0.503,,,,,,,,,,,,,,
AL,2002,AL2002,AL4,2002,2010,-0.016,0.229,0.022,0.28,0.027,0.324,0.081,0.684,0.026,0.492,0.063,0.907,,,,,,,,,,,,,,
AL,2006,AL2006,AL4,2002,2010,-0.016,0.229,-0.021,0.265,0.027,0.324,0.052,0.483,0.026,0.492,0.056,0.868,,,,,,,,,,,,,,
AL,2010,AL2010,AL4,2002,2010,-0.016,0.229,-0.050,0.576,0.027,0.324,-0.052,0.483,0.026,0.492,-0.039,0.671,,,,,,,,,,,,,,
AK,1992,AK1992,AK3,1992,2000,-0.019,0.259,0.020,0.26,-0.036,0.385,-0.026,0.273,-0.012,0.278,-0.001,0.031,,,,,,,,,,,,,,
AK,1994,AK1994,AK3,1992,2000,-0.019,0.259,-0.039,0.465,-0.036,0.385,-0.053,0.488,-0.012,0.278,-0.010,0.213,,,,,,,,,,,,,,
AK,1996,AK1996,AK3,1992,2000,-0.019,0.259,0.004,0.057,-0.036,0.385,0.000,0,-0.012,0.278,0.016,0.315,,,,,,,,,,,,,,
AK,1998,AK1998,AK3,1992,2000,-0.019,0.259,-0.040,0.479,-0.036,0.385,-0.025,0.247,-0.012,0.278,-0.013,0.266,,,,,,,,,,,,,,
AK,2000,AK2000,AK3,1992,2000,-0.019,0.259,-0.041,0.496,-0.036,0.385,-0.075,0.634,-0.012,0.278,-0.053,0.846,,,,,,,,,,,,,,
AK,2002,AK2002,AK4,2002,2010,-0.010,0.181,0.004,0.048,-0.040,0.419,-0.025,0.247,-0.024,0.442,-0.008,0.162,,,,,,,,,,,,,,
AK,2004,AK2004,AK4,2002,2010,-0.010,0.181,-0.050,0.571,-0.040,0.419,-0.050,0.443,-0.024,0.442,-0.030,0.541,,,,,,,,,,,,,,
AK,2006,AK2006,AK4,2002,2010,-0.010,0.181,-0.035,0.428,-0.040,0.419,-0.050,0.443,-0.024,0.442,-0.038,0.657,,,,,,,,,,,,,,
AK,2008,AK2008,AK4,2002,2010,-0.010,0.181,0.018,0.229,-0.040,0.419,0.025,0.247,-0.024,0.442,0.007,0.158,,,,,,,,,,,,,,
AK,2010,AK2010,AK4,2002,2010,-0.010,0.181,0.011,0.141,-0.040,0.419,-0.100,0.769,-0.024,0.442,-0.050,0.817,,,,,,,,,,,,,,
AK,2012,AK2012,AK5,2012,2012,0.033,0.446,0.033,0.409,0.000,0,0.000,0,-0.023,0.432,-0.023,0.417,,,,,,,,,,,,,,
AK,2014,AK2014,AK5.1,2014,2014,0.047,0.637,0.047,0.548,0.013,0.125,0.013,0.145,0.002,0.036,0.002,0.034,,,,,,,,,,,,,,
AR,1992,AR1992,AR3,1992,2000,0.113,0.975,0.167,0.995,0.157,0.94,0.207,0.982,0.029,0.534,0.021,0.378,,,,,,,,,,,,,,
AR,1994,AR1994,AR3,1992,2000,0.113,0.975,0.183,0.997,0.157,0.94,0.190,0.967,0.029,0.534,0.017,0.334,,,,,,,,,,,,,,
AR,1996,AR1996,AR3,1992,2000,0.113,0.975,0.151,0.987,0.157,0.94,0.150,0.917,0.029,0.534,0.026,0.47,,,,,,,,,,,,,,
AR,1998,AR1998,AR3,1992,2000,0.113,0.975,0.051,0.582,0.157,0.94,0.110,0.817,0.029,0.534,0.034,0.589,,,,,,,,,,,,,,
AR,2000,AR2000,AR3,1992,2000,0.113,0.975,0.015,0.187,0.157,0.94,0.126,0.873,0.029,0.534,0.046,0.763,,,,,,,,,,,,,,
AR,2002,AR2002,AR4,2002,2010,0.067,0.759,0.046,0.535,0.080,0.721,0.090,0.735,0.032,0.59,0.035,0.614,,,,,,,,,,,,,,
AR,2004,AR2004,AR4,2002,2010,0.067,0.759,0.109,0.908,0.080,0.721,0.056,0.503,0.032,0.59,0.017,0.33,,,,,,,,,,,,,,
AR,2006,AR2006,AR4,2002,2010,0.067,0.759,0.066,0.715,0.080,0.721,0.110,0.817,0.032,0.59,0.032,0.557,,,,,,,,,,,,,,
AR,2008,AR2008,AR4,2002,2010,0.067,0.759,0.050,0.569,0.080,0.721,0.086,0.716,0.032,0.59,0.027,0.492,,,,,,,,,,,,,,
AR,2010,AR2010,AR4,2002,2010,0.067,0.759,0.063,0.678,0.080,0.721,0.060,0.548,0.032,0.59,0.050,0.814,,,,,,,,,,,,,,
AR,2012,AR2012,AR5,2012,2014,-0.003,0.056,0.022,0.279,-0.030,0.336,0.000,0,-0.007,0.145,0.003,0.062,,,,,,,,,,,,,,
AR,2014,AR2014,AR5,2012,2014,-0.003,0.056,-0.027,0.338,-0.030,0.336,-0.060,0.535,-0.007,0.145,-0.016,0.32,,,,,,,,,,,,,,
CA,1972,CA1972,CA0.1,1972,1972,0.024,0.327,0.024,0.299,0.032,0.353,0.032,0.318,0.027,0.502,0.027,0.493,,,,,,,,,,,,,,
CA,1974,CA1974,CA1,1974,1980,0.025,0.35,0.021,0.269,0.052,0.529,0.050,0.443,0.027,0.503,0.031,0.549,,,,,,,,,,,,,,
CA,1976,CA1976,CA1,1974,1980,0.025,0.35,0.040,0.478,0.052,0.529,0.038,0.385,0.027,0.503,0.021,0.391,,,,,,,,,,,,,,
CA,1978,CA1978,CA1,1974,1980,0.025,0.35,0.015,0.189,0.052,0.529,0.075,0.634,0.027,0.503,0.037,0.646,,,,,,,,,,,,,,
CA,1980,CA1980,CA1,1974,1980,0.025,0.35,0.025,0.315,0.052,0.529,0.044,0.422,0.027,0.503,0.020,0.376,,,,,,,,,,,,,,
CA,1982,CA1982,CA1.1,1982,1982,0.004,0.08,0.004,0.051,0.026,0.299,0.026,0.271,0.019,0.381,0.019,0.367,,,,,,,,,,,,,,
CA,1984,CA1984,CA2,1984,1990,0.002,0.032,0.040,0.475,0.039,0.4,0.057,0.517,0.043,0.757,0.051,0.827,,,,,,,,,,,,,,
CA,1986,CA1986,CA2,1984,1990,0.002,0.032,-0.023,0.294,0.039,0.4,0.038,0.38,0.043,0.757,0.048,0.792,,,,,,,,,,,,,,
CA,1988,CA1988,CA2,1984,1990,0.002,0.032,0.008,0.097,0.039,0.4,0.025,0.247,0.043,0.757,0.035,0.615,,,,,,,,,,,,,,
CA,1990,CA1990,CA2,1984,1990,0.002,0.032,-0.017,0.219,0.039,0.4,0.038,0.38,0.043,0.757,0.037,0.634,,,,,,,,,,,,,,
CA,1992,CA1992,CA3,1992,2000,-0.041,0.529,-0.018,0.237,0.015,0.163,0.038,0.38,0.005,0.117,0.016,0.317,,,,,,,,,,,,,,
CA,1994,CA1994,CA3,1992,2000,-0.041,0.529,-0.036,0.437,0.015,0.163,-0.025,0.247,0.005,0.117,-0.014,0.284,,,,,,,,,,,,,,
CA,1996,CA1996,CA3,1992,2000,-0.041,0.529,-0.049,0.561,0.015,0.163,-0.025,0.247,0.005,0.117,-0.030,0.544,,,,,,,,,,,,,,
CA,1998,CA1998,CA3,1992,2000,-0.041,0.529,-0.057,0.618,0.015,0.163,0.013,0.144,0.005,0.117,0.009,0.19,,,,,,,,,,,,,,
CA,2000,CA2000,CA3,1992,2000,-0.041,0.529,-0.046,0.536,0.015,0.163,0.075,0.634,0.005,0.117,0.047,0.776,,,,,,,,,,,,,,
CA,2002,CA2002,CA4,2002,2010,-0.033,0.447,-0.014,0.181,0.070,0.627,0.075,0.634,0.045,0.796,0.054,0.86,,,,,,,,,,,,,,
CA,2004,CA2004,CA4,2002,2010,-0.033,0.447,-0.018,0.225,0.070,0.627,0.038,0.38,0.045,0.796,0.032,0.566,,,,,,,,,,,,,,
CA,2006,CA2006,CA4,2002,2010,-0.033,0.447,-0.041,0.494,0.070,0.627,0.088,0.725,0.045,0.796,0.057,0.879,,,,,,,,,,,,,,
CA,2008,CA2008,CA4,2002,2010,-0.033,0.447,-0.089,0.837,0.070,0.627,0.075,0.634,0.045,0.796,0.049,0.805,,,,,,,,,,,,,,
CA,2010,CA2010,CA4,2002,2010,-0.033,0.447,-0.004,0.045,0.070,0.627,0.075,0.634,0.045,0.796,0.032,0.564,,,,,,,,,,,,,,
CA,2012,CA2012,CA5,2012,2014,0.013,0.204,-0.007,0.088,0.063,0.601,0.050,0.443,0.025,0.484,0.021,0.399,,,,,,,,,,,,,,
CA,2014,CA2014,CA5,2012,2014,0.013,0.204,0.032,0.4,0.063,0.601,0.075,0.634,0.025,0.484,0.029,0.521,,,,,,,,,,,,,,
CO,1972,CO1972,CO1,1972,1980,-0.041,0.529,-0.027,0.34,-0.042,0.442,0.008,0.08,-0.025,0.448,0.003,0.069,,,,,,,,,,,,,,
CO,1974,CO1974,CO1,1972,1980,-0.041,0.529,-0.018,0.239,-0.042,0.442,-0.054,0.494,-0.025,0.448,-0.030,0.527,,,,,,,,,,,,,,
CO,1976,CO1976,CO1,1972,1980,-0.041,0.529,-0.051,0.58,-0.042,0.442,-0.054,0.494,-0.025,0.448,-0.031,0.546,,,,,,,,,,,,,,
CO,1978,CO1978,CO1,1972,1980,-0.041,0.529,-0.067,0.721,-0.042,0.442,-0.085,0.708,-0.025,0.448,-0.054,0.851,,,,,,,,,,,,,,
CO,1980,CO1980,CO1,1972,1980,-0.041,0.529,-0.043,0.517,-0.042,0.442,-0.023,0.22,-0.025,0.448,-0.012,0.254,,,,,,,,,,,,,,
CO,1982,CO1982,CO2,1982,1990,-0.075,0.806,-0.065,0.707,-0.075,0.662,-0.054,0.494,-0.036,0.629,-0.031,0.553,,,,,,,,,,,,,,
CO,1984,CO1984,CO2,1982,1990,-0.075,0.806,-0.117,0.929,-0.075,0.662,-0.115,0.837,-0.036,0.629,-0.044,0.743,,,,,,,,,,,,,,
CO,1986,CO1986,CO2,1982,1990,-0.075,0.806,-0.059,0.65,-0.075,0.662,-0.069,0.604,-0.036,0.629,-0.044,0.735,,,,,,,,,,,,,,
CO,1988,CO1988,CO2,1982,1990,-0.075,0.806,-0.055,0.603,-0.075,0.662,-0.054,0.494,-0.036,0.629,-0.034,0.592,,,,,,,,,,,,,,
CO,1990,CO1990,CO2,1982,1990,-0.075,0.806,-0.080,0.791,-0.075,0.662,-0.085,0.708,-0.036,0.629,-0.027,0.482,,,,,,,,,,,,,,
CO,1992,CO1992,CO3,1992,2000,-0.041,0.522,-0.031,0.39,-0.032,0.354,-0.023,0.22,-0.013,0.287,-0.008,0.171,,,,,,,,,,,,,,
CO,1994,CO1994,CO3,1992,2000,-0.041,0.522,-0.008,0.102,-0.032,0.354,-0.008,0.08,-0.013,0.287,-0.001,0.024,,,,,,,,,,,,,,
CO,1996,CO1996,CO3,1992,2000,-0.041,0.522,-0.049,0.563,-0.032,0.354,-0.023,0.22,-0.013,0.287,-0.017,0.341,,,,,,,,,,,,,,
CO,1998,CO1998,CO3,1992,2000,-0.041,0.522,-0.058,0.632,-0.032,0.354,-0.085,0.708,-0.013,0.287,-0.027,0.483,,,,,,,,,,,,,,
CO,2000,CO2000,CO3,1992,2000,-0.041,0.522,-0.057,0.622,-0.032,0.354,-0.023,0.22,-0.013,0.287,-0.010,0.214,,,,,,,,,,,,,,
CO,2002,CO2002,CO4,2002,2010,0.008,0.122,-0.018,0.236,0.026,0.313,0.023,0.22,0.010,0.233,0.003,0.054,,,,,,,,,,,,,,
CO,2004,CO2004,CO4,2002,2010,0.008,0.122,0.015,0.19,0.026,0.313,0.008,0.08,0.010,0.233,0.006,0.12,,,,,,,,,,,,,,
CO,2006,CO2006,CO4,2002,2010,0.008,0.122,0.012,0.148,0.026,0.313,0.023,0.22,0.010,0.233,0.003,0.059,,,,,,,,,,,,,,
CO,2008,CO2008,CO4,2002,2010,0.008,0.122,0.008,0.104,0.026,0.313,0.038,0.385,0.010,0.233,0.027,0.488,,,,,,,,,,,,,,
CO,2010,CO2010,CO4,2002,2010,0.008,0.122,0.023,0.288,0.026,0.313,0.038,0.385,0.010,0.233,0.012,0.239,,,,,,,,,,,,,,
CO,2012,CO2012,CO5,2012,2014,0.042,0.548,0.025,0.322,0.062,0.592,0.054,0.499,0.023,0.439,0.021,0.4,,,,,,,,,,,,,,
CO,2014,CO2014,CO5,2012,2014,0.042,0.548,0.058,0.634,0.062,0.592,0.069,0.604,0.023,0.439,0.025,0.452,,,,,,,,,,,,,,
CT,1972,CT1972,CT1,1972,1980,0.022,0.299,-0.085,0.818,-0.006,0.051,-0.089,0.73,0.000,0.006,-0.025,0.457,,,,,,,,,,,,,,
CT,1974,CT1974,CT1,1972,1980,0.022,0.299,0.087,0.829,-0.006,0.051,-0.023,0.229,0.000,0.006,-0.003,0.073,,,,,,,,,,,,,,
CT,1976,CT1976,CT1,1972,1980,0.022,0.299,0.047,0.546,-0.006,0.051,0.010,0.101,0.000,0.006,0.002,0.033,,,,,,,,,,,,,,
CT,1978,CT1978,CT1,1972,1980,0.022,0.299,0.040,0.484,-0.006,0.051,0.063,0.562,0.000,0.006,0.021,0.385,,,,,,,,,,,,,,
CT,1980,CT1980,CT1,1972,1980,0.022,0.299,0.020,0.259,-0.006,0.051,0.010,0.101,0.000,0.006,0.005,0.104,,,,,,,,,,,,,,
CT,1982,CT1982,CT2,1982,1990,0.002,0.037,-0.009,0.112,0.019,0.228,0.010,0.101,0.013,0.293,0.001,0.029,,,,,,,,,,,,,,
CT,1984,CT1984,CT2,1982,1990,0.002,0.037,-0.001,0.005,0.019,0.228,0.023,0.229,0.013,0.293,0.019,0.364,,,,,,,,,,,,,,
CT,1986,CT1986,CT2,1982,1990,0.002,0.037,-0.011,0.144,0.019,0.228,-0.010,0.098,0.013,0.293,-0.007,0.154,,,,,,,,,,,,,,
CT,1988,CT1988,CT2,1982,1990,0.002,0.037,0.001,0.018,0.019,0.228,0.017,0.161,0.013,0.293,0.015,0.31,,,,,,,,,,,,,,
CT,1990,CT1990,CT2,1982,1990,0.002,0.037,0.031,0.387,0.019,0.228,0.056,0.513,0.013,0.293,0.035,0.609,,,,,,,,,,,,,,
CT,1992,CT1992,CT3,1992,2000,-0.027,0.378,-0.084,0.815,0.019,0.222,-0.089,0.73,0.011,0.254,-0.032,0.567,,,,,,,,,,,,,,
CT,1994,CT1994,CT3,1992,2000,-0.027,0.378,0.007,0.085,0.019,0.222,0.010,0.101,0.011,0.254,0.002,0.048,,,,,,,,,,,,,,
CT,1996,CT1996,CT3,1992,2000,-0.027,0.378,-0.039,0.47,0.019,0.222,0.056,0.513,0.011,0.254,0.031,0.554,,,,,,,,,,,,,,
CT,1998,CT1998,CT3,1992,2000,-0.027,0.378,0.005,0.069,0.019,0.222,0.063,0.562,0.011,0.254,0.024,0.445,,,,,,,,,,,,,,
CT,2000,CT2000,CT3,1992,2000,-0.027,0.378,-0.023,0.285,0.019,0.222,0.056,0.513,0.011,0.254,0.030,0.525,,,,,,,,,,,,,,
CT,2002,CT2002,CT4,2002,2010,-0.001,0.013,0.002,0.027,0.026,0.301,0.036,0.364,0.014,0.322,0.019,0.361,,,,,,,,,,,,,,
CT,2004,CT2004,CT4,2002,2010,-0.001,0.013,-0.009,0.117,0.026,0.301,0.050,0.441,0.014,0.322,0.016,0.324,,,,,,,,,,,,,,
CT,2006,CT2006,CT4,2002,2010,-0.001,0.013,-0.022,0.282,0.026,0.301,0.050,0.441,0.014,0.322,0.037,0.643,,,,,,,,,,,,,,
CT,2008,CT2008,CT4,2002,2010,-0.001,0.013,-0.006,0.079,0.026,0.301,-0.010,0.098,0.014,0.322,0.000,0.006,,,,,,,,,,,,,,
CT,2010,CT2010,CT4,2002,2010,-0.001,0.013,0.030,0.368,0.026,0.301,0.003,0.038,0.014,0.322,0.001,0.011,,,,,,,,,,,,,,
CT,2012,CT2012,CT5,2012,2014,-0.011,0.187,-0.034,0.414,-0.010,0.092,0.003,0.038,-0.001,0.025,0.003,0.07,,,,,,,,,,,,,,
CT,2014,CT2014,CT5,2012,2014,-0.011,0.187,0.012,0.152,-0.010,0.092,-0.023,0.229,-0.001,0.025,-0.005,0.096,,,,,,,,,,,,,,
DE,1972,DE1972,DE1,1972,1980,-0.028,0.387,-0.046,0.532,0.022,0.237,-0.012,0.134,0.011,0.241,-0.006,0.126,,,,,,,,,,,,,,
DE,1974,DE1974,DE1,1972,1980,-0.028,0.387,-0.008,0.103,0.022,0.237,0.012,0.134,0.011,0.241,0.004,0.09,,,,,,,,,,,,,,
DE,1976,DE1976,DE1,1972,1980,-0.028,0.387,0.018,0.232,0.022,0.237,0.110,0.811,0.011,0.241,0.037,0.645,,,,,,,,,,,,,,
DE,1978,DE1978,DE1,1972,1980,-0.028,0.387,-0.028,0.355,0.022,0.237,0.012,0.134,0.011,0.241,0.020,0.373,,,,,,,,,,,,,,
DE,1980,DE1980,DE1,1972,1980,-0.028,0.387,-0.076,0.767,0.022,0.237,-0.012,0.134,0.011,0.241,-0.001,0.023,,,,,,,,,,,,,,
DE,1982,DE1982,DE2,1982,1990,0.002,0.043,0.085,0.819,0.017,0.19,0.110,0.811,-0.006,0.139,0.023,0.419,,,,,,,,,,,,,,
DE,1984,DE1984,DE2,1982,1990,0.002,0.043,-0.026,0.331,0.017,0.19,0.012,0.134,-0.006,0.139,0.004,0.092,,,,,,,,,,,,,,
DE,1986,DE1986,DE2,1982,1990,0.002,0.043,-0.018,0.222,0.017,0.19,0.037,0.371,-0.006,0.139,0.006,0.125,,,,,,,,,,,,,,
DE,1988,DE1988,DE2,1982,1990,0.002,0.043,0.034,0.411,0.017,0.19,-0.012,0.134,-0.006,0.139,-0.023,0.427,,,,,,,,,,,,,,
DE,1990,DE1990,DE2,1982,1990,0.002,0.043,-0.063,0.679,0.017,0.19,-0.061,0.553,-0.006,0.139,-0.041,0.697,,,,,,,,,,,,,,
DE,1992,DE1992,DE3,1992,2000,-0.091,0.901,-0.058,0.631,-0.110,0.837,-0.061,0.553,-0.069,0.964,-0.037,0.65,,,,,,,,,,,,,,
DE,1994,DE1994,DE3,1992,2000,-0.091,0.901,-0.026,0.329,-0.110,0.837,-0.085,0.712,-0.069,0.964,-0.074,0.953,,,,,,,,,,,,,,
DE,1996,DE1996,DE3,1992,2000,-0.091,0.901,-0.115,0.926,-0.110,0.837,-0.159,0.936,-0.069,0.964,-0.066,0.924,,,,,,,,,,,,,,
DE,1998,DE1998,DE3,1992,2000,-0.091,0.901,-0.082,0.804,-0.110,0.837,-0.110,0.811,-0.069,0.964,-0.074,0.952,,,,,,,,,,,,,,
DE,2000,DE2000,DE3,1992,2000,-0.091,0.901,-0.176,0.996,-0.110,0.837,-0.134,0.888,-0.069,0.964,-0.094,0.996,,,,,,,,,,,,,,
DE,2002,DE2002,DE4,2002,2010,-0.093,0.907,-0.111,0.913,-0.105,0.818,-0.085,0.712,-0.064,0.955,-0.069,0.934,,,,,,,,,,,,,,
DE,2004,DE2004,DE4,2002,2010,-0.093,0.907,-0.156,0.989,-0.105,0.818,-0.159,0.936,-0.064,0.955,-0.094,0.995,,,,,,,,,,,,,,
DE,2006,DE2006,DE4,2002,2010,-0.093,0.907,-0.151,0.986,-0.105,0.818,-0.110,0.811,-0.064,0.955,-0.090,0.991,,,,,,,,,,,,,,
DE,2008,DE2008,DE4,2002,2010,-0.093,0.907,-0.058,0.645,-0.105,0.818,-0.134,0.888,-0.064,0.955,-0.054,0.857,,,,,,,,,,,,,,
DE,2010,DE2010,DE4,2002,2010,-0.093,0.907,0.012,0.155,-0.105,0.818,-0.037,0.369,-0.064,0.955,-0.014,0.287,,,,,,,,,,,,,,
DE,2012,DE2012,DE5,2012,2014,-0.023,0.318,-0.050,0.575,0.024,0.278,0.012,0.134,0.021,0.413,0.019,0.366,,,,,,,,,,,,,,
DE,2014,DE2014,DE5,2012,2014,-0.023,0.318,0.004,0.061,0.024,0.278,0.037,0.371,0.021,0.413,0.023,0.424,,,,,,,,,,,,,,
FL,1972,FL1972,FL1,1972,1980,0.070,0.785,0.099,0.882,0.102,0.809,0.100,0.769,0.034,0.614,0.043,0.724,,,,,,,,,,,,,,
FL,1974,FL1974,FL1,1972,1980,0.070,0.785,0.053,0.594,0.102,0.809,0.083,0.698,0.034,0.614,0.035,0.613,,,,,,,,,,,,,,
FL,1976,FL1976,FL1,1972,1980,0.070,0.785,0.052,0.587,0.102,0.809,0.092,0.743,0.034,0.614,0.035,0.619,,,,,,,,,,,,,,
FL,1978,FL1978,FL1,1972,1980,0.070,0.785,0.064,0.701,0.102,0.809,0.117,0.842,0.034,0.614,0.030,0.529,,,,,,,,,,,,,,
FL,1980,FL1980,FL1,1972,1980,0.070,0.785,0.083,0.813,0.102,0.809,0.117,0.842,0.034,0.614,0.028,0.508,,,,,,,,,,,,,,
FL,1982,FL1982,FL2,1982,1990,0.060,0.717,0.072,0.744,0.078,0.703,0.100,0.769,0.044,0.78,0.043,0.718,,,,,,,,,,,,,,
FL,1984,FL1984,FL2,1982,1990,0.060,0.717,0.083,0.814,0.078,0.703,0.100,0.769,0.044,0.78,0.053,0.842,,,,,,,,,,,,,,
FL,1986,FL1986,FL2,1982,1990,0.060,0.717,0.047,0.544,0.078,0.703,0.067,0.582,0.044,0.78,0.046,0.764,,,,,,,,,,,,,,
FL,1988,FL1988,FL2,1982,1990,0.060,0.717,0.065,0.708,0.078,0.703,0.067,0.582,0.044,0.78,0.045,0.755,,,,,,,,,,,,,,
FL,1990,FL1990,FL2,1982,1990,0.060,0.717,0.034,0.413,0.078,0.703,0.058,0.525,0.044,0.78,0.032,0.573,,,,,,,,,,,,,,
FL,1992,FL1992,FL3,1992,2000,-0.032,0.414,0.033,0.403,-0.035,0.373,0.000,0,-0.020,0.394,0.009,0.185,,,,,,,,,,,,,,
FL,1994,FL1994,FL3,1992,2000,-0.032,0.414,0.042,0.512,-0.035,0.373,0.042,0.405,-0.020,0.394,0.016,0.316,,,,,,,,,,,,,,
FL,1996,FL1996,FL3,1992,2000,-0.032,0.414,-0.017,0.217,-0.035,0.373,-0.008,0.085,-0.020,0.394,-0.024,0.438,,,,,,,,,,,,,,
FL,1998,FL1998,FL3,1992,2000,-0.032,0.414,-0.099,0.88,-0.035,0.373,-0.092,0.743,-0.020,0.394,-0.068,0.931,,,,,,,,,,,,,,
FL,2000,FL2000,FL3,1992,2000,-0.032,0.414,-0.117,0.93,-0.035,0.373,-0.117,0.842,-0.020,0.394,-0.035,0.611,,,,,,,,,,,,,,
FL,2002,FL2002,FL4,2002,2010,-0.112,0.968,-0.089,0.834,-0.143,0.918,-0.150,0.917,-0.061,0.941,-0.085,0.981,,,,,,,,,,,,,,
FL,2004,FL2004,FL4,2002,2010,-0.112,0.968,-0.124,0.945,-0.143,0.918,-0.164,0.945,-0.061,0.941,-0.057,0.878,,,,,,,,,,,,,,
FL,2006,FL2006,FL4,2002,2010,-0.112,0.968,-0.128,0.957,-0.143,0.918,-0.125,0.871,-0.061,0.941,-0.054,0.855,,,,,,,,,,,,,,
FL,2008,FL2008,FL4,2002,2010,-0.112,0.968,-0.136,0.971,-0.143,0.918,-0.133,0.884,-0.061,0.941,-0.052,0.831,,,,,,,,,,,,,,
FL,2010,FL2010,FL4,2002,2010,-0.112,0.968,-0.084,0.817,-0.143,0.918,-0.142,0.903,-0.061,0.941,-0.059,0.885,,,,,,,,,,,,,,
FL,2012,FL2012,FL5,2012,2014,-0.137,0.997,-0.160,0.992,-0.136,0.904,-0.150,0.917,-0.046,0.819,-0.043,0.726,,,,,,,,,,,,,,
FL,2014,FL2014,FL5,2012,2014,-0.137,0.997,-0.114,0.921,-0.136,0.904,-0.122,0.864,-0.046,0.819,-0.050,0.806,,,,,,,,,,,,,,
GA,1972,GA1972,GA1,1972,1980,0.099,0.934,0.193,0.999,0.245,0.995,0.261,1,0.036,0.648,0.034,0.599,,,,,,,,,,,,,,
GA,1974,GA1974,GA1,1972,1980,0.099,0.934,0.103,0.894,0.245,0.995,0.243,0.996,0.036,0.648,0.030,0.534,,,,,,,,,,,,,,
GA,1976,GA1976,GA1,1972,1980,0.099,0.934,0.042,0.506,0.245,0.995,0.233,0.992,0.036,0.648,0.035,0.606,,,,,,,,,,,,,,
GA,1978,GA1978,GA1,1972,1980,0.099,0.934,0.079,0.789,0.245,0.995,0.250,0.999,0.036,0.648,0.039,0.675,,,,,,,,,,,,,,
GA,1980,GA1980,GA1,1972,1980,0.099,0.934,0.077,0.772,0.245,0.995,0.237,0.995,0.036,0.648,0.043,0.73,,,,,,,,,,,,,,
GA,1982,GA1982,GA2,1982,1990,0.116,0.983,0.078,0.782,0.207,0.989,0.233,0.992,0.052,0.882,0.040,0.682,,,,,,,,,,,,,,
GA,1984,GA1984,GA2,1982,1990,0.116,0.983,0.197,1,0.207,0.989,0.228,0.991,0.052,0.882,0.045,0.753,,,,,,,,,,,,,,
GA,1986,GA1986,GA2,1982,1990,0.116,0.983,0.111,0.912,0.207,0.989,0.198,0.973,0.052,0.882,0.049,0.797,,,,,,,,,,,,,,
GA,1988,GA1988,GA2,1982,1990,0.116,0.983,0.135,0.969,0.207,0.989,0.182,0.966,0.052,0.882,0.062,0.902,,,,,,,,,,,,,,
GA,1990,GA1990,GA2,1982,1990,0.116,0.983,0.057,0.623,0.207,0.989,0.193,0.968,0.052,0.882,0.064,0.913,,,,,,,,,,,,,,
GA,1992,GA1992,GA3,1992,2000,0.046,0.611,0.133,0.966,0.078,0.679,0.167,0.948,0.042,0.744,0.038,0.652,,,,,,,,,,,,,,
GA,1994,GA1994,GA3,1992,2000,0.046,0.611,0.092,0.851,0.078,0.679,0.106,0.792,0.042,0.744,0.056,0.87,,,,,,,,,,,,,,
GA,1996,GA1996,GA3,1992,2000,0.046,0.611,0.015,0.197,0.078,0.679,0.056,0.503,0.042,0.744,0.041,0.701,,,,,,,,,,,,,,
GA,1998,GA1998,GA3,1992,2000,0.046,0.611,-0.018,0.224,0.078,0.679,0.022,0.218,0.042,0.744,0.030,0.53,,,,,,,,,,,,,,
GA,2000,GA2000,GA3,1992,2000,0.046,0.611,0.008,0.092,0.078,0.679,0.039,0.389,0.042,0.744,0.043,0.727,,,,,,,,,,,,,,
GA,2002,GA2002,GA3.1,2002,2002,0.069,0.772,0.069,0.727,0.092,0.786,0.092,0.752,0.051,0.873,0.051,0.819,,,,,,,,,,,,,,
GA,2004,GA2004,GA4,2004,2010,-0.038,0.476,-0.007,0.084,-0.069,0.622,-0.017,0.162,-0.076,0.978,-0.024,0.451,,,,,,,,,,,,,,
GA,2006,GA2006,GA4,2004,2010,-0.038,0.476,-0.039,0.471,-0.069,0.622,-0.078,0.666,-0.076,0.978,-0.107,1,,,,,,,,,,,,,,
GA,2008,GA2008,GA4,2004,2010,-0.038,0.476,-0.085,0.824,-0.069,0.622,-0.083,0.694,-0.076,0.978,-0.084,0.98,,,,,,,,,,,,,,
GA,2010,GA2010,GA4,2004,2010,-0.038,0.476,-0.020,0.255,-0.069,0.622,-0.098,0.767,-0.076,0.978,-0.088,0.989,,,,,,,,,,,,,,
GA,2012,GA2012,GA5,2012,2014,-0.063,0.732,-0.074,0.755,-0.140,0.91,-0.137,0.892,-0.089,0.997,-0.087,0.987,,,,,,,,,,,,,,
GA,2014,GA2014,GA5,2012,2014,-0.063,0.732,-0.051,0.583,-0.140,0.91,-0.142,0.906,-0.089,0.997,-0.091,0.992,,,,,,,,,,,,,,
HI,1982,HI1982,HI1.1,1982,1982,0.077,0.825,0.077,0.777,0.206,0.987,0.206,0.977,0.015,0.335,0.015,0.302,,,,,,,,,,,,,,
HI,1984,HI1984,HI2,1984,1990,0.038,0.497,0.058,0.638,0.113,0.861,0.147,0.911,0.047,0.833,0.051,0.825,,,,,,,,,,,,,,
HI,1986,HI1986,HI2,1984,1990,0.038,0.497,0.023,0.292,0.113,0.861,0.127,0.876,0.047,0.833,0.053,0.839,,,,,,,,,,,,,,
HI,1988,HI1988,HI2,1984,1990,0.038,0.497,0.054,0.599,0.113,0.861,0.069,0.603,0.047,0.833,0.043,0.72,,,,,,,,,,,,,,
HI,1990,HI1990,HI2,1984,1990,0.038,0.497,0.018,0.228,0.113,0.861,0.108,0.805,0.047,0.833,0.041,0.699,,,,,,,,,,,,,,
HI,1992,HI1992,HI3,1992,2000,0.066,0.741,0.125,0.948,0.127,0.883,0.167,0.948,0.041,0.718,0.039,0.668,,,,,,,,,,,,,,
HI,1994,HI1994,HI3,1992,2000,0.066,0.741,0.097,0.874,0.127,0.883,0.206,0.977,0.041,0.718,0.039,0.673,,,,,,,,,,,,,,
HI,1996,HI1996,HI3,1992,2000,0.066,0.741,0.066,0.712,0.127,0.883,0.147,0.911,0.041,0.718,0.063,0.906,,,,,,,,,,,,,,
HI,1998,HI1998,HI3,1992,2000,0.066,0.741,0.055,0.604,0.127,0.883,0.088,0.726,0.041,0.718,0.048,0.794,,,,,,,,,,,,,,
HI,2000,HI2000,HI3,1992,2000,0.066,0.741,-0.015,0.192,0.127,0.883,0.029,0.289,0.041,0.718,0.015,0.304,,,,,,,,,,,,,,
HI,2002,HI2002,HI4,2002,2010,0.070,0.773,0.068,0.726,0.086,0.746,0.020,0.185,0.028,0.527,0.024,0.442,,,,,,,,,,,,,,
HI,2004,HI2004,HI4,2002,2010,0.070,0.773,0.127,0.954,0.086,0.746,0.010,0.097,0.028,0.527,0.005,0.093,,,,,,,,,,,,,,
HI,2006,HI2006,HI4,2002,2010,0.070,0.773,0.031,0.385,0.086,0.746,0.108,0.805,0.028,0.527,0.054,0.861,,,,,,,,,,,,,,
HI,2008,HI2008,HI4,2002,2010,0.070,0.773,0.063,0.685,0.086,0.746,0.206,0.977,0.028,0.527,0.032,0.563,,,,,,,,,,,,,,
HI,2010,HI2010,HI4,2002,2010,0.070,0.773,0.060,0.657,0.086,0.746,0.088,0.726,0.028,0.527,0.027,0.489,,,,,,,,,,,,,,
HI,2012,HI2012,HI5,2012,2014,0.027,0.385,-0.011,0.135,0.157,0.946,0.108,0.805,0.039,0.697,0.036,0.633,,,,,,,,,,,,,,
HI,2014,HI2014,HI5,2012,2014,0.027,0.385,0.065,0.702,0.157,0.946,0.206,0.977,0.039,0.697,0.042,0.706,,,,,,,,,,,,,,
IL,1982,IL1982,IL2,1982,1990,-0.034,0.454,-0.018,0.234,0.025,0.293,0.000,0,0.025,0.478,0.003,0.055,,,,,,,,,,,,,,
IL,1984,IL1984,IL2,1982,1990,-0.034,0.454,-0.002,0.029,0.025,0.293,0.051,0.47,0.025,0.478,0.039,0.679,,,,,,,,,,,,,,
IL,1986,IL1986,IL2,1982,1990,-0.034,0.454,-0.063,0.688,0.025,0.293,0.017,0.171,0.025,0.478,0.025,0.456,,,,,,,,,,,,,,
IL,1988,IL1988,IL2,1982,1990,-0.034,0.454,-0.046,0.538,0.025,0.293,0.017,0.171,0.025,0.478,0.011,0.236,,,,,,,,,,,,,,
IL,1990,IL1990,IL2,1982,1990,-0.034,0.454,-0.041,0.502,0.025,0.293,0.042,0.408,0.025,0.478,0.048,0.789,,,,,,,,,,,,,,
IL,1992,IL1992,IL3,1992,2000,-0.103,0.95,-0.065,0.706,-0.044,0.469,-0.059,0.526,-0.037,0.665,-0.036,0.627,,,,,,,,,,,,,,
IL,1994,IL1994,IL3,1992,2000,-0.103,0.95,-0.058,0.639,-0.044,0.469,-0.059,0.526,-0.037,0.665,-0.028,0.499,,,,,,,,,,,,,,
IL,1996,IL1996,IL3,1992,2000,-0.103,0.95,-0.132,0.964,-0.044,0.469,-0.059,0.526,-0.037,0.665,-0.055,0.862,,,,,,,,,,,,,,
IL,1998,IL1998,IL3,1992,2000,-0.103,0.95,-0.136,0.972,-0.044,0.469,-0.034,0.343,-0.037,0.665,-0.037,0.651,,,,,,,,,,,,,,
IL,2000,IL2000,IL3,1992,2000,-0.103,0.95,-0.126,0.949,-0.044,0.469,-0.008,0.087,-0.037,0.665,-0.029,0.516,,,,,,,,,,,,,,
IL,2002,IL2002,IL4,2002,2010,-0.079,0.832,-0.069,0.731,0.017,0.183,0.008,0.087,0.019,0.368,0.032,0.561,,,,,,,,,,,,,,
IL,2004,IL2004,IL4,2002,2010,-0.079,0.832,-0.090,0.838,0.017,0.183,0.008,0.087,0.019,0.368,0.021,0.396,,,,,,,,,,,,,,
IL,2006,IL2006,IL4,2002,2010,-0.079,0.832,-0.126,0.95,0.017,0.183,0.000,0,0.019,0.368,-0.005,0.097,,,,,,,,,,,,,,
IL,2008,IL2008,IL4,2002,2010,-0.079,0.832,-0.114,0.922,0.017,0.183,0.042,0.408,0.019,0.368,0.034,0.595,,,,,,,,,,,,,,
IL,2010,IL2010,IL4,2002,2010,-0.079,0.832,0.004,0.064,0.017,0.183,0.025,0.27,0.019,0.368,0.012,0.242,,,,,,,,,,,,,,
IL,2012,IL2012,IL5,2012,2014,-0.006,0.104,-0.036,0.436,0.021,0.234,0.034,0.343,0.016,0.346,0.027,0.49,,,,,,,,,,,,,,
IL,2014,IL2014,IL5,2012,2014,-0.006,0.104,0.024,0.301,0.021,0.234,0.008,0.087,0.016,0.346,0.005,0.111,,,,,,,,,,,,,,
IN,1992,IN1992,IN3,1992,2000,0.031,0.401,0.039,0.468,0.026,0.307,0.020,0.185,0.015,0.329,0.005,0.094,,,,,,,,,,,,,,
IN,1994,IN1994,IN3,1992,2000,0.031,0.401,0.037,0.442,0.026,0.307,0.050,0.443,0.015,0.329,0.014,0.279,,,,,,,,,,,,,,
IN,1996,IN1996,IN3,1992,2000,0.031,0.401,0.008,0.094,0.026,0.307,0.000,0,0.015,0.329,-0.005,0.106,,,,,,,,,,,,,,
IN,1998,IN1998,IN3,1992,2000,0.031,0.401,0.028,0.352,0.026,0.307,0.030,0.296,0.015,0.329,0.030,0.532,,,,,,,,,,,,,,
IN,2000,IN2000,IN3,1992,2000,0.031,0.401,0.041,0.497,0.026,0.307,0.030,0.296,0.015,0.329,0.032,0.558,,,,,,,,,,,,,,
IN,2002,IN2002,IN4,2002,2010,0.023,0.312,0.102,0.893,0.006,0.057,0.040,0.391,0.011,0.247,0.048,0.787,,,,,,,,,,,,,,
IN,2004,IN2004,IN4,2002,2010,0.023,0.312,0.043,0.513,0.006,0.057,0.010,0.106,0.011,0.247,0.018,0.346,,,,,,,,,,,,,,
IN,2006,IN2006,IN4,2002,2010,0.023,0.312,-0.029,0.362,0.006,0.057,0.010,0.106,0.011,0.247,0.012,0.243,,,,,,,,,,,,,,
IN,2008,IN2008,IN4,2002,2010,0.023,0.312,-0.011,0.145,0.006,0.057,-0.010,0.106,0.011,0.247,-0.005,0.113,,,,,,,,,,,,,,
IN,2010,IN2010,IN4,2002,2010,0.023,0.312,0.009,0.107,0.006,0.057,-0.020,0.185,0.011,0.247,-0.018,0.349,,,,,,,,,,,,,,
IN,2012,IN2012,IN5,2012,2014,-0.106,0.957,-0.136,0.973,-0.125,0.88,-0.130,0.883,-0.052,0.894,-0.050,0.808,,,,,,,,,,,,,,
IN,2014,IN2014,IN5,2012,2014,-0.106,0.957,-0.075,0.764,-0.125,0.88,-0.120,0.857,-0.052,0.894,-0.055,0.866,,,,,,,,,,,,,,
IA,1972,IA1972,IA1,1972,1980,-0.002,0.025,-0.044,0.518,0.012,0.117,-0.010,0.106,0.003,0.055,-0.003,0.052,,,,,,,,,,,,,,
IA,1974,IA1974,IA1,1972,1980,-0.002,0.025,0.027,0.343,0.012,0.117,0.000,0,0.003,0.055,-0.001,0.017,,,,,,,,,,,,,,
IA,1976,IA1976,IA1,1972,1980,-0.002,0.025,0.044,0.525,0.012,0.117,0.020,0.185,0.003,0.055,0.009,0.195,,,,,,,,,,,,,,
IA,1978,IA1978,IA1,1972,1980,-0.002,0.025,-0.004,0.047,0.012,0.117,0.050,0.443,0.003,0.055,0.007,0.149,,,,,,,,,,,,,,
IA,1980,IA1980,IA1,1972,1980,-0.002,0.025,-0.032,0.394,0.012,0.117,0.000,0,0.003,0.055,0.000,0.004,,,,,,,,,,,,,,
IA,1982,IA1982,IA2,1982,1990,0.038,0.482,0.045,0.529,0.024,0.271,0.030,0.296,0.010,0.22,0.012,0.251,,,,,,,,,,,,,,
IA,1984,IA1984,IA2,1982,1990,0.038,0.482,0.064,0.694,0.024,0.271,0.060,0.548,0.010,0.22,0.021,0.386,,,,,,,,,,,,,,
IA,1986,IA1986,IA2,1982,1990,0.038,0.482,0.027,0.346,0.024,0.271,0.000,0,0.010,0.22,0.000,0.008,,,,,,,,,,,,,,
IA,1988,IA1988,IA2,1982,1990,0.038,0.482,0.035,0.423,0.024,0.271,0.010,0.106,0.010,0.22,0.010,0.204,,,,,,,,,,,,,,
IA,1990,IA1990,IA2,1982,1990,0.038,0.482,0.019,0.245,0.024,0.271,0.020,0.185,0.010,0.22,0.005,0.11,,,,,,,,,,,,,,
IA,1992,IA1992,IA3,1992,2000,-0.043,0.566,-0.021,0.274,-0.050,0.522,-0.030,0.296,-0.021,0.406,-0.013,0.268,,,,,,,,,,,,,,
IA,1994,IA1994,IA3,1992,2000,-0.043,0.566,-0.060,0.656,-0.050,0.522,-0.080,0.669,-0.021,0.406,-0.015,0.306,,,,,,,,,,,,,,
IA,1996,IA1996,IA3,1992,2000,-0.043,0.566,-0.019,0.252,-0.050,0.522,-0.030,0.296,-0.021,0.406,-0.023,0.422,,,,,,,,,,,,,,
IA,1998,IA1998,IA3,1992,2000,-0.043,0.566,-0.050,0.577,-0.050,0.522,-0.050,0.443,-0.021,0.406,-0.017,0.339,,,,,,,,,,,,,,
IA,2000,IA2000,IA3,1992,2000,-0.043,0.566,-0.064,0.699,-0.050,0.522,-0.060,0.535,-0.021,0.406,-0.036,0.625,,,,,,,,,,,,,,
IA,2002,IA2002,IA4,2002,2010,-0.011,0.191,-0.041,0.492,-0.007,0.07,-0.040,0.391,-0.005,0.111,-0.020,0.377,,,,,,,,,,,,,,
IA,2004,IA2004,IA4,2002,2010,-0.011,0.191,-0.015,0.196,-0.007,0.07,-0.010,0.106,-0.005,0.111,-0.016,0.322,,,,,,,,,,,,,,
IA,2006,IA2006,IA4,2002,2010,-0.011,0.191,-0.017,0.214,-0.007,0.07,-0.025,0.259,-0.005,0.111,-0.005,0.116,,,,,,,,,,,,,,
IA,2008,IA2008,IA4,2002,2010,-0.011,0.191,0.025,0.318,-0.007,0.07,0.010,0.106,-0.005,0.111,0.007,0.144,,,,,,,,,,,,,,
IA,2010,IA2010,IA4,2002,2010,-0.011,0.191,-0.009,0.116,-0.007,0.07,0.030,0.296,-0.005,0.111,0.009,0.197,,,,,,,,,,,,,,
IA,2012,IA2012,IA5,2012,2014,-0.032,0.409,-0.066,0.713,-0.055,0.553,-0.060,0.535,-0.025,0.455,-0.022,0.404,,,,,,,,,,,,,,
IA,2014,IA2014,IA5,2012,2014,-0.032,0.409,0.003,0.037,-0.055,0.553,-0.050,0.443,-0.025,0.455,-0.028,0.507,,,,,,,,,,,,,,
KS,1972,KS1972,KS1,1972,1980,-0.050,0.639,-0.100,0.885,-0.045,0.484,-0.076,0.661,-0.021,0.422,-0.029,0.522,,,,,,,,,,,,,,
KS,1974,KS1974,KS1,1972,1980,-0.050,0.639,-0.092,0.85,-0.045,0.484,-0.076,0.661,-0.021,0.422,-0.033,0.58,,,,,,,,,,,,,,
KS,1976,KS1976,KS1,1972,1980,-0.050,0.639,-0.033,0.404,-0.045,0.484,-0.020,0.185,-0.021,0.422,-0.010,0.225,,,,,,,,,,,,,,
KS,1978,KS1978,KS1,1972,1980,-0.050,0.639,-0.037,0.438,-0.045,0.484,-0.032,0.322,-0.021,0.422,-0.009,0.196,,,,,,,,,,,,,,
KS,1980,KS1980,KS1,1972,1980,-0.050,0.639,0.011,0.138,-0.045,0.484,-0.020,0.185,-0.021,0.422,-0.025,0.465,,,,,,,,,,,,,,
KS,1982,KS1982,KS2,1982,1988,-0.032,0.42,-0.053,0.592,-0.042,0.451,-0.044,0.42,-0.026,0.487,-0.015,0.292,,,,,,,,,,,,,,
KS,1984,KS1984,KS2,1982,1988,-0.032,0.42,-0.036,0.432,-0.042,0.451,-0.068,0.601,-0.026,0.487,-0.042,0.708,,,,,,,,,,,,,,
KS,1986,KS1986,KS2,1982,1988,-0.032,0.42,-0.037,0.45,-0.042,0.451,-0.060,0.535,-0.026,0.487,-0.049,0.799,,,,,,,,,,,,,,
KS,1988,KS1988,KS2,1982,1988,-0.032,0.42,-0.002,0.024,-0.042,0.451,0.004,0.042,-0.026,0.487,0.002,0.05,,,,,,,,,,,,,,
KS,1990,KS1990,KS2.1,1990,1990,-0.004,0.08,-0.004,0.05,0.012,0.117,0.012,0.132,0.002,0.051,0.002,0.047,,,,,,,,,,,,,,
KS,1992,KS1992,KS3,1992,2000,-0.017,0.242,0.006,0.071,-0.053,0.534,0.004,0.042,-0.031,0.571,0.000,0.001,,,,,,,,,,,,,,
KS,1994,KS1994,KS3,1992,2000,-0.017,0.242,0.002,0.028,-0.053,0.534,-0.008,0.084,-0.031,0.571,-0.004,0.082,,,,,,,,,,,,,,
KS,1996,KS1996,KS3,1992,2000,-0.017,0.242,0.004,0.059,-0.053,0.534,-0.084,0.702,-0.031,0.571,-0.042,0.712,,,,,,,,,,,,,,
KS,1998,KS1998,KS3,1992,2000,-0.017,0.242,-0.031,0.383,-0.053,0.534,-0.084,0.702,-0.031,0.571,-0.046,0.768,,,,,,,,,,,,,,
KS,2000,KS2000,KS3,1992,2000,-0.017,0.242,-0.064,0.696,-0.053,0.534,-0.092,0.745,-0.031,0.571,-0.064,0.917,,,,,,,,,,,,,,
KS,2002,KS2002,KS4,2002,2010,-0.060,0.724,-0.079,0.787,-0.089,0.78,-0.108,0.809,-0.041,0.731,-0.046,0.761,,,,,,,,,,,,,,
KS,2004,KS2004,KS4,2002,2010,-0.060,0.724,-0.057,0.628,-0.089,0.78,-0.092,0.745,-0.041,0.731,-0.046,0.762,,,,,,,,,,,,,,
KS,2006,KS2006,KS4,2002,2010,-0.060,0.724,-0.104,0.897,-0.089,0.78,-0.092,0.745,-0.041,0.731,-0.036,0.62,,,,,,,,,,,,,,
KS,2008,KS2008,KS4,2002,2010,-0.060,0.724,-0.037,0.448,-0.089,0.78,-0.060,0.535,-0.041,0.731,-0.046,0.766,,,,,,,,,,,,,,
KS,2010,KS2010,KS4,2002,2010,-0.060,0.724,-0.025,0.31,-0.089,0.78,-0.092,0.745,-0.041,0.731,-0.034,0.591,,,,,,,,,,,,,,
KS,2012,KS2012,KS5,2012,2014,-0.110,0.959,-0.105,0.898,-0.108,0.834,-0.092,0.745,-0.035,0.62,-0.030,0.531,,,,,,,,,,,,,,
KS,2014,KS2014,KS5,2012,2014,-0.110,0.959,-0.114,0.92,-0.108,0.834,-0.124,0.87,-0.035,0.62,-0.040,0.68,,,,,,,,,,,,,,
KY,1973,KY1973,KY1,1973,1981,0.042,0.553,0.040,0.487,0.146,0.925,0.180,0.964,0.045,0.806,0.035,0.605,,,,,,,,,,,,,,
KY,1975,KY1975,KY1,1973,1981,0.042,0.553,0.058,0.637,0.146,0.925,0.120,0.857,0.045,0.806,0.051,0.822,,,,,,,,,,,,,,
KY,1977,KY1977,KY1,1973,1981,0.042,0.553,0.048,0.552,0.146,0.925,0.150,0.917,0.045,0.806,0.043,0.732,,,,,,,,,,,,,,
KY,1979,KY1979,KY1,1973,1981,0.042,0.553,0.026,0.335,0.146,0.925,0.140,0.896,0.045,0.806,0.050,0.81,,,,,,,,,,,,,,
KY,1981,KY1981,KY1,1973,1981,0.042,0.553,0.039,0.466,0.146,0.925,0.140,0.896,0.045,0.806,0.047,0.778,,,,,,,,,,,,,,
KY,1984,KY1984,KY2,1984,1990,0.077,0.827,0.129,0.959,0.110,0.843,0.080,0.669,0.053,0.897,0.047,0.777,,,,,,,,,,,,,,
KY,1986,KY1986,KY2,1984,1990,0.077,0.827,0.039,0.469,0.110,0.843,0.160,0.939,0.053,0.897,0.056,0.869,,,,,,,,,,,,,,
KY,1988,KY1988,KY2,1984,1990,0.077,0.827,0.077,0.775,0.110,0.843,0.100,0.769,0.053,0.897,0.051,0.828,,,,,,,,,,,,,,
KY,1990,KY1990,KY2,1984,1990,0.077,0.827,0.064,0.698,0.110,0.843,0.100,0.769,0.053,0.897,0.059,0.888,,,,,,,,,,,,,,
KY,1992,KY1992,KY2.1,1992,1994,0.091,0.892,0.092,0.852,0.135,0.902,0.150,0.917,0.058,0.921,0.041,0.696,,,,,,,,,,,,,,
KY,1994,KY1994,KY2.1,1992,1994,0.091,0.892,0.089,0.833,0.135,0.902,0.120,0.857,0.058,0.921,0.074,0.957,,,,,,,,,,,,,,
KY,1996,KY1996,KY3,1996,2000,0.070,0.78,0.082,0.801,0.093,0.787,0.080,0.669,0.039,0.699,0.034,0.6,,,,,,,,,,,,,,
KY,1998,KY1998,KY3,1996,2000,0.070,0.78,0.035,0.427,0.093,0.787,0.080,0.669,0.039,0.699,0.033,0.586,,,,,,,,,,,,,,
KY,2000,KY2000,KY3,1996,2000,0.070,0.78,0.093,0.861,0.093,0.787,0.120,0.857,0.039,0.699,0.050,0.813,,,,,,,,,,,,,,
KY,2002,KY2002,KY4,2002,2012,0.038,0.489,0.064,0.689,0.067,0.611,0.120,0.857,0.043,0.762,0.079,0.969,,,,,,,,,,,,,,
KY,2004,KY2004,KY4,2002,2012,0.038,0.489,0.071,0.743,0.067,0.611,0.070,0.606,0.043,0.762,0.032,0.575,,,,,,,,,,,,,,
KY,2006,KY2006,KY4,2002,2012,0.038,0.489,-0.034,0.415,0.067,0.611,0.010,0.106,0.043,0.762,0.021,0.397,,,,,,,,,,,,,,
KY,2008,KY2008,KY4,2002,2012,0.038,0.489,0.023,0.293,0.067,0.611,0.090,0.735,0.043,0.762,0.039,0.678,,,,,,,,,,,,,,
KY,2010,KY2010,KY4,2002,2012,0.038,0.489,0.072,0.748,0.067,0.611,0.070,0.606,0.043,0.762,0.044,0.745,,,,,,,,,,,,,,
KY,2012,KY2012,KY4,2002,2012,0.038,0.489,0.033,0.41,0.067,0.611,0.040,0.391,0.043,0.762,0.041,0.69,,,,,,,,,,,,,,
KY,2014,KY2014,KY5,2014,2014,0.018,0.256,0.018,0.231,0.030,0.336,0.030,0.296,0.025,0.457,0.025,0.46,,,,,,,,,,,,,,
ME,1978,ME1978,ME1,1978,1982,0.020,0.27,0.003,0.043,0.027,0.32,0.013,0.146,0.013,0.306,0.008,0.163,,,,,,,,,,,,,,
ME,1980,ME1980,ME1,1978,1982,0.020,0.27,0.024,0.302,0.027,0.32,0.023,0.229,0.013,0.306,0.006,0.122,,,,,,,,,,,,,,
ME,1982,ME1982,ME1,1978,1982,0.020,0.27,0.033,0.408,0.027,0.32,0.043,0.417,0.013,0.306,0.027,0.479,,,,,,,,,,,,,,
ME,1984,ME1984,ME2,1984,1992,0.033,0.433,0.036,0.433,0.045,0.49,0.036,0.364,0.025,0.471,0.015,0.298,,,,,,,,,,,,,,
ME,1986,ME1986,ME2,1984,1992,0.033,0.433,0.037,0.445,0.045,0.49,0.036,0.364,0.025,0.471,0.021,0.38,,,,,,,,,,,,,,
ME,1988,ME1988,ME2,1984,1992,0.033,0.433,0.050,0.572,0.045,0.49,0.063,0.562,0.025,0.471,0.044,0.744,,,,,,,,,,,,,,
ME,1990,ME1990,ME2,1984,1992,0.033,0.433,0.017,0.208,0.045,0.49,0.036,0.364,0.025,0.471,0.023,0.433,,,,,,,,,,,,,,
ME,1992,ME1992,ME2,1984,1992,0.033,0.433,0.023,0.289,0.045,0.49,0.053,0.49,0.025,0.471,0.023,0.436,,,,,,,,,,,,,,
ME,1994,ME1994,ME3,1994,2002,0.001,0,-0.005,0.066,-0.004,0.027,-0.023,0.229,-0.002,0.045,-0.004,0.087,,,,,,,,,,,,,,
ME,1996,ME1996,ME3,1994,2002,0.001,0,-0.016,0.206,-0.004,0.027,-0.033,0.324,-0.002,0.045,-0.020,0.368,,,,,,,,,,,,,,
ME,1998,ME1998,ME3,1994,2002,0.001,0,-0.025,0.307,-0.004,0.027,-0.013,0.146,-0.002,0.045,-0.012,0.245,,,,,,,,,,,,,,
ME,2000,ME2000,ME3,1994,2002,0.001,0,0.037,0.451,-0.004,0.027,0.033,0.324,-0.002,0.045,0.014,0.282,,,,,,,,,,,,,,
ME,2002,ME2002,ME3,1994,2002,0.001,0,0.012,0.161,-0.004,0.027,0.017,0.173,-0.002,0.045,0.010,0.215,,,,,,,,,,,,,,
ME,2004,ME2004,ME4,2004,2012,0.009,0.148,-0.043,0.515,-0.014,0.144,-0.044,0.419,-0.009,0.18,-0.024,0.437,,,,,,,,,,,,,,
ME,2006,ME2006,ME4,2004,2012,0.009,0.148,0.013,0.166,-0.014,0.144,-0.037,0.375,-0.009,0.18,-0.016,0.326,,,,,,,,,,,,,,
ME,2008,ME2008,ME4,2004,2012,0.009,0.148,0.025,0.316,-0.014,0.144,0.027,0.274,-0.009,0.18,0.005,0.102,,,,,,,,,,,,,,
ME,2010,ME2010,ME4,2004,2012,0.009,0.148,0.006,0.082,-0.014,0.144,-0.007,0.061,-0.009,0.18,-0.007,0.141,,,,,,,,,,,,,,
ME,2012,ME2012,ME4,2004,2012,0.009,0.148,0.042,0.507,-0.014,0.144,-0.010,0.124,-0.009,0.18,-0.003,0.068,,,,,,,,,,,,,,
ME,2014,ME2014,ME5,2014,2014,0.011,0.187,0.011,0.143,-0.010,0.102,-0.010,0.124,-0.001,0.028,-0.001,0.022,,,,,,,,,,,,,,
MA,1974,MA1974,MA1,1974,1976,0.037,0.469,0.047,0.545,0.124,0.878,0.112,0.823,0.044,0.771,0.048,0.786,,,,,,,,,,,,,,
MA,1976,MA1976,MA1,1974,1976,0.037,0.469,0.026,0.326,0.124,0.878,0.137,0.893,0.044,0.771,0.039,0.674,,,,,,,,,,,,,,
MA,1978,MA1978,MA2,1978,1986,0.020,0.274,0.012,0.157,0.142,0.912,0.073,0.627,0.049,0.866,0.039,0.664,,,,,,,,,,,,,,
MA,1980,MA1980,MA2,1978,1986,0.020,0.274,0.038,0.455,0.142,0.912,0.079,0.668,0.049,0.866,0.051,0.82,,,,,,,,,,,,,,
MA,1982,MA1982,MA2,1978,1986,0.020,0.274,0.034,0.42,0.142,0.912,0.225,0.99,0.049,0.866,0.054,0.848,,,,,,,,,,,,,,
MA,1984,MA1984,MA2,1978,1986,0.020,0.274,0.018,0.227,0.142,0.912,0.154,0.932,0.049,0.866,0.051,0.818,,,,,,,,,,,,,,
MA,1986,MA1986,MA2,1978,1986,0.020,0.274,-0.001,0.008,0.142,0.912,0.179,0.963,0.049,0.866,0.050,0.809,,,,,,,,,,,,,,
MA,1988,MA1988,MA3,1988,1994,0.043,0.572,-0.002,0.033,0.130,0.892,0.169,0.953,0.031,0.566,0.043,0.716,,,,,,,,,,,,,,
MA,1990,MA1990,MA3,1988,1994,0.043,0.572,0.093,0.855,0.130,0.892,0.095,0.761,0.031,0.566,0.032,0.568,,,,,,,,,,,,,,
MA,1992,MA1992,MA3,1988,1994,0.043,0.572,0.041,0.499,0.130,0.892,0.148,0.915,0.031,0.566,0.026,0.471,,,,,,,,,,,,,,
MA,1994,MA1994,MA3,1988,1994,0.043,0.572,0.040,0.483,0.130,0.892,0.110,0.822,0.031,0.566,0.024,0.45,,,,,,,,,,,,,,
MA,1996,MA1996,MA4,1996,2000,0.026,0.355,0.063,0.683,0.182,0.978,0.204,0.976,0.045,0.803,0.061,0.901,,,,,,,,,,,,,,
MA,1998,MA1998,MA4,1996,2000,0.026,0.355,0.005,0.068,0.182,0.978,0.129,0.88,0.045,0.803,0.027,0.487,,,,,,,,,,,,,,
MA,2000,MA2000,MA4,1996,2000,0.026,0.355,0.009,0.115,0.182,0.978,0.213,0.985,0.045,0.803,0.046,0.772,,,,,,,,,,,,,,
MA,2002,MA2002,MA5,2002,2002,0.070,0.78,0.070,0.735,0.173,0.977,0.173,0.955,0.043,0.769,0.043,0.725,,,,,,,,,,,,,,
MA,2004,MA2004,MA5.1,2004,2010,0.025,0.338,0.014,0.182,0.148,0.932,0.173,0.955,0.037,0.66,0.036,0.629,,,,,,,,,,,,,,
MA,2006,MA2006,MA5.1,2004,2010,0.025,0.338,0.001,0.003,0.148,0.932,0.148,0.915,0.037,0.66,0.034,0.59,,,,,,,,,,,,,,
MA,2008,MA2008,MA5.1,2004,2010,0.025,0.338,0.032,0.395,0.148,0.932,0.154,0.932,0.037,0.66,0.034,0.594,,,,,,,,,,,,,,
MA,2010,MA2010,MA5.1,2004,2010,0.025,0.338,0.052,0.589,0.148,0.932,0.119,0.85,0.037,0.66,0.043,0.713,,,,,,,,,,,,,,
MA,2012,MA2012,MA6,2012,2014,0.005,0.089,-0.046,0.54,0.038,0.397,0.019,0.183,0.008,0.161,0.002,0.037,,,,,,,,,,,,,,
MA,2014,MA2014,MA6,2012,2014,0.005,0.089,0.056,0.613,0.038,0.397,0.056,0.512,0.008,0.161,0.014,0.273,,,,,,,,,,,,,,
MI,1972,MI1972,MI1,1972,1980,-0.044,0.583,0.001,0.004,0.031,0.346,-0.018,0.177,0.019,0.375,-0.010,0.218,,,,,,,,,,,,,,
MI,1974,MI1974,MI1,1972,1980,-0.044,0.583,-0.113,0.916,0.031,0.346,0.027,0.278,0.019,0.375,0.013,0.27,,,,,,,,,,,,,,
MI,1976,MI1976,MI1,1972,1980,-0.044,0.583,-0.049,0.564,0.031,0.346,0.036,0.362,0.019,0.375,0.013,0.264,,,,,,,,,,,,,,
MI,1978,MI1978,MI1,1972,1980,-0.044,0.583,-0.038,0.46,0.031,0.346,0.045,0.424,0.019,0.375,0.037,0.642,,,,,,,,,,,,,,
MI,1980,MI1980,MI1,1972,1980,-0.044,0.583,-0.023,0.284,0.031,0.346,0.064,0.566,0.019,0.375,0.041,0.694,,,,,,,,,,,,,,
MI,1982,MI1982,MI2,1982,1990,-0.047,0.631,-0.083,0.811,-0.002,0.008,-0.018,0.177,-0.006,0.132,-0.023,0.431,,,,,,,,,,,,,,
MI,1984,MI1984,MI2,1982,1990,-0.047,0.631,0.010,0.122,-0.002,0.008,0.018,0.177,-0.006,0.132,0.005,0.112,,,,,,,,,,,,,,
MI,1986,MI1986,MI2,1982,1990,-0.047,0.631,-0.067,0.722,-0.002,0.008,-0.009,0.093,-0.006,0.132,-0.009,0.192,,,,,,,,,,,,,,
MI,1988,MI1988,MI2,1982,1990,-0.047,0.631,-0.030,0.373,-0.002,0.008,0.000,0,-0.006,0.132,-0.001,0.028,,,,,,,,,,,,,,
MI,1990,MI1990,MI2,1982,1990,-0.047,0.631,-0.064,0.693,-0.002,0.008,0.000,0,-0.006,0.132,-0.001,0.013,,,,,,,,,,,,,,
MI,1992,MI1992,MI3,1992,2000,-0.080,0.845,-0.088,0.832,-0.040,0.425,-0.064,0.567,-0.040,0.703,-0.044,0.748,,,,,,,,,,,,,,
MI,1994,MI1994,MI3,1992,2000,-0.080,0.845,-0.019,0.25,-0.040,0.425,-0.009,0.093,-0.040,0.703,-0.021,0.383,,,,,,,,,,,,,,
MI,1996,MI1996,MI3,1992,2000,-0.080,0.845,-0.075,0.761,-0.040,0.425,-0.027,0.279,-0.040,0.703,-0.022,0.413,,,,,,,,,,,,,,
MI,1998,MI1998,MI3,1992,2000,-0.080,0.845,-0.089,0.836,-0.040,0.425,-0.055,0.502,-0.040,0.703,-0.038,0.659,,,,,,,,,,,,,,
MI,2000,MI2000,MI3,1992,2000,-0.080,0.845,-0.128,0.955,-0.040,0.425,-0.045,0.427,-0.040,0.703,-0.072,0.944,,,,,,,,,,,,,,
MI,2002,MI2002,MI4,2002,2010,-0.103,0.944,-0.120,0.938,-0.056,0.555,-0.109,0.81,-0.045,0.813,-0.068,0.93,,,,,,,,,,,,,,
MI,2004,MI2004,MI4,2002,2010,-0.103,0.944,-0.108,0.906,-0.056,0.555,-0.064,0.567,-0.045,0.813,-0.059,0.884,,,,,,,,,,,,,,
MI,2006,MI2006,MI4,2002,2010,-0.103,0.944,-0.130,0.962,-0.056,0.555,-0.036,0.362,-0.045,0.813,-0.055,0.864,,,,,,,,,,,,,,
MI,2008,MI2008,MI4,2002,2010,-0.103,0.944,-0.077,0.771,-0.056,0.555,0.009,0.092,-0.045,0.813,0.004,0.085,,,,,,,,,,,,,,
MI,2010,MI2010,MI4,2002,2010,-0.103,0.944,-0.081,0.795,-0.056,0.555,-0.082,0.689,-0.045,0.813,-0.049,0.803,,,,,,,,,,,,,,
MI,2012,MI2012,MI5,2012,2014,-0.137,0.995,-0.142,0.98,-0.077,0.676,-0.082,0.689,-0.063,0.952,-0.070,0.936,,,,,,,,,,,,,,
MI,2014,MI2014,MI5,2012,2014,-0.137,0.995,-0.131,0.963,-0.077,0.676,-0.073,0.625,-0.063,0.952,-0.056,0.871,,,,,,,,,,,,,,
MN,1974,MN1974,MN1,1974,1980,0.052,0.651,0.128,0.958,0.014,0.139,-0.007,0.075,0.002,0.039,-0.001,0.014,,,,,,,,,,,,,,
MN,1976,MN1976,MN1,1974,1980,0.052,0.651,0.093,0.862,0.014,0.139,0.071,0.613,0.002,0.039,0.017,0.336,,,,,,,,,,,,,,
MN,1978,MN1978,MN1,1974,1980,0.052,0.651,-0.008,0.098,0.014,0.139,-0.007,0.075,0.002,0.039,-0.004,0.084,,,,,,,,,,,,,,
MN,1980,MN1980,MN1,1974,1980,0.052,0.651,-0.007,0.087,0.014,0.139,0.000,0,0.002,0.039,-0.005,0.108,,,,,,,,,,,,,,
MN,1982,MN1982,MN2,1982,1990,0.002,0.019,-0.003,0.034,-0.004,0.039,-0.037,0.377,0.000,0.013,-0.012,0.247,,,,,,,,,,,,,,
MN,1984,MN1984,MN2,1982,1990,0.002,0.019,-0.044,0.524,-0.004,0.039,-0.030,0.29,0.000,0.013,-0.023,0.434,,,,,,,,,,,,,,
MN,1986,MN1986,MN2,1982,1990,0.002,0.019,0.021,0.271,-0.004,0.039,0.007,0.075,0.000,0.013,0.005,0.115,,,,,,,,,,,,,,
MN,1988,MN1988,MN2,1982,1990,0.002,0.019,0.026,0.327,-0.004,0.039,-0.007,0.075,0.000,0.013,-0.002,0.051,,,,,,,,,,,,,,
MN,1990,MN1990,MN2,1982,1990,0.002,0.019,0.008,0.101,-0.004,0.039,0.045,0.423,0.000,0.013,0.030,0.539,,,,,,,,,,,,,,
MN,1992,MN1992,MN3,1992,2000,-0.008,0.135,0.038,0.456,-0.015,0.157,0.022,0.219,-0.008,0.171,0.010,0.224,,,,,,,,,,,,,,
MN,1994,MN1994,MN3,1992,2000,-0.008,0.135,0.032,0.397,-0.015,0.157,0.030,0.29,-0.008,0.171,0.014,0.283,,,,,,,,,,,,,,
MN,1996,MN1996,MN3,1992,2000,-0.008,0.135,-0.031,0.38,-0.015,0.157,-0.037,0.377,-0.008,0.171,-0.018,0.355,,,,,,,,,,,,,,
MN,1998,MN1998,MN3,1992,2000,-0.008,0.135,-0.032,0.401,-0.015,0.157,-0.030,0.29,-0.008,0.171,-0.023,0.428,,,,,,,,,,,,,,
MN,2000,MN2000,MN3,1992,2000,-0.008,0.135,-0.048,0.559,-0.015,0.157,-0.060,0.531,-0.008,0.171,-0.025,0.461,,,,,,,,,,,,,,
MN,2002,MN2002,MN4,2002,2010,-0.046,0.618,-0.119,0.936,-0.081,0.727,-0.112,0.824,-0.029,0.54,-0.042,0.711,,,,,,,,,,,,,,
MN,2004,MN2004,MN4,2002,2010,-0.046,0.618,-0.071,0.741,-0.081,0.727,-0.112,0.824,-0.029,0.54,-0.037,0.637,,,,,,,,,,,,,,
MN,2006,MN2006,MN4,2002,2010,-0.046,0.618,0.006,0.07,-0.081,0.727,-0.090,0.732,-0.029,0.54,-0.033,0.585,,,,,,,,,,,,,,
MN,2008,MN2008,MN4,2002,2010,-0.046,0.618,0.014,0.178,-0.081,0.727,-0.030,0.29,-0.029,0.54,-0.012,0.241,,,,,,,,,,,,,,
MN,2010,MN2010,MN4,2002,2010,-0.046,0.618,-0.062,0.675,-0.081,0.727,-0.060,0.531,-0.029,0.54,-0.020,0.375,,,,,,,,,,,,,,
MN,2012,MN2012,MN5,2012,2014,-0.061,0.73,-0.053,0.59,-0.075,0.659,-0.060,0.531,-0.034,0.611,-0.030,0.538,,,,,,,,,,,,,,
MN,2014,MN2014,MN5,2012,2014,-0.061,0.73,-0.069,0.734,-0.075,0.659,-0.090,0.732,-0.034,0.611,-0.038,0.655,,,,,,,,,,,,,,
MS,1979,MS1979,MS1,1979,1979,0.166,1,0.166,0.994,0.075,0.661,0.075,0.634,0.010,0.239,0.010,0.22,,,,,,,,,,,,,,
MS,1983,MS1983,MS2,1983,1991,0.086,0.87,0.115,0.924,0.169,0.967,0.123,0.866,0.028,0.521,0.024,0.448,,,,,,,,,,,,,,
MS,1987,MS1987,MS2,1983,1991,0.086,0.87,0.093,0.86,0.169,0.967,0.164,0.946,0.028,0.521,0.017,0.343,,,,,,,,,,,,,,
MS,1991,MS1991,MS2,1983,1991,0.086,0.87,0.049,0.562,0.169,0.967,0.219,0.989,0.028,0.521,0.041,0.692,,,,,,,,,,,,,,
MS,1995,MS1995,MS3,1995,1999,0.008,0.113,0.014,0.185,0.155,0.938,0.172,0.954,0.076,0.983,0.081,0.977,,,,,,,,,,,,,,
MS,1999,MS1999,MS3,1995,1999,0.008,0.113,0.001,0.013,0.155,0.938,0.139,0.894,0.076,0.983,0.071,0.941,,,,,,,,,,,,,,
MS,2003,MS2003,MS4,2003,2011,0.003,0.076,0.025,0.32,0.041,0.438,0.107,0.8,0.048,0.838,0.092,0.994,,,,,,,,,,,,,,
MS,2007,MS2007,MS4,2003,2011,0.003,0.076,0.045,0.53,0.041,0.438,0.083,0.698,0.048,0.838,0.088,0.99,,,,,,,,,,,,,,
MS,2011,MS2011,MS4,2003,2011,0.003,0.076,-0.060,0.66,0.041,0.438,-0.066,0.575,0.048,0.838,-0.037,0.638,,,,,,,,,,,,,,
MO,1972,MO1972,MO1,1972,1980,-0.035,0.462,0.001,0.01,0.061,0.586,0.028,0.28,0.027,0.496,0.008,0.161,,,,,,,,,,,,,,
MO,1974,MO1974,MO1,1972,1980,-0.035,0.462,-0.056,0.615,0.061,0.586,0.046,0.431,0.027,0.496,0.017,0.329,,,,,,,,,,,,,,
MO,1976,MO1976,MO1,1972,1980,-0.035,0.462,-0.051,0.585,0.061,0.586,0.068,0.6,0.027,0.496,0.027,0.497,,,,,,,,,,,,,,
MO,1978,MO1978,MO1,1972,1980,-0.035,0.462,-0.057,0.62,0.061,0.586,0.052,0.482,0.027,0.496,0.036,0.628,,,,,,,,,,,,,,
MO,1980,MO1980,MO1,1972,1980,-0.035,0.462,-0.012,0.158,0.061,0.586,0.113,0.831,0.027,0.496,0.047,0.782,,,,,,,,,,,,,,
MO,1982,MO1982,MO2,1982,1990,-0.009,0.154,-0.008,0.099,0.087,0.766,0.090,0.741,0.041,0.738,0.039,0.666,,,,,,,,,,,,,,
MO,1984,MO1984,MO2,1982,1990,-0.009,0.154,0.034,0.418,0.087,0.766,0.117,0.847,0.041,0.738,0.042,0.71,,,,,,,,,,,,,,
MO,1986,MO1986,MO2,1982,1990,-0.009,0.154,0.023,0.283,0.087,0.766,0.101,0.787,0.041,0.738,0.044,0.736,,,,,,,,,,,,,,
MO,1988,MO1988,MO2,1982,1990,-0.009,0.154,-0.018,0.238,0.087,0.766,0.083,0.693,0.041,0.738,0.036,0.624,,,,,,,,,,,,,,
MO,1990,MO1990,MO2,1982,1990,-0.009,0.154,-0.075,0.762,0.087,0.766,0.046,0.431,0.041,0.738,0.047,0.775,,,,,,,,,,,,,,
MO,1992,MO1992,MO3,1992,2000,-0.026,0.359,-0.016,0.2,0.014,0.132,0.021,0.211,0.008,0.163,0.018,0.352,,,,,,,,,,,,,,
MO,1994,MO1994,MO3,1992,2000,-0.026,0.359,-0.013,0.173,0.014,0.132,0.028,0.28,0.008,0.163,0.021,0.392,,,,,,,,,,,,,,
MO,1996,MO1996,MO3,1992,2000,-0.026,0.359,-0.030,0.376,0.014,0.132,0.015,0.158,0.008,0.163,0.010,0.211,,,,,,,,,,,,,,
MO,1998,MO1998,MO3,1992,2000,-0.026,0.359,-0.010,0.129,0.014,0.132,0.015,0.158,0.008,0.163,0.015,0.289,,,,,,,,,,,,,,
MO,2000,MO2000,MO3,1992,2000,-0.026,0.359,-0.060,0.659,0.014,0.132,-0.009,0.096,0.008,0.163,-0.024,0.439,,,,,,,,,,,,,,
MO,2002,MO2002,MO4,2002,2010,-0.091,0.894,-0.066,0.718,-0.087,0.753,-0.064,0.571,-0.056,0.908,-0.028,0.511,,,,,,,,,,,,,,
MO,2004,MO2004,MO4,2002,2010,-0.091,0.894,-0.105,0.901,-0.087,0.753,-0.095,0.762,-0.056,0.908,-0.053,0.843,,,,,,,,,,,,,,
MO,2006,MO2006,MO4,2002,2010,-0.091,0.894,-0.142,0.978,-0.087,0.753,-0.101,0.787,-0.056,0.908,-0.061,0.894,,,,,,,,,,,,,,
MO,2008,MO2008,MO4,2002,2010,-0.091,0.894,-0.080,0.792,-0.087,0.753,-0.064,0.571,-0.056,0.908,-0.059,0.887,,,,,,,,,,,,,,
MO,2010,MO2010,MO4,2002,2010,-0.091,0.894,-0.061,0.661,-0.087,0.753,-0.107,0.804,-0.056,0.908,-0.079,0.971,,,,,,,,,,,,,,
MO,2012,MO2012,MO5,2012,2014,-0.090,0.883,-0.121,0.94,-0.135,0.899,-0.120,0.855,-0.069,0.962,-0.064,0.912,,,,,,,,,,,,,,
MO,2014,MO2014,MO5,2012,2014,-0.090,0.883,-0.059,0.647,-0.135,0.899,-0.150,0.925,-0.069,0.962,-0.074,0.954,,,,,,,,,,,,,,
MT,1974,MT1974,MT1,1974,1982,0.024,0.321,0.093,0.854,0.018,0.196,0.040,0.391,0.005,0.104,0.005,0.101,,,,,,,,,,,,,,
MT,1976,MT1976,MT1,1974,1982,0.024,0.321,0.040,0.476,0.018,0.196,0.030,0.296,0.005,0.104,0.007,0.152,,,,,,,,,,,,,,
MT,1978,MT1978,MT1,1974,1982,0.024,0.321,0.012,0.153,0.018,0.196,0.010,0.106,0.005,0.104,0.009,0.194,,,,,,,,,,,,,,
MT,1980,MT1980,MT1,1974,1982,0.024,0.321,-0.053,0.595,0.018,0.196,-0.020,0.185,0.005,0.104,-0.008,0.167,,,,,,,,,,,,,,
MT,1982,MT1982,MT1,1974,1982,0.024,0.321,0.027,0.35,0.018,0.196,0.030,0.296,0.005,0.104,0.013,0.259,,,,,,,,,,,,,,
MT,1984,MT1984,MT2,1984,1992,-0.008,0.122,0.017,0.209,0.000,0,0.050,0.443,-0.001,0.029,0.014,0.276,,,,,,,,,,,,,,
MT,1986,MT1986,MT2,1984,1992,-0.008,0.122,-0.026,0.324,0.000,0,-0.010,0.106,-0.001,0.029,-0.010,0.219,,,,,,,,,,,,,,
MT,1988,MT1988,MT2,1984,1992,-0.008,0.122,-0.021,0.266,0.000,0,-0.010,0.106,-0.001,0.029,-0.002,0.042,,,,,,,,,,,,,,
MT,1990,MT1990,MT2,1984,1992,-0.008,0.122,0.017,0.215,0.000,0,0.000,0,-0.001,0.029,0.000,0.003,,,,,,,,,,,,,,
MT,1992,MT1992,MT2,1984,1992,-0.008,0.122,-0.027,0.341,0.000,0,-0.030,0.296,-0.001,0.029,-0.008,0.178,,,,,,,,,,,,,,
MT,1994,MT1994,MT3,1994,2002,-0.060,0.698,-0.071,0.74,-0.042,0.456,-0.030,0.296,-0.018,0.362,-0.007,0.153,,,,,,,,,,,,,,
MT,1996,MT1996,MT3,1994,2002,-0.060,0.698,-0.078,0.785,-0.042,0.456,-0.070,0.606,-0.018,0.362,-0.030,0.524,,,,,,,,,,,,,,
MT,1998,MT1998,MT3,1994,2002,-0.060,0.698,-0.078,0.783,-0.042,0.456,-0.070,0.606,-0.018,0.362,-0.027,0.485,,,,,,,,,,,,,,
MT,2000,MT2000,MT3,1994,2002,-0.060,0.698,-0.029,0.359,-0.042,0.456,-0.010,0.106,-0.018,0.362,-0.003,0.076,,,,,,,,,,,,,,
MT,2002,MT2002,MT3,1994,2002,-0.060,0.698,-0.042,0.508,-0.042,0.456,-0.030,0.296,-0.018,0.362,-0.024,0.443,,,,,,,,,,,,,,
MT,2004,MT2004,MT4,2004,2012,-0.015,0.217,0.024,0.298,-0.009,0.085,0.030,0.296,-0.004,0.085,0.013,0.261,,,,,,,,,,,,,,
MT,2006,MT2006,MT4,2004,2012,-0.015,0.217,-0.010,0.124,-0.009,0.085,-0.005,0.047,-0.004,0.085,-0.003,0.061,,,,,,,,,,,,,,
MT,2008,MT2008,MT4,2004,2012,-0.015,0.217,-0.003,0.036,-0.009,0.085,0.000,0,-0.004,0.085,-0.002,0.038,,,,,,,,,,,,,,
MT,2010,MT2010,MT4,2004,2012,-0.015,0.217,-0.037,0.454,-0.009,0.085,-0.010,0.106,-0.004,0.085,0.000,0.01,,,,,,,,,,,,,,
MT,2012,MT2012,MT4,2004,2012,-0.015,0.217,-0.047,0.549,-0.009,0.085,-0.060,0.535,-0.004,0.085,-0.026,0.473,,,,,,,,,,,,,,
MT,2014,MT2014,MT5,2014,2014,0.057,0.67,0.057,0.617,0.010,0.094,0.010,0.106,0.012,0.276,0.012,0.246,,,,,,,,,,,,,,
NV,1972,NV1972,NV1,1972,1980,0.030,0.395,-0.027,0.344,0.030,0.34,0.000,0,0.010,0.214,-0.002,0.045,,,,,,,,,,,,,,
NV,1974,NV1974,NV1,1972,1980,0.030,0.395,0.066,0.717,0.030,0.34,0.075,0.634,0.010,0.214,0.016,0.311,,,,,,,,,,,,,,
NV,1976,NV1976,NV1,1972,1980,0.030,0.395,0.097,0.869,0.030,0.34,0.025,0.247,0.010,0.214,0.012,0.238,,,,,,,,,,,,,,
NV,1978,NV1978,NV1,1972,1980,0.030,0.395,-0.047,0.543,0.030,0.34,0.050,0.443,0.010,0.214,0.021,0.381,,,,,,,,,,,,,,
NV,1980,NV1980,NV1,1972,1980,0.030,0.395,0.061,0.662,0.030,0.34,0.000,0,0.010,0.214,0.003,0.06,,,,,,,,,,,,,,
NV,1982,NV1982,NV2,1982,1990,0.025,0.344,-0.013,0.172,0.019,0.215,-0.024,0.236,0.003,0.079,-0.009,0.183,,,,,,,,,,,,,,
NV,1984,NV1984,NV2,1982,1990,0.025,0.344,-0.072,0.746,0.019,0.215,-0.061,0.553,0.003,0.079,-0.006,0.127,,,,,,,,,,,,,,
NV,1986,NV1986,NV2,1982,1990,0.025,0.344,0.093,0.857,0.019,0.215,0.037,0.371,0.003,0.079,0.006,0.129,,,,,,,,,,,,,,
NV,1988,NV1988,NV2,1982,1990,0.025,0.344,0.098,0.876,0.019,0.215,0.119,0.851,0.003,0.079,0.019,0.357,,,,,,,,,,,,,,
NV,1990,NV1990,NV2,1982,1990,0.025,0.344,0.020,0.257,0.019,0.215,0.024,0.236,0.003,0.079,0.007,0.139,,,,,,,,,,,,,,
NV,1992,NV1992,NV3,1992,2000,0.072,0.791,0.113,0.917,0.057,0.564,0.024,0.236,0.014,0.316,0.007,0.15,,,,,,,,,,,,,,
NV,1994,NV1994,NV3,1992,2000,0.072,0.791,-0.004,0.062,0.057,0.564,0.000,0,0.014,0.316,-0.003,0.075,,,,,,,,,,,,,,
NV,1996,NV1996,NV3,1992,2000,0.072,0.791,0.063,0.68,0.057,0.564,0.071,0.613,0.014,0.316,0.021,0.39,,,,,,,,,,,,,,
NV,1998,NV1998,NV3,1992,2000,0.072,0.791,0.083,0.81,0.057,0.564,0.071,0.613,0.014,0.316,0.020,0.369,,,,,,,,,,,,,,
NV,2000,NV2000,NV3,1992,2000,0.072,0.791,0.106,0.902,0.057,0.564,0.119,0.851,0.014,0.316,0.027,0.496,,,,,,,,,,,,,,
NV,2002,NV2002,NV4,2002,2010,0.027,0.372,0.029,0.361,0.071,0.651,0.024,0.236,0.033,0.605,0.003,0.078,,,,,,,,,,,,,,
NV,2004,NV2004,NV4,2002,2010,0.027,0.372,0.041,0.501,0.071,0.651,0.071,0.613,0.033,0.605,0.034,0.597,,,,,,,,,,,,,,
NV,2006,NV2006,NV4,2002,2010,0.027,0.372,0.038,0.459,0.071,0.651,0.119,0.851,0.033,0.605,0.028,0.498,,,,,,,,,,,,,,
NV,2008,NV2008,NV4,2002,2010,0.027,0.372,-0.001,0.009,0.071,0.651,0.071,0.613,0.033,0.605,0.073,0.948,,,,,,,,,,,,,,
NV,2010,NV2010,NV4,2002,2010,0.027,0.372,0.026,0.325,0.071,0.651,0.071,0.613,0.033,0.605,0.029,0.513,,,,,,,,,,,,,,
NV,2012,NV2012,NV5,2012,2014,-0.003,0.056,0.026,0.33,-0.012,0.115,-0.024,0.236,-0.002,0.037,-0.009,0.199,,,,,,,,,,,,,,
NV,2014,NV2014,NV5,2012,2014,-0.003,0.056,-0.031,0.378,-0.012,0.115,0.000,0,-0.002,0.037,0.005,0.117,,,,,,,,,,,,,,
NM,1972,NM1972,NM1,1972,1980,0.069,0.766,0.148,0.982,0.089,0.772,0.129,0.878,0.033,0.599,0.032,0.569,,,,,,,,,,,,,,
NM,1974,NM1974,NM1,1972,1980,0.069,0.766,0.068,0.725,0.089,0.772,0.100,0.769,0.033,0.599,0.033,0.578,,,,,,,,,,,,,,
NM,1976,NM1976,NM1,1972,1980,0.069,0.766,0.060,0.654,0.089,0.772,0.114,0.833,0.033,0.599,0.038,0.654,,,,,,,,,,,,,,
NM,1978,NM1978,NM1,1972,1980,0.069,0.766,0.004,0.054,0.089,0.772,0.057,0.52,0.033,0.599,0.044,0.746,,,,,,,,,,,,,,
NM,1980,NM1980,NM1,1972,1980,0.069,0.766,0.063,0.687,0.089,0.772,0.043,0.41,0.033,0.599,0.019,0.362,,,,,,,,,,,,,,
NM,1982,NM1982,NM1.1,1982,1982,0.032,0.42,0.032,0.396,0.086,0.745,0.086,0.715,0.038,0.689,0.038,0.66,,,,,,,,,,,,,,
NM,1984,NM1984,NM2,1984,1990,0.051,0.646,0.068,0.724,0.096,0.792,0.043,0.41,0.038,0.678,0.016,0.327,,,,,,,,,,,,,,
NM,1986,NM1986,NM2,1984,1990,0.051,0.646,0.077,0.778,0.096,0.792,0.114,0.833,0.038,0.678,0.028,0.51,,,,,,,,,,,,,,
NM,1988,NM1988,NM2,1984,1990,0.051,0.646,0.019,0.248,0.096,0.792,0.100,0.769,0.038,0.678,0.044,0.734,,,,,,,,,,,,,,
NM,1990,NM1990,NM2,1984,1990,0.051,0.646,0.041,0.49,0.096,0.792,0.129,0.878,0.038,0.678,0.062,0.904,,,,,,,,,,,,,,
NM,1992,NM1992,NM3,1992,2000,0.045,0.59,0.055,0.609,0.049,0.51,0.114,0.833,0.021,0.4,0.036,0.622,,,,,,,,,,,,,,
NM,1994,NM1994,NM3,1992,2000,0.045,0.59,0.094,0.864,0.049,0.51,0.057,0.52,0.021,0.4,0.018,0.345,,,,,,,,,,,,,,
NM,1996,NM1996,NM3,1992,2000,0.045,0.59,0.021,0.273,0.049,0.51,0.029,0.287,0.021,0.4,0.006,0.121,,,,,,,,,,,,,,
NM,1998,NM1998,NM3,1992,2000,0.045,0.59,0.014,0.176,0.049,0.51,0.043,0.41,0.021,0.4,0.043,0.717,,,,,,,,,,,,,,
NM,2000,NM2000,NM3,1992,2000,0.045,0.59,0.040,0.485,0.049,0.51,0.000,0,0.021,0.4,0.001,0.02,,,,,,,,,,,,,,
NM,2002,NM2002,NM4,2002,2010,-0.002,0.043,0.061,0.665,0.016,0.169,0.057,0.52,0.016,0.336,0.044,0.739,,,,,,,,,,,,,,
NM,2004,NM2004,NM4,2002,2010,-0.002,0.043,-0.008,0.096,0.016,0.169,-0.014,0.153,0.016,0.336,-0.008,0.18,,,,,,,,,,,,,,
NM,2006,NM2006,NM4,2002,2010,-0.002,0.043,-0.051,0.586,0.016,0.169,-0.022,0.213,0.016,0.336,-0.003,0.074,,,,,,,,,,,,,,
NM,2008,NM2008,NM4,2002,2010,-0.002,0.043,-0.023,0.287,0.016,0.169,0.043,0.41,0.016,0.336,0.023,0.42,,,,,,,,,,,,,,
NM,2010,NM2010,NM4,2002,2010,-0.002,0.043,0.009,0.11,0.016,0.169,0.014,0.152,0.016,0.336,0.023,0.423,,,,,,,,,,,,,,
NM,2012,NM2012,NM5,2012,2014,-0.016,0.223,-0.027,0.349,-0.036,0.382,-0.043,0.415,-0.018,0.357,-0.025,0.464,,,,,,,,,,,,,,
NM,2014,NM2014,NM5,2012,2014,-0.016,0.223,-0.004,0.055,-0.036,0.382,-0.029,0.287,-0.018,0.357,-0.010,0.217,,,,,,,,,,,,,,
NY,1972,NY1972,NY1,1972,1980,-0.097,0.921,-0.107,0.904,-0.039,0.405,-0.093,0.753,-0.027,0.508,-0.060,0.89,,,,,,,,,,,,,,
NY,1974,NY1974,NY1,1972,1980,-0.097,0.921,-0.108,0.907,-0.039,0.405,-0.060,0.535,-0.027,0.508,-0.056,0.873,,,,,,,,,,,,,,
NY,1976,NY1976,NY1,1972,1980,-0.097,0.921,-0.101,0.892,-0.039,0.405,-0.040,0.391,-0.027,0.508,-0.021,0.389,,,,,,,,,,,,,,
NY,1978,NY1978,NY1,1972,1980,-0.097,0.921,-0.092,0.848,-0.039,0.405,-0.020,0.185,-0.027,0.508,-0.013,0.256,,,,,,,,,,,,,,
NY,1980,NY1980,NY1,1972,1980,-0.097,0.921,-0.079,0.786,-0.039,0.405,0.017,0.169,-0.027,0.508,0.012,0.25,,,,,,,,,,,,,,
NY,1982,NY1982,NY2,1982,1990,-0.084,0.857,-0.082,0.806,0.071,0.645,0.053,0.49,0.056,0.902,0.029,0.52,,,,,,,,,,,,,,
NY,1984,NY1984,NY2,1982,1990,-0.084,0.857,-0.028,0.357,0.071,0.645,0.080,0.669,0.056,0.902,0.054,0.859,,,,,,,,,,,,,,
NY,1986,NY1986,NY2,1982,1990,-0.084,0.857,-0.116,0.927,0.071,0.645,0.081,0.685,0.056,0.902,0.078,0.966,,,,,,,,,,,,,,
NY,1988,NY1988,NY2,1982,1990,-0.084,0.857,-0.073,0.749,0.071,0.645,0.073,0.631,0.056,0.902,0.071,0.94,,,,,,,,,,,,,,
NY,1990,NY1990,NY2,1982,1990,-0.084,0.857,-0.120,0.939,0.071,0.645,0.067,0.582,0.056,0.902,0.046,0.771,,,,,,,,,,,,,,
NY,1992,NY1992,NY3,1992,2000,-0.098,0.927,-0.064,0.697,0.055,0.546,0.030,0.312,0.031,0.559,0.006,0.134,,,,,,,,,,,,,,
NY,1994,NY1994,NY3,1992,2000,-0.098,0.927,-0.048,0.554,0.055,0.546,0.067,0.582,0.031,0.559,0.040,0.688,,,,,,,,,,,,,,
NY,1996,NY1996,NY3,1992,2000,-0.098,0.927,-0.125,0.946,0.055,0.546,0.040,0.391,0.031,0.559,0.025,0.454,,,,,,,,,,,,,,
NY,1998,NY1998,NY3,1992,2000,-0.098,0.927,-0.112,0.915,0.055,0.546,0.080,0.669,0.031,0.559,0.049,0.8,,,,,,,,,,,,,,
NY,2000,NY2000,NY3,1992,2000,-0.098,0.927,-0.139,0.976,0.055,0.546,0.057,0.518,0.031,0.559,0.032,0.572,,,,,,,,,,,,,,
NY,2002,NY2002,NY4,2002,2010,-0.111,0.962,-0.078,0.78,0.033,0.361,0.067,0.582,0.021,0.415,0.048,0.785,,,,,,,,,,,,,,
NY,2004,NY2004,NY4,2002,2010,-0.111,0.962,-0.106,0.903,0.033,0.361,0.033,0.324,0.021,0.415,0.017,0.332,,,,,,,,,,,,,,
NY,2006,NY2006,NY4,2002,2010,-0.111,0.962,-0.150,0.985,0.033,0.361,0.060,0.548,0.021,0.415,0.028,0.502,,,,,,,,,,,,,,
NY,2008,NY2008,NY4,2002,2010,-0.111,0.962,-0.139,0.975,0.033,0.361,0.053,0.49,0.021,0.415,0.021,0.382,,,,,,,,,,,,,,
NY,2010,NY2010,NY4,2002,2010,-0.111,0.962,-0.081,0.796,0.033,0.361,-0.047,0.433,0.021,0.415,-0.007,0.155,,,,,,,,,,,,,,
NY,2012,NY2012,NY5,2012,2014,-0.103,0.941,-0.127,0.952,-0.008,0.083,-0.013,0.146,-0.006,0.13,-0.005,0.107,,,,,,,,,,,,,,
NY,2014,NY2014,NY5,2012,2014,-0.103,0.941,-0.079,0.79,-0.008,0.083,-0.003,0.041,-0.006,0.13,-0.006,0.124,,,,,,,,,,,,,,
NC,1992,NC1992,NC3,1992,2000,-0.008,0.141,0.002,0.02,-0.004,0.02,0.019,0.181,-0.001,0.019,0.009,0.187,,,,,,,,,,,,,,
NC,1994,NC1994,NC3,1992,2000,-0.008,0.141,-0.011,0.132,-0.004,0.02,-0.006,0.059,-0.001,0.019,-0.003,0.066,,,,,,,,,,,,,,
NC,1996,NC1996,NC3,1992,2000,-0.008,0.141,-0.036,0.431,-0.004,0.02,-0.043,0.418,-0.001,0.019,-0.016,0.321,,,,,,,,,,,,,,
NC,1998,NC1998,NC3,1992,2000,-0.008,0.141,0.009,0.108,-0.004,0.02,-0.006,0.059,-0.001,0.019,-0.001,0.019,,,,,,,,,,,,,,
NC,2000,NC2000,NC3,1992,2000,-0.008,0.141,-0.006,0.076,-0.004,0.02,0.019,0.181,-0.001,0.019,0.008,0.173,,,,,,,,,,,,,,
NC,2002,NC2002,NC3.1,2002,2002,-0.025,0.343,-0.025,0.313,-0.017,0.182,-0.017,0.162,-0.008,0.169,-0.008,0.177,,,,,,,,,,,,,,
NC,2004,NC2004,NC4,2004,2010,-0.010,0.163,-0.003,0.042,0.005,0.046,0.017,0.162,0.003,0.068,0.009,0.203,,,,,,,,,,,,,,
NC,2006,NC2006,NC4,2004,2010,-0.010,0.163,-0.014,0.177,0.005,0.046,0.025,0.247,0.003,0.068,0.013,0.271,,,,,,,,,,,,,,
NC,2008,NC2008,NC4,2004,2010,-0.010,0.163,-0.032,0.399,0.005,0.046,-0.025,0.247,0.003,0.068,-0.011,0.234,,,,,,,,,,,,,,
NC,2010,NC2010,NC4,2004,2010,-0.010,0.163,0.010,0.127,0.005,0.046,0.004,0.046,0.003,0.068,0.000,0,,,,,,,,,,,,,,
NC,2012,NC2012,NC5,2012,2014,-0.129,0.99,-0.148,0.983,-0.129,0.889,-0.142,0.903,-0.071,0.973,-0.067,0.927,,,,,,,,,,,,,,
NC,2014,NC2014,NC5,2012,2014,-0.129,0.99,-0.110,0.911,-0.129,0.889,-0.117,0.842,-0.071,0.973,-0.074,0.958,,,,,,,,,,,,,,
OH,1972,OH1972,OH1,1972,1980,-0.007,0.107,0.020,0.262,0.045,0.503,0.025,0.261,0.035,0.623,0.019,0.363,,,,,,,,,,,,,,
OH,1974,OH1974,OH1,1972,1980,-0.007,0.107,-0.043,0.516,0.045,0.503,0.035,0.348,0.035,0.623,0.010,0.223,,,,,,,,,,,,,,
OH,1976,OH1976,OH1,1972,1980,-0.007,0.107,-0.036,0.434,0.045,0.503,0.076,0.646,0.035,0.623,0.064,0.91,,,,,,,,,,,,,,
OH,1978,OH1978,OH1,1972,1980,-0.007,0.107,0.010,0.126,0.045,0.503,0.035,0.348,0.035,0.623,0.035,0.608,,,,,,,,,,,,,,
OH,1980,OH1980,OH1,1972,1980,-0.007,0.107,0.013,0.168,0.045,0.503,0.056,0.503,0.035,0.623,0.048,0.79,,,,,,,,,,,,,,
OH,1982,OH1982,OH2,1982,1990,0.005,0.098,-0.019,0.246,0.062,0.595,0.025,0.261,0.038,0.683,0.005,0.103,,,,,,,,,,,,,,
OH,1984,OH1984,OH2,1982,1990,0.005,0.098,0.037,0.447,0.062,0.595,0.066,0.576,0.038,0.683,0.030,0.54,,,,,,,,,,,,,,
OH,1986,OH1986,OH2,1982,1990,0.005,0.098,0.001,0.019,0.062,0.595,0.066,0.576,0.038,0.683,0.044,0.75,,,,,,,,,,,,,,
OH,1988,OH1988,OH2,1982,1990,0.005,0.098,0.013,0.163,0.062,0.595,0.076,0.646,0.038,0.683,0.072,0.945,,,,,,,,,,,,,,
OH,1990,OH1990,OH2,1982,1990,0.005,0.098,-0.006,0.078,0.062,0.595,0.076,0.646,0.038,0.683,0.037,0.639,,,,,,,,,,,,,,
OH,1992,OH1992,OH2.1,1992,1992,-0.048,0.638,-0.048,0.558,-0.035,0.38,-0.035,0.348,-0.017,0.349,-0.017,0.331,,,,,,,,,,,,,,
OH,1994,OH1994,OH3,1994,2000,-0.083,0.852,-0.025,0.306,-0.080,0.716,-0.010,0.124,-0.059,0.925,-0.015,0.296,,,,,,,,,,,,,,
OH,1996,OH1996,OH3,1994,2000,-0.083,0.852,-0.099,0.884,-0.080,0.716,-0.106,0.794,-0.059,0.925,-0.078,0.962,,,,,,,,,,,,,,
OH,1998,OH1998,OH3,1994,2000,-0.083,0.852,-0.109,0.91,-0.080,0.716,-0.106,0.794,-0.059,0.925,-0.079,0.973,,,,,,,,,,,,,,
OH,2000,OH2000,OH3,1994,2000,-0.083,0.852,-0.100,0.889,-0.080,0.716,-0.096,0.766,-0.059,0.925,-0.065,0.92,,,,,,,,,,,,,,
OH,2002,OH2002,OH4,2002,2010,-0.090,0.885,-0.086,0.828,-0.082,0.734,-0.126,0.873,-0.048,0.847,-0.061,0.896,,,,,,,,,,,,,,
OH,2004,OH2004,OH4,2002,2010,-0.090,0.885,-0.115,0.925,-0.082,0.734,-0.116,0.838,-0.048,0.847,-0.065,0.918,,,,,,,,,,,,,,
OH,2006,OH2006,OH4,2002,2010,-0.090,0.885,-0.143,0.981,-0.082,0.734,-0.086,0.716,-0.048,0.847,-0.066,0.926,,,,,,,,,,,,,,
OH,2008,OH2008,OH4,2002,2010,-0.090,0.885,-0.058,0.636,-0.082,0.734,-0.045,0.427,-0.048,0.847,-0.033,0.587,,,,,,,,,,,,,,
OH,2010,OH2010,OH4,2002,2010,-0.090,0.885,-0.049,0.567,-0.082,0.734,-0.035,0.348,-0.048,0.847,-0.015,0.294,,,,,,,,,,,,,,
OH,2012,OH2012,OH5,2012,2014,-0.095,0.913,-0.134,0.968,-0.131,0.897,-0.116,0.838,-0.069,0.971,-0.057,0.876,,,,,,,,,,,,,,
OH,2014,OH2014,OH5,2012,2014,-0.095,0.913,-0.055,0.606,-0.131,0.897,-0.146,0.907,-0.069,0.971,-0.082,0.978,,,,,,,,,,,,,,
OK,1972,OK1972,OK1,,,0.088,0.971,0.129,0.993,0.167,0.967,0.153,0.949,0.061,0.982,0.041,0.835,,,,,,,,,,,,,,
OK,1974,OK1974,OK1,,,0.088,0.974,0.081,0.897,0.167,0.971,0.193,0.982,0.061,0.985,0.054,0.93,,,,,,,,,,,,,,
OK,1976,OK1976,OK1,,,0.088,0.978,0.085,0.915,0.167,0.974,0.173,0.978,0.061,0.989,0.064,0.963,,,,,,,,,,,,,,
OK,1978,OK1978,OK1,,,0.088,0.981,0.062,0.841,0.167,0.978,0.153,0.959,0.061,0.993,0.067,0.974,,,,,,,,,,,,,,
OK,1980,OK1980,OK1,,,0.088,0.985,0.081,0.9,0.167,0.981,0.163,0.974,0.061,0.996,0.078,0.993,,,,,,,,,,,,,,
OK,1982,OK1982,OK2,,,0.079,0.966,0.092,0.937,0.100,0.873,0.163,0.978,0.036,0.784,0.053,0.933,,,,,,,,,,,,,,
OK,1984,OK1984,OK2,,,0.079,0.97,0.099,0.966,0.100,0.876,0.153,0.97,0.036,0.787,0.048,0.895,,,,,,,,,,,,,,
OK,1986,OK1986,OK2,,,0.079,0.974,0.090,0.936,0.100,0.88,0.084,0.85,0.036,0.789,0.029,0.774,,,,,,,,,,,,,,
OK,1988,OK1988,OK2,,,0.079,0.977,0.090,0.936,0.100,0.883,0.035,0.668,0.036,0.792,0.021,0.679,,,,,,,,,,,,,,
OK,1990,OK1990,OK2,,,0.079,0.981,0.024,0.697,0.100,0.886,0.064,0.758,0.036,0.795,0.029,0.78,,,,,,,,,,,,,,
OK,1992,OK1992,OK3,,,0.058,0.821,0.069,0.875,0.078,0.833,0.124,0.935,0.047,0.901,0.066,0.977,,,,,,,,,,,,,,
OK,1994,OK1994,OK3,,,0.058,0.824,0.077,0.897,0.078,0.836,0.094,0.889,0.047,0.905,0.063,0.969,,,,,,,,,,,,,,
OK,1996,OK1996,OK3,,,0.058,0.828,0.096,0.95,0.078,0.839,0.084,0.858,0.047,0.908,0.026,0.739,,,,,,,,,,,,,,
OK,1998,OK1998,OK3,,,0.058,0.831,0.062,0.869,0.078,0.842,0.074,0.796,0.047,0.912,0.057,0.95,,,,,,,,,,,,,,
OK,2000,OK2000,OK3,,,0.058,0.834,-0.013,0.475,0.078,0.846,0.015,0.591,0.047,0.915,0.021,0.695,,,,,,,,,,,,,,
OK,2002,OK2002,OK4,,,-0.016,0.45,0.020,0.69,-0.045,0.229,0.025,0.628,-0.030,0.205,0.022,0.709,,,,,,,,,,,,,,
OK,2004,OK2004,OK4,,,-0.016,0.451,-0.024,0.385,-0.045,0.23,-0.054,0.226,-0.030,0.206,-0.043,0.16,,,,,,,,,,,,,,
OK,2006,OK2006,OK4,,,-0.016,0.453,-0.035,0.289,-0.045,0.23,-0.035,0.324,-0.030,0.207,-0.024,0.277,,,,,,,,,,,,,,
OK,2008,OK2008,OK4,,,-0.016,0.455,-0.044,0.251,-0.045,0.231,-0.084,0.11,-0.030,0.208,-0.054,0.106,,,,,,,,,,,,,,
OK,2010,OK2010,OK4,,,-0.016,0.457,0.001,0.575,-0.045,0.232,-0.074,0.138,-0.030,0.209,-0.049,0.126,,,,,,,,,,,,,,
OK,2012,OK2012,OK5,,,-0.046,0.194,-0.066,0.119,-0.119,0.024,-0.114,0.043,-0.060,0.059,-0.045,0.134,,,,,,,,,,,,,,
OK,2014,OK2014,OK5,,,-0.046,0.194,-0.025,0.365,-0.119,0.024,-0.124,0.032,-0.060,0.06,-0.074,0.044,,,,,,,,,,,,,,
OR,1972,OR1972,OR1,,,0.017,0.685,-0.006,0.518,0.010,0.57,-0.033,0.315,0.003,0.55,-0.011,0.375,,,,,,,,,,,,,,
OR,1974,OR1974,OR1,,,0.017,0.688,0.038,0.756,0.010,0.572,0.000,0.504,0.003,0.552,-0.004,0.472,,,,,,,,,,,,,,
OR,1976,OR1976,OR1,,,0.017,0.691,0.029,0.719,0.010,0.574,0.000,0.506,0.003,0.554,-0.008,0.426,,,,,,,,,,,,,,
OR,1978,OR1978,OR1,,,0.017,0.694,0.026,0.71,0.010,0.577,0.050,0.71,0.003,0.556,0.028,0.774,,,,,,,,,,,,,,
OR,1980,OR1980,OR1,,,0.017,0.696,0.000,0.575,0.010,0.579,0.033,0.66,0.003,0.559,0.008,0.579,,,,,,,,,,,,,,
OR,1982,OR1982,OR2,,,0.005,0.638,0.042,0.78,-0.017,0.431,0.050,0.711,0.000,0.541,0.026,0.748,,,,,,,,,,,,,,
OR,1984,OR1984,OR2,,,0.005,0.641,0.049,0.812,-0.017,0.433,0.017,0.592,0.000,0.543,0.010,0.604,,,,,,,,,,,,,,
OR,1986,OR1986,OR2,,,0.005,0.643,-0.011,0.496,-0.017,0.434,-0.050,0.254,0.000,0.545,-0.007,0.439,,,,,,,,,,,,,,
OR,1988,OR1988,OR2,,,0.005,0.646,-0.002,0.564,-0.017,0.436,-0.033,0.321,0.000,0.547,-0.007,0.457,,,,,,,,,,,,,,
OR,1990,OR1990,OR2,,,0.005,0.649,-0.053,0.219,-0.017,0.438,-0.067,0.153,0.000,0.55,-0.021,0.293,,,,,,,,,,,,,,
OR,1992,OR1992,OR3,,,-0.055,0.116,-0.062,0.154,-0.044,0.245,-0.067,0.154,-0.025,0.232,-0.039,0.183,,,,,,,,,,,,,,
OR,1994,OR1994,OR3,,,-0.055,0.117,-0.017,0.433,-0.044,0.246,0.000,0.508,-0.025,0.233,-0.009,0.413,,,,,,,,,,,,,,
OR,1996,OR1996,OR3,,,-0.055,0.117,-0.046,0.243,-0.044,0.247,-0.017,0.439,-0.025,0.234,-0.033,0.222,,,,,,,,,,,,,,
OR,1998,OR1998,OR3,,,-0.055,0.118,-0.085,0.063,-0.044,0.248,-0.076,0.134,-0.025,0.235,-0.030,0.252,,,,,,,,,,,,,,
OR,2000,OR2000,OR3,,,-0.055,0.118,-0.066,0.118,-0.044,0.249,-0.059,0.207,-0.025,0.236,-0.015,0.325,,,,,,,,,,,,,,
OR,2002,OR2002,OR4,,,-0.047,0.144,-0.069,0.11,-0.023,0.331,-0.050,0.246,-0.010,0.364,-0.011,0.39,,,,,,,,,,,,,,
OR,2004,OR2004,OR4,,,-0.047,0.145,-0.074,0.089,-0.023,0.332,-0.050,0.247,-0.010,0.366,-0.033,0.217,,,,,,,,,,,,,,
OR,2006,OR2006,OR4,,,-0.047,0.145,-0.063,0.128,-0.023,0.333,-0.033,0.308,-0.010,0.368,-0.021,0.286,,,,,,,,,,,,,,
OR,2008,OR2008,OR4,,,-0.047,0.146,-0.030,0.313,-0.023,0.335,0.017,0.575,-0.010,0.369,0.009,0.575,,,,,,,,,,,,,,
OR,2010,OR2010,OR4,,,-0.047,0.147,0.003,0.573,-0.023,0.336,0.000,0.5,-0.010,0.371,0.008,0.573,,,,,,,,,,,,,,
OR,2012,OR2012,OR5,,,0.025,0.68,0.022,0.684,0.042,0.71,0.050,0.697,0.016,0.649,0.014,0.615,,,,,,,,,,,,,,
OR,2014,OR2014,OR5,,,0.025,0.683,0.027,0.7,0.042,0.713,0.033,0.648,0.016,0.652,0.017,0.635,,,,,,,,,,,,,,
PA,1972,PA1972,PA1,,,-0.023,0.332,-0.010,0.485,-0.007,0.472,-0.002,0.493,-0.009,0.397,-0.003,0.467,,,,,,,,,,,,,,
PA,1974,PA1974,PA1,,,-0.023,0.333,-0.055,0.197,-0.007,0.474,-0.022,0.386,-0.009,0.399,-0.025,0.272,,,,,,,,,,,,,,
PA,1976,PA1976,PA1,,,-0.023,0.335,-0.010,0.489,-0.007,0.476,0.017,0.577,-0.009,0.401,0.008,0.573,,,,,,,,,,,,,,
PA,1978,PA1978,PA1,,,-0.023,0.336,-0.026,0.354,-0.007,0.478,-0.022,0.389,-0.009,0.403,-0.015,0.319,,,,,,,,,,,,,,
PA,1980,PA1980,PA1,,,-0.023,0.338,-0.012,0.471,-0.007,0.48,-0.007,0.453,-0.009,0.404,-0.010,0.396,,,,,,,,,,,,,,
PA,1982,PA1982,PA2,,,-0.033,0.237,-0.056,0.188,-0.003,0.504,-0.012,0.442,-0.008,0.415,-0.028,0.268,,,,,,,,,,,,,,
PA,1984,PA1984,PA2,,,-0.033,0.238,-0.027,0.35,-0.003,0.507,-0.002,0.489,-0.008,0.417,-0.013,0.354,,,,,,,,,,,,,,
PA,1986,PA1986,PA2,,,-0.033,0.239,-0.030,0.324,-0.003,0.509,0.007,0.545,-0.008,0.419,0.009,0.572,,,,,,,,,,,,,,
PA,1988,PA1988,PA2,,,-0.033,0.24,-0.020,0.38,-0.003,0.511,-0.007,0.457,-0.008,0.421,-0.004,0.457,,,,,,,,,,,,,,
PA,1990,PA1990,PA2,,,-0.033,0.241,-0.031,0.305,-0.003,0.514,-0.002,0.491,-0.008,0.423,-0.003,0.459,,,,,,,,,,,,,,
PA,1992,PA1992,PA3,,,-0.021,0.324,-0.038,0.26,-0.013,0.438,-0.027,0.374,-0.014,0.324,-0.015,0.324,,,,,,,,,,,,,,
PA,1994,PA1994,PA3,,,-0.021,0.326,0.046,0.775,-0.013,0.44,0.007,0.541,-0.014,0.326,0.032,0.761,,,,,,,,,,,,,,
PA,1996,PA1996,PA3,,,-0.021,0.327,-0.037,0.272,-0.013,0.442,-0.022,0.401,-0.014,0.327,-0.037,0.207,,,,,,,,,,,,,,
PA,1998,PA1998,PA3,,,-0.021,0.329,-0.014,0.449,-0.013,0.444,-0.007,0.458,-0.014,0.329,-0.010,0.394,,,,,,,,,,,,,,
PA,2000,PA2000,PA3,,,-0.021,0.33,-0.062,0.144,-0.013,0.447,-0.017,0.442,-0.014,0.33,-0.040,0.195,,,,,,,,,,,,,,
PA,2002,PA2002,PA4,,,-0.052,0.131,-0.017,0.402,-0.039,0.276,-0.032,0.364,-0.051,0.098,-0.070,0.065,,,,,,,,,,,,,,
PA,2004,PA2004,PA4,,,-0.052,0.131,-0.073,0.099,-0.039,0.277,-0.047,0.282,-0.051,0.099,-0.076,0.047,,,,,,,,,,,,,,
PA,2006,PA2006,PA4,,,-0.052,0.132,-0.081,0.075,-0.039,0.278,-0.042,0.307,-0.051,0.099,-0.041,0.175,,,,,,,,,,,,,,
PA,2008,PA2008,PA4,,,-0.052,0.133,-0.050,0.213,-0.039,0.28,-0.037,0.318,-0.051,0.1,-0.024,0.265,,,,,,,,,,,,,,
PA,2010,PA2010,PA4,,,-0.052,0.133,-0.004,0.495,-0.039,0.281,-0.027,0.371,-0.051,0.1,-0.031,0.233,,,,,,,,,,,,,,
PA,2012,PA2012,PA4,,,-0.052,0.134,-0.088,0.067,-0.039,0.282,-0.052,0.244,-0.051,0.1,-0.066,0.067,,,,,,,,,,,,,,
PA,2014,PA2014,PA5,,,-0.031,0.26,-0.031,0.279,-0.076,0.13,-0.076,0.149,-0.058,0.072,-0.058,0.082,,,,,,,,,,,,,,
RI,1972,RI1972,RI1,,,0.011,0.628,0.054,0.783,0.078,0.787,0.110,0.903,0.032,0.744,0.027,0.72,,,,,,,,,,,,,,
RI,1974,RI1974,RI1,,,0.011,0.631,-0.016,0.408,0.078,0.791,0.090,0.84,0.032,0.748,0.032,0.752,,,,,,,,,,,,,,
RI,1976,RI1976,RI1,,,0.011,0.634,0.011,0.585,0.078,0.795,0.040,0.654,0.032,0.751,0.022,0.659,,,,,,,,,,,,,,
RI,1978,RI1978,RI1,,,0.011,0.637,0.019,0.637,0.078,0.799,0.050,0.672,0.032,0.755,0.036,0.789,,,,,,,,,,,,,,
RI,1980,RI1980,RI1,,,0.011,0.64,-0.011,0.443,0.078,0.803,0.100,0.877,0.032,0.759,0.042,0.828,,,,,,,,,,,,,,
RI,1982,RI1982,RI2,,,0.044,0.738,0.060,0.817,0.111,0.886,0.140,0.931,0.044,0.832,0.054,0.931,,,,,,,,,,,,,,
RI,1984,RI1984,RI2,,,0.044,0.741,0.070,0.851,0.111,0.891,0.150,0.95,0.044,0.836,0.043,0.836,,,,,,,,,,,,,,
RI,1986,RI1986,RI2,,,0.044,0.745,0.040,0.74,0.111,0.895,0.090,0.855,0.044,0.84,0.048,0.89,,,,,,,,,,,,,,
RI,1988,RI1988,RI2,,,0.044,0.749,0.004,0.558,0.111,0.899,0.100,0.889,0.044,0.844,0.039,0.824,,,,,,,,,,,,,,
RI,1990,RI1990,RI2,,,0.044,0.753,0.045,0.768,0.111,0.904,0.076,0.773,0.044,0.848,0.034,0.783,,,,,,,,,,,,,,
RI,1992,RI1992,RI3,,,0.060,0.807,0.077,0.868,0.087,0.848,0.070,0.756,0.020,0.67,0.016,0.624,,,,,,,,,,,,,,
RI,1994,RI1994,RI3,,,0.060,0.811,0.119,0.98,0.087,0.852,0.080,0.816,0.020,0.673,0.021,0.673,,,,,,,,,,,,,,
RI,1996,RI1996,RI3,,,0.060,0.815,0.041,0.764,0.087,0.856,0.090,0.862,0.020,0.677,0.031,0.774,,,,,,,,,,,,,,
RI,1998,RI1998,RI3,,,0.060,0.82,0.082,0.897,0.087,0.861,0.086,0.856,0.020,0.68,0.007,0.562,,,,,,,,,,,,,,
RI,2000,RI2000,RI3,,,0.060,0.824,-0.019,0.394,0.087,0.865,0.110,0.912,0.020,0.684,0.026,0.741,,,,,,,,,,,,,,
RI,2002,RI2002,RI4,,,0.066,0.88,0.062,0.844,-0.011,0.474,0.041,0.698,-0.003,0.5,0.005,0.552,,,,,,,,,,,,,,
RI,2004,RI2004,RI4,,,0.066,0.885,0.056,0.812,-0.011,0.476,0.007,0.56,-0.003,0.503,0.002,0.529,,,,,,,,,,,,,,
RI,2006,RI2006,RI4,,,0.066,0.889,-0.003,0.521,-0.011,0.479,-0.007,0.479,-0.003,0.505,-0.001,0.505,,,,,,,,,,,,,,
RI,2008,RI2008,RI4,,,0.066,0.894,0.098,0.952,-0.011,0.481,-0.073,0.164,-0.003,0.508,-0.018,0.302,,,,,,,,,,,,,,
RI,2010,RI2010,RI4,,,0.066,0.899,0.117,0.973,-0.011,0.484,-0.020,0.431,-0.003,0.511,-0.003,0.473,,,,,,,,,,,,,,
RI,2012,RI2012,RI5,,,0.096,0.995,0.074,0.877,-0.057,0.262,-0.047,0.305,-0.009,0.422,-0.014,0.348,,,,,,,,,,,,,,
RI,2014,RI2014,RI5,,,0.096,1,0.118,0.978,-0.057,0.263,-0.068,0.177,-0.009,0.425,-0.004,0.468,,,,,,,,,,,,,,
SC,1974,SC1974,SC1,,,0.066,0.914,0.077,0.892,0.165,0.957,0.161,0.968,0.037,0.768,0.022,0.681,,,,,,,,,,,,,,
SC,1976,SC1976,SC1,,,0.066,0.918,0.036,0.761,0.165,0.962,0.194,0.978,0.037,0.772,0.035,0.772,,,,,,,,,,,,,,
SC,1978,SC1978,SC1,,,0.066,0.923,0.059,0.852,0.165,0.967,0.153,0.962,0.037,0.776,0.041,0.825,,,,,,,,,,,,,,
SC,1980,SC1980,SC1,,,0.066,0.929,0.093,0.951,0.165,0.973,0.153,0.967,0.037,0.78,0.048,0.874,,,,,,,,,,,,,,
SC,1982,SC1982,SC2,,,0.073,0.934,0.074,0.895,0.171,0.978,0.248,1,0.056,0.961,0.035,0.79,,,,,,,,,,,,,,
SC,1984,SC1984,SC2,,,0.073,0.939,0.157,1,0.171,0.983,0.194,0.989,0.056,0.967,0.045,0.861,,,,,,,,,,,,,,
SC,1986,SC1986,SC2,,,0.073,0.944,0.054,0.844,0.171,0.989,0.175,0.989,0.056,0.972,0.052,0.899,,,,,,,,,,,,,,
SC,1988,SC1988,SC2,,,0.073,0.949,0.065,0.882,0.171,0.994,0.118,0.949,0.056,0.978,0.061,0.949,,,,,,,,,,,,,,
SC,1990,SC1990,SC2,,,0.073,0.955,0.015,0.695,0.171,1,0.120,0.955,0.056,0.983,0.087,1,,,,,,,,,,,,,,
SC,1992,SC1992,SC2.1,,,0.082,0.989,0.082,0.92,0.093,0.909,0.093,0.92,0.062,1,0.062,0.96,,,,,,,,,,,,,,
SC,1994,SC1994,SC2.2,,,-0.017,0.457,0.014,0.697,-0.028,0.354,0.004,0.543,-0.018,0.32,0.017,0.663,,,,,,,,,,,,,,
SC,1996,SC1996,SC2.2,,,-0.017,0.46,-0.047,0.259,-0.028,0.356,-0.061,0.236,-0.018,0.322,-0.053,0.126,,,,,,,,,,,,,,
SC,1998,SC1998,SC3,,,-0.039,0.22,-0.019,0.434,-0.044,0.312,-0.024,0.428,-0.047,0.116,-0.049,0.145,,,,,,,,,,,,,,
SC,2000,SC2000,SC3,,,-0.039,0.221,-0.058,0.18,-0.044,0.314,-0.065,0.227,-0.047,0.116,-0.045,0.157,,,,,,,,,,,,,,
SC,2002,SC2002,SC3.1,,,-0.101,0.023,-0.101,0.041,-0.089,0.099,-0.089,0.129,-0.094,0,-0.094,0.006,,,,,,,,,,,,,,
SC,2004,SC2004,SC4,,,-0.038,0.218,0.001,0.594,-0.082,0.1,-0.081,0.165,-0.084,0,-0.101,0,,,,,,,,,,,,,,
SC,2006,SC2006,SC4,,,-0.038,0.219,-0.057,0.189,-0.082,0.101,-0.081,0.166,-0.084,0,-0.081,0.012,,,,,,,,,,,,,,
SC,2008,SC2008,SC4,,,-0.038,0.22,-0.075,0.083,-0.082,0.101,-0.073,0.173,-0.084,0,-0.078,0.03,,,,,,,,,,,,,,
SC,2010,SC2010,SC4,,,-0.038,0.222,-0.022,0.407,-0.082,0.102,-0.093,0.126,-0.084,0,-0.078,0.03,,,,,,,,,,,,,,
SC,2012,SC2012,SC5,,,-0.034,0.229,-0.061,0.157,-0.113,0.054,-0.113,0.066,-0.083,0,-0.079,0.018,,,,,,,,,,,,,,
SC,2014,SC2014,SC5,,,-0.034,0.23,-0.007,0.521,-0.113,0.055,-0.113,0.067,-0.083,0,-0.086,0,,,,,,,,,,,,,,
TN,1972,TN1972,TN1,,,-0.040,0.195,0.002,0.591,0.053,0.787,0.025,0.61,0.041,0.799,0.025,0.726,,,,,,,,,,,,,,
TN,1974,TN1974,TN1,,,-0.040,0.196,-0.064,0.135,0.053,0.791,0.071,0.798,0.041,0.804,0.052,0.926,,,,,,,,,,,,,,
TN,1976,TN1976,TN1,,,-0.040,0.198,-0.056,0.198,0.053,0.796,0.082,0.883,0.041,0.809,0.065,0.969,,,,,,,,,,,,,,
TN,1978,TN1978,TN1,,,-0.040,0.199,-0.051,0.211,0.053,0.801,0.051,0.745,0.041,0.814,0.040,0.851,,,,,,,,,,,,,,
TN,1980,TN1980,TN1,,,-0.040,0.2,-0.030,0.331,0.053,0.806,0.036,0.713,0.041,0.819,0.023,0.725,,,,,,,,,,,,,,
TN,1982,TN1982,TN1.1,,,-0.019,0.403,-0.019,0.403,0.071,0.843,0.071,0.805,0.060,0.994,0.060,0.956,,,,,,,,,,,,,,
TN,1984,TN1984,TN2,,,-0.020,0.38,0.019,0.69,0.078,0.88,0.106,0.943,0.048,0.911,0.033,0.81,,,,,,,,,,,,,,
TN,1986,TN1986,TN2,,,-0.020,0.382,-0.029,0.344,0.078,0.885,0.096,0.924,0.048,0.917,0.074,0.987,,,,,,,,,,,,,,
TN,1988,TN1988,TN2,,,-0.020,0.385,-0.030,0.327,0.078,0.891,0.076,0.827,0.048,0.923,0.071,0.981,,,,,,,,,,,,,,
TN,1990,TN1990,TN2,,,-0.020,0.387,-0.038,0.277,0.078,0.897,0.035,0.71,0.048,0.929,0.014,0.658,,,,,,,,,,,,,,
TN,1992,TN1992,TN2.1,,,0.058,0.864,0.058,0.844,0.066,0.838,0.066,0.805,0.061,1,0.061,0.974,,,,,,,,,,,,,,
TN,1994,TN1994,TN3,,,0.037,0.712,0.086,0.928,0.071,0.843,0.076,0.83,0.044,0.915,0.044,0.895,,,,,,,,,,,,,,
TN,1996,TN1996,TN3,,,0.037,0.717,0.028,0.73,0.071,0.849,0.066,0.816,0.044,0.921,0.028,0.816,,,,,,,,,,,,,,
TN,1998,TN1998,TN3,,,0.037,0.722,0.020,0.702,0.071,0.854,0.086,0.907,0.044,0.927,0.053,0.96,,,,,,,,,,,,,,
TN,2000,TN2000,TN3,,,0.037,0.727,0.012,0.66,0.071,0.86,0.056,0.787,0.044,0.933,0.052,0.953,,,,,,,,,,,,,,
TN,2002,TN2002,TN4,,,-0.010,0.47,-0.009,0.51,-0.004,0.523,-0.005,0.537,-0.004,0.523,-0.001,0.544,,,,,,,,,,,,,,
TN,2004,TN2004,TN4,,,-0.010,0.473,0.041,0.797,-0.004,0.527,0.035,0.736,-0.004,0.527,0.040,0.885,,,,,,,,,,,,,,
TN,2006,TN2006,TN4,,,-0.010,0.476,-0.053,0.224,-0.004,0.531,0.005,0.571,-0.004,0.531,0.003,0.578,,,,,,,,,,,,,,
TN,2008,TN2008,TN4,,,-0.010,0.479,-0.006,0.527,-0.004,0.534,-0.005,0.548,-0.004,0.534,-0.007,0.5,,,,,,,,,,,,,,
TN,2010,TN2010,TN4,,,-0.010,0.483,-0.024,0.393,-0.004,0.538,-0.051,0.269,-0.004,0.538,-0.054,0.097,,,,,,,,,,,,,,
TN,2012,TN2012,TN5,,,-0.032,0.264,-0.073,0.118,-0.190,0,-0.173,0.007,-0.080,0.007,-0.086,0,,,,,,,,,,,,,,
TN,2014,TN2014,TN5,,,-0.032,0.266,0.010,0.636,-0.190,0,-0.207,0,-0.080,0.007,-0.073,0.021,,,,,,,,,,,,,,
TX,1972,TX1972,TX1,,,0.076,0.958,0.141,1,0.159,0.972,0.213,1,0.032,0.838,0.023,0.768,,,,,,,,,,,,,,
TX,1974,TX1974,TX1,,,0.076,0.965,-0.005,0.539,0.159,0.979,0.200,1,0.032,0.844,0.027,0.816,,,,,,,,,,,,,,
TX,1976,TX1976,TX1,,,0.076,0.971,0.059,0.857,0.159,0.986,0.107,0.957,0.032,0.85,0.026,0.807,,,,,,,,,,,,,,
TX,1978,TX1978,TX1,,,0.076,0.978,0.100,0.978,0.159,0.993,0.133,0.971,0.032,0.856,0.039,0.871,,,,,,,,,,,,,,
TX,1980,TX1980,TX1,,,0.076,0.986,0.085,0.935,0.159,1,0.140,0.978,0.032,0.862,0.043,0.891,,,,,,,,,,,,,,
TX,1982,TX1982,TX2,,,0.060,0.92,0.072,0.905,0.112,0.971,0.160,1,0.048,0.934,0.046,0.912,,,,,,,,,,,,,,
TX,1984,TX1984,TX2,,,0.060,0.926,0.124,1,0.112,0.978,0.147,1,0.048,0.941,0.060,0.971,,,,,,,,,,,,,,
TX,1986,TX1986,TX2,,,0.060,0.933,0.037,0.807,0.112,0.985,0.093,0.956,0.048,0.948,0.051,0.948,,,,,,,,,,,,,,
TX,1988,TX1988,TX2,,,0.060,0.94,0.034,0.799,0.112,0.993,0.080,0.925,0.048,0.955,0.036,0.888,,,,,,,,,,,,,,
TX,1990,TX1990,TX2,,,0.060,0.947,0.033,0.789,0.112,1,0.080,0.932,0.048,0.962,0.048,0.94,,,,,,,,,,,,,,
TX,1992,TX1992,TX3,,,0.040,0.773,0.054,0.871,0.049,0.886,0.093,0.962,0.049,0.97,0.076,0.992,,,,,,,,,,,,,,
TX,1994,TX1994,TX3,,,0.040,0.779,0.100,0.992,0.049,0.893,0.100,0.977,0.049,0.977,0.086,1,,,,,,,,,,,,,,
TX,1996,TX1996,TX3,,,0.040,0.785,0.004,0.638,0.049,0.9,0.020,0.685,0.049,0.985,0.020,0.808,,,,,,,,,,,,,,
TX,1998,TX1998,TX3,,,0.040,0.791,0.010,0.682,0.049,0.907,0.013,0.674,0.049,0.992,0.018,0.783,,,,,,,,,,,,,,
TX,2000,TX2000,TX3,,,0.040,0.797,0.031,0.789,0.049,0.914,0.020,0.688,0.049,1,0.043,0.93,,,,,,,,,,,,,,
TX,2002,TX2002,TX4,,,-0.021,0.378,-0.039,0.315,-0.045,0.315,-0.087,0.134,-0.036,0.22,-0.060,0.055,,,,,,,,,,,,,,
TX,2004,TX2004,TX4,,,-0.021,0.381,-0.025,0.421,-0.045,0.317,-0.067,0.183,-0.036,0.222,-0.039,0.183,,,,,,,,,,,,,,
TX,2006,TX2006,TX4,,,-0.021,0.384,-0.014,0.528,-0.045,0.32,-0.033,0.4,-0.036,0.224,-0.040,0.176,,,,,,,,,,,,,,
TX,2008,TX2008,TX4,,,-0.021,0.387,-0.009,0.556,-0.045,0.323,-0.007,0.573,-0.036,0.226,-0.007,0.524,,,,,,,,,,,,,,
TX,2010,TX2010,TX4,,,-0.021,0.39,-0.016,0.504,-0.045,0.325,-0.033,0.407,-0.036,0.228,-0.035,0.203,,,,,,,,,,,,,,
TX,2012,TX2012,TX5,,,-0.057,0.172,-0.057,0.23,-0.107,0.057,-0.107,0.074,-0.064,0.025,-0.064,0.041,,,,,,,,,,,,,,
TX,2014,TX2014,TX5.1,,,-0.017,0.43,-0.017,0.479,-0.113,0.05,-0.113,0.066,-0.080,0,-0.080,0,,,,,,,,,,,,,,
UT,1972,UT1972,UT1,,,-0.020,0.392,-0.014,0.517,-0.025,0.367,-0.047,0.333,-0.006,0.533,-0.011,0.433,,,,,,,,,,,,,,
UT,1974,UT1974,UT1,,,-0.020,0.395,-0.008,0.546,-0.025,0.37,-0.020,0.496,-0.006,0.538,-0.011,0.437,,,,,,,,,,,,,,
UT,1976,UT1976,UT1,,,-0.020,0.398,0.031,0.771,-0.025,0.373,0.033,0.771,-0.006,0.542,0.010,0.695,,,,,,,,,,,,,,
UT,1978,UT1978,UT1,,,-0.020,0.402,-0.041,0.308,-0.025,0.376,-0.020,0.504,-0.006,0.547,-0.001,0.573,,,,,,,,,,,,,,
UT,1980,UT1980,UT1,,,-0.020,0.405,-0.070,0.147,-0.025,0.379,-0.073,0.172,-0.006,0.552,-0.014,0.388,,,,,,,,,,,,,,
UT,1982,UT1982,UT2,,,-0.058,0.139,-0.095,0.087,-0.036,0.33,-0.033,0.4,-0.017,0.33,-0.016,0.339,,,,,,,,,,,,,,
UT,1984,UT1984,UT2,,,-0.058,0.14,-0.093,0.088,-0.036,0.333,-0.047,0.342,-0.017,0.333,-0.012,0.421,,,,,,,,,,,,,,
UT,1986,UT1986,UT2,,,-0.058,0.142,-0.070,0.133,-0.036,0.336,-0.060,0.239,-0.017,0.336,-0.031,0.248,,,,,,,,,,,,,,
UT,1988,UT1988,UT2,,,-0.058,0.143,-0.015,0.491,-0.036,0.339,-0.020,0.491,-0.017,0.339,-0.007,0.491,,,,,,,,,,,,,,
UT,1990,UT1990,UT2,,,-0.058,0.144,-0.016,0.486,-0.036,0.342,-0.020,0.495,-0.017,0.342,-0.022,0.315,,,,,,,,,,,,,,
UT,1992,UT1992,UT3,,,-0.032,0.245,-0.051,0.245,-0.023,0.427,-0.033,0.4,-0.007,0.491,-0.002,0.545,,,,,,,,,,,,,,
UT,1994,UT1994,UT3,,,-0.032,0.248,-0.010,0.514,-0.023,0.431,-0.007,0.532,-0.007,0.495,-0.009,0.45,,,,,,,,,,,,,,
UT,1996,UT1996,UT3,,,-0.032,0.25,-0.028,0.389,-0.023,0.435,-0.020,0.5,-0.007,0.5,-0.011,0.435,,,,,,,,,,,,,,
UT,1998,UT1998,UT3,,,-0.032,0.252,-0.060,0.187,-0.023,0.439,-0.047,0.355,-0.007,0.505,-0.013,0.402,,,,,,,,,,,,,,
UT,2000,UT2000,UT3,,,-0.032,0.255,-0.011,0.5,-0.023,0.443,-0.007,0.528,-0.007,0.509,-0.002,0.519,,,,,,,,,,,,,,
UT,2002,UT2002,UT4,,,-0.010,0.438,-0.007,0.505,-0.071,0.152,-0.060,0.257,-0.038,0.2,-0.037,0.2,,,,,,,,,,,,,,
UT,2004,UT2004,UT4,,,-0.010,0.442,0.004,0.587,-0.071,0.154,-0.100,0.106,-0.038,0.202,-0.053,0.087,,,,,,,,,,,,,,
UT,2006,UT2006,UT4,,,-0.010,0.447,-0.034,0.34,-0.071,0.155,-0.060,0.252,-0.038,0.204,-0.041,0.175,,,,,,,,,,,,,,
UT,2008,UT2008,UT4,,,-0.010,0.451,-0.027,0.402,-0.071,0.157,-0.033,0.392,-0.038,0.206,-0.015,0.353,,,,,,,,,,,,,,
UT,2010,UT2010,UT4,,,-0.010,0.455,0.013,0.663,-0.071,0.158,-0.100,0.109,-0.038,0.208,-0.042,0.158,,,,,,,,,,,,,,
UT,2012,UT2012,UT5,,,0.003,0.58,0.023,0.72,-0.113,0.04,-0.140,0.01,-0.040,0.09,-0.037,0.18,,,,,,,,,,,,,,
UT,2014,UT2014,UT5,,,0.003,0.586,-0.018,0.465,-0.113,0.04,-0.087,0.121,-0.040,0.091,-0.044,0.141,,,,,,,,,,,,,,
VT,1986,VT1986,VT2,,,-0.016,0.378,-0.058,0.214,-0.023,0.378,-0.057,0.235,-0.011,0.398,-0.023,0.276,,,,,,,,,,,,,,
VT,1988,VT1988,VT2,,,-0.016,0.381,-0.035,0.34,-0.023,0.381,-0.036,0.351,-0.011,0.402,-0.031,0.237,,,,,,,,,,,,,,
VT,1990,VT1990,VT2,,,-0.016,0.385,0.046,0.813,-0.023,0.385,0.025,0.625,-0.011,0.406,0.020,0.75,,,,,,,,,,,,,,
VT,1992,VT1992,VT3,,,0.042,0.789,0.077,0.895,0.007,0.463,0.000,0.495,0.005,0.463,0.003,0.558,,,,,,,,,,,,,,
VT,1994,VT1994,VT3,,,0.042,0.798,0.061,0.862,0.007,0.468,0.067,0.851,0.005,0.468,0.028,0.84,,,,,,,,,,,,,,
VT,1996,VT1996,VT3,,,0.042,0.806,0.040,0.785,0.007,0.473,-0.023,0.441,0.005,0.473,-0.006,0.473,,,,,,,,,,,,,,
VT,1998,VT1998,VT3,,,0.042,0.815,0.065,0.88,0.007,0.478,0.050,0.783,0.005,0.478,0.019,0.75,,,,,,,,,,,,,,
VT,2000,VT2000,VT3,,,0.042,0.824,-0.031,0.374,0.007,0.484,-0.061,0.242,0.005,0.484,-0.019,0.297,,,,,,,,,,,,,,
VT,2002,VT2002,VT4,,,0.065,0.933,-0.030,0.378,0.040,0.833,-0.025,0.433,0.011,0.622,-0.007,0.467,,,,,,,,,,,,,,
VT,2004,VT2004,VT4,,,0.065,0.944,0.090,0.933,0.040,0.843,0.081,0.933,0.011,0.629,0.008,0.607,,,,,,,,,,,,,,
VT,2006,VT2006,VT4,,,0.065,0.955,0.048,0.864,0.040,0.852,0.050,0.795,0.011,0.636,0.014,0.67,,,,,,,,,,,,,,
VT,2008,VT2008,VT4,,,0.065,0.966,0.092,0.954,0.040,0.862,0.040,0.77,0.011,0.644,0.018,0.736,,,,,,,,,,,,,,
VT,2010,VT2010,VT4,,,0.065,0.977,0.123,1,0.040,0.872,0.056,0.802,0.011,0.651,0.024,0.779,,,,,,,,,,,,,,
VT,2012,VT2012,VT5,,,0.090,0.988,0.082,0.953,0.106,0.988,0.082,0.941,0.028,0.824,0.017,0.741,,,,,,,,,,,,,,
VT,2014,VT2014,VT5,,,0.090,1,0.097,0.988,0.106,1,0.130,0.988,0.028,0.833,0.038,0.881,,,,,,,,,,,,,,
VA,1983,VA1983,VA2,,,0.059,0.964,0.058,0.916,0.101,0.964,0.146,1,0.044,0.964,0.052,0.964,,,,,,,,,,,,,,
VA,1985,VA1985,VA2,,,0.059,0.976,0.061,0.927,0.101,0.976,0.102,1,0.044,0.976,0.054,0.976,,,,,,,,,,,,,,
VA,1987,VA1987,VA2,,,0.059,0.988,0.078,0.951,0.101,0.988,0.096,1,0.044,0.988,0.036,0.901,,,,,,,,,,,,,,
VA,1989,VA1989,VA2,,,0.059,1,0.037,0.875,0.101,1,0.061,0.888,0.044,1,0.035,0.9,,,,,,,,,,,,,,
VA,1991,VA1991,VA3,,,0.041,0.886,0.080,0.962,0.027,0.823,0.076,0.924,0.025,0.823,0.045,0.937,,,,,,,,,,,,,,
VA,1993,VA1993,VA3,,,0.041,0.897,0.069,0.962,0.027,0.833,0.035,0.833,0.025,0.833,0.044,0.936,,,,,,,,,,,,,,
VA,1995,VA1995,VA3,,,0.041,0.909,0.019,0.831,0.027,0.844,0.025,0.727,0.025,0.844,0.022,0.831,,,,,,,,,,,,,,
VA,1997,VA1997,VA3,,,0.041,0.921,0.041,0.921,0.027,0.855,0.025,0.737,0.025,0.855,0.026,0.895,,,,,,,,,,,,,,
VA,1999,VA1999,VA3,,,0.041,0.933,-0.003,0.627,0.027,0.867,-0.025,0.507,0.025,0.867,-0.011,0.467,,,,,,,,,,,,,,
VA,2001,VA2001,VA4,,,-0.057,0.216,-0.057,0.297,-0.079,0.122,-0.082,0.203,-0.052,0.054,-0.046,0.162,,,,,,,,,,,,,,
VA,2003,VA2003,VA4,,,-0.057,0.219,-0.055,0.315,-0.079,0.123,-0.122,0.068,-0.052,0.055,-0.058,0.068,,,,,,,,,,,,,,
VA,2005,VA2005,VA4,,,-0.057,0.222,-0.097,0.111,-0.079,0.125,-0.098,0.139,-0.052,0.056,-0.055,0.097,,,,,,,,,,,,,,
VA,2007,VA2007,VA4,,,-0.057,0.225,-0.058,0.282,-0.079,0.127,-0.051,0.282,-0.052,0.056,-0.058,0.07,,,,,,,,,,,,,,
VA,2009,VA2009,VA4,,,-0.057,0.229,-0.018,0.529,-0.079,0.129,-0.041,0.386,-0.052,0.057,-0.044,0.129,,,,,,,,,,,,,,
VA,2011,VA2011,VA5,,,-0.132,0,-0.104,0.087,-0.138,0,-0.136,0.029,-0.072,0,-0.071,0.029,,,,,,,,,,,,,,
VA,2013,VA2013,VA5,,,-0.132,0,-0.159,0,-0.138,0,-0.140,0.015,-0.072,0,-0.073,0.015,,,,,,,,,,,,,,
WA,1972,WA1972,WA1,,,0.003,0.716,0.016,0.806,-0.018,0.448,-0.051,0.269,-0.009,0.478,-0.013,0.373,,,,,,,,,,,,,,
WA,1974,WA1974,WA1,,,0.003,0.727,-0.015,0.561,-0.018,0.455,-0.041,0.364,-0.009,0.485,-0.032,0.212,,,,,,,,,,,,,,
WA,1976,WA1976,WA1,,,0.003,0.738,0.021,0.831,-0.018,0.462,0.000,0.523,-0.009,0.492,0.000,0.538,,,,,,,,,,,,,,
WA,1978,WA1978,WA1,,,0.003,0.75,0.010,0.75,-0.018,0.469,0.020,0.672,-0.009,0.5,0.007,0.641,,,,,,,,,,,,,,
WA,1980,WA1980,WA1,,,0.003,0.762,-0.017,0.556,-0.018,0.476,-0.020,0.46,-0.009,0.508,-0.008,0.444,,,,,,,,,,,,,,
WA,1982,WA1982,WA2,,,-0.001,0.694,-0.025,0.516,0.014,0.548,-0.051,0.29,0.010,0.548,-0.015,0.355,,,,,,,,,,,,,,
WA,1984,WA1984,WA2,,,-0.001,0.705,0.007,0.721,0.014,0.557,0.000,0.525,0.010,0.557,0.000,0.525,,,,,,,,,,,,,,
WA,1986,WA1986,WA2,,,-0.001,0.717,0.002,0.7,0.014,0.567,0.031,0.75,0.010,0.567,0.025,0.833,,,,,,,,,,,,,,
WA,1988,WA1988,WA2,,,-0.001,0.729,0.034,0.881,0.014,0.576,0.071,0.898,0.010,0.576,0.023,0.831,,,,,,,,,,,,,,
WA,1990,WA1990,WA2,,,-0.001,0.741,-0.021,0.569,0.014,0.586,0.020,0.69,0.010,0.586,0.015,0.776,,,,,,,,,,,,,,
WA,1992,WA1992,WA3,,,-0.046,0.246,0.048,0.947,-0.059,0.333,-0.031,0.439,-0.023,0.298,-0.013,0.404,,,,,,,,,,,,,,
WA,1994,WA1994,WA3,,,-0.046,0.25,-0.065,0.232,-0.059,0.339,-0.051,0.321,-0.023,0.304,-0.010,0.429,,,,,,,,,,,,,,
WA,1996,WA1996,WA3,,,-0.046,0.255,-0.091,0.127,-0.059,0.345,-0.102,0.109,-0.023,0.309,-0.033,0.236,,,,,,,,,,,,,,
WA,1998,WA1998,WA3,,,-0.046,0.259,-0.059,0.278,-0.059,0.352,-0.061,0.278,-0.023,0.315,-0.027,0.296,,,,,,,,,,,,,,
WA,2000,WA2000,WA3,,,-0.046,0.264,-0.062,0.264,-0.059,0.358,-0.051,0.302,-0.023,0.321,-0.031,0.245,,,,,,,,,,,,,,
WA,2002,WA2002,WA4,,,0.008,0.827,-0.001,0.692,0.018,0.558,-0.031,0.404,0.010,0.558,-0.007,0.462,,,,,,,,,,,,,,
WA,2004,WA2004,WA4,,,0.008,0.843,-0.001,0.667,0.018,0.569,-0.010,0.471,0.010,0.569,-0.002,0.49,,,,,,,,,,,,,,
WA,2006,WA2006,WA4,,,0.008,0.86,-0.001,0.68,0.018,0.58,0.031,0.74,0.010,0.58,0.016,0.76,,,,,,,,,,,,,,
WA,2008,WA2008,WA4,,,0.008,0.878,-0.002,0.673,0.018,0.592,0.061,0.878,0.010,0.592,0.029,0.857,,,,,,,,,,,,,,
WA,2010,WA2010,WA4,,,0.008,0.896,0.044,0.917,0.018,0.604,0.041,0.813,0.010,0.604,0.012,0.708,,,,,,,,,,,,,,
WA,2012,WA2012,WA5,,,-0.009,0.66,-0.030,0.511,0.010,0.574,0.010,0.638,0.009,0.574,0.006,0.617,,,,,,,,,,,,,,
WA,2014,WA2014,WA5,,,-0.009,0.674,0.012,0.761,0.010,0.587,0.010,0.652,0.009,0.587,0.013,0.717,,,,,,,,,,,,,,
WV,1992,WV1992,WV3,,,0.045,0.911,0.099,1,0.076,0.911,0.076,0.889,0.042,0.911,0.017,0.778,,,,,,,,,,,,,,
WV,1994,WV1994,WV3,,,0.045,0.932,0.097,1,0.076,0.932,0.076,0.909,0.042,0.932,0.050,0.932,,,,,,,,,,,,,,
WV,1996,WV1996,WV3,,,0.045,0.953,0.013,0.837,0.076,0.953,0.076,0.93,0.042,0.953,0.051,0.953,,,,,,,,,,,,,,
WV,1998,WV1998,WV3,,,0.045,0.976,-0.027,0.595,0.076,0.976,0.076,0.952,0.042,0.976,0.064,0.976,,,,,,,,,,,,,,
WV,2000,WV2000,WV3,,,0.045,1,0.044,0.976,0.076,1,0.076,0.976,0.042,1,0.026,0.902,,,,,,,,,,,,,,
WV,2002,WV2002,WV4,,,0.004,0.9,0.092,1,0.033,0.9,0.083,1,0.029,0.9,0.047,0.975,,,,,,,,,,,,,,
WV,2004,WV2004,WV4,,,0.004,0.923,-0.033,0.59,0.033,0.923,-0.028,0.538,0.029,0.923,-0.008,0.564,,,,,,,,,,,,,,
WV,2006,WV2006,WV4,,,0.004,0.947,-0.029,0.605,0.033,0.947,0.028,0.842,0.029,0.947,0.022,0.895,,,,,,,,,,,,,,
WV,2008,WV2008,WV4,,,0.004,0.973,-0.040,0.514,0.033,0.973,0.056,0.973,0.029,0.973,0.072,1,,,,,,,,,,,,,,
WV,2010,WV2010,WV4,,,0.004,1,0.031,0.972,0.033,1,0.028,0.889,0.029,1,0.013,0.889,,,,,,,,,,,,,,
WV,2012,WV2012,WV5,,,-0.015,0.714,0.017,0.914,-0.011,0.714,0.032,0.914,-0.013,0.714,0.008,0.829,,,,,,,,,,,,,,
WV,2014,WV2014,WV5,,,-0.015,0.735,-0.046,0.5,-0.011,0.735,-0.053,0.441,-0.013,0.735,-0.033,0.353,,,,,,,,,,,,,,
WI,1972,WI1972,WI1,,,-0.003,0.879,0.006,0.818,0.025,0.879,0.005,0.697,0.012,0.758,0.002,0.727,,,,,,,,,,,,,,
WI,1974,WI1974,WI1,,,-0.003,0.906,-0.016,0.719,0.025,0.906,0.045,0.969,0.012,0.781,0.006,0.813,,,,,,,,,,,,,,
WI,1976,WI1976,WI1,,,-0.003,0.935,-0.025,0.677,0.025,0.935,0.005,0.742,0.012,0.806,0.001,0.742,,,,,,,,,,,,,,
WI,1978,WI1978,WI1,,,-0.003,0.967,0.013,0.9,0.025,0.967,0.015,0.867,0.012,0.833,0.010,0.867,,,,,,,,,,,,,,
WI,1980,WI1980,WI1,,,-0.003,1,0.008,0.862,0.025,1,0.056,1,0.012,0.862,0.039,1,,,,,,,,,,,,,,
WI,1982,WI1982,WI1.1,,,-0.038,0.5,-0.038,0.679,-0.035,0.679,-0.035,0.643,-0.016,0.679,-0.016,0.571,,,,,,,,,,,,,,
WI,1984,WI1984,WI2,,,-0.014,0.889,-0.024,0.741,0.023,0.889,0.025,0.926,0.020,0.889,0.030,1,,,,,,,,,,,,,,
WI,1986,WI1986,WI2,,,-0.014,0.923,-0.006,0.808,0.023,0.923,0.005,0.846,0.020,0.923,0.015,0.962,,,,,,,,,,,,,,
WI,1988,WI1988,WI2,,,-0.014,0.96,-0.037,0.76,0.023,0.96,0.025,0.96,0.020,0.96,0.026,1,,,,,,,,,,,,,,
WI,1990,WI1990,WI2,,,-0.014,1,0.011,0.875,0.023,1,0.035,1,0.020,1,0.009,1,,,,,,,,,,,,,,
WI,1992,WI1992,WI3,,,-0.024,0.826,-0.013,0.826,-0.023,0.826,0.005,0.957,-0.027,0.522,0.003,0.957,,,,,,,,,,,,,,
WI,1994,WI1994,WI3,,,-0.024,0.864,0.025,0.955,-0.023,0.864,0.005,1,-0.027,0.545,0.003,1,,,,,,,,,,,,,,
WI,1996,WI1996,WI3,,,-0.024,0.905,-0.002,0.905,-0.023,0.905,-0.015,0.952,-0.027,0.571,-0.018,0.714,,,,,,,,,,,,,,
WI,1998,WI1998,WI3,,,-0.024,0.95,-0.074,0.5,-0.023,0.95,-0.066,0.7,-0.027,0.6,-0.079,0,,,,,,,,,,,,,,
WI,2000,WI2000,WI3,,,-0.024,1,-0.057,0.684,-0.023,1,-0.045,0.842,-0.027,0.632,-0.047,0.263,,,,,,,,,,,,,,
WI,2002,WI2002,WI4,,,-0.075,0.5,-0.074,0.5,-0.066,0.5,-0.086,0.389,-0.040,0.111,-0.061,0.056,,,,,,,,,,,,,,
WI,2004,WI2004,WI4,,,-0.075,0.529,-0.098,0.294,-0.066,0.529,-0.106,0.235,-0.040,0.118,-0.039,0.353,,,,,,,,,,,,,,
WI,2006,WI2006,WI4,,,-0.075,0.563,-0.118,0.188,-0.066,0.563,-0.106,0.25,-0.040,0.125,-0.052,0.125,,,,,,,,,,,,,,
WI,2008,WI2008,WI4,,,-0.075,0.6,-0.048,0.733,-0.066,0.6,-0.010,1,-0.040,0.133,-0.012,0.8,,,,,,,,,,,,,,
WI,2010,WI2010,WI4,,,-0.075,0.643,-0.039,0.857,-0.066,0.643,-0.020,1,-0.040,0.143,-0.035,0.357,,,,,,,,,,,,,,
WI,2012,WI2012,WI5,,,-0.115,0,-0.133,0,-0.121,0,-0.126,0.154,-0.063,0,-0.056,0.077,,,,,,,,,,,,,,
WI,2014,WI2014,WI5,,,-0.115,0,-0.096,0.25,-0.121,0,-0.116,0.167,-0.063,0,-0.069,0,,,,,,,,,,,,,,
WY,1992,WY1992,WY3,,,-0.085,0.182,-0.121,0.091,-0.060,0.636,-0.033,1,-0.013,0.636,-0.014,0.727,,,,,,,,,,,,,,
WY,1994,WY1994,WY3,,,-0.085,0.2,-0.075,0.3,-0.060,0.7,-0.050,0.9,-0.013,0.7,-0.005,1,,,,,,,,,,,,,,
WY,1996,WY1996,WY3,,,-0.085,0.222,-0.050,0.667,-0.060,0.778,-0.083,0.333,-0.013,0.778,-0.008,1,,,,,,,,,,,,,,
WY,1998,WY1998,WY3,,,-0.085,0.25,-0.064,0.5,-0.060,0.875,-0.067,0.5,-0.013,0.875,-0.015,0.875,,,,,,,,,,,,,,
WY,2000,WY2000,WY3,,,-0.085,0.286,-0.114,0.143,-0.060,1,-0.067,0.571,-0.013,1,-0.022,0.857,,,,,,,,,,,,,,
WY,2002,WY2002,WY4,,,-0.026,0.333,-0.082,0.167,-0.107,0,-0.100,0.333,-0.039,0,-0.030,0.833,,,,,,,,,,,,,,
WY,2004,WY2004,WY4,,,-0.026,0.4,-0.067,0.2,-0.107,0,-0.133,0.2,-0.039,0,-0.043,0.2,,,,,,,,,,,,,,
WY,2006,WY2006,WY4,,,-0.026,0.5,-0.044,0.5,-0.107,0,-0.083,0.25,-0.039,0,-0.030,0.75,,,,,,,,,,,,,,
WY,2008,WY2008,WY4,,,-0.026,0.667,0.040,1,-0.107,0,-0.050,1,-0.039,0,-0.042,0.333,,,,,,,,,,,,,,
WY,2010,WY2010,WY4,,,-0.026,1,0.022,1,-0.107,0,-0.167,0,-0.039,0,-0.050,0,,,,,,,,,,,,,,
WY,2012,WY2012,WY5,,,-0.095,0,-0.127,0,-0.067,0,-0.067,0,-0.021,0,-0.009,1,,,,,,,,,,,,,,
WY,2014,WY2014,WY5,,,-0.095,1,-0.063,1,-0.067,1,-0.067,1,-0.021,1,-0.034,1,,,,,,,,,,,,,,