numb,stpost,fips,year,code,eg_adj,eg_adj_avg,bias,mmd,wasted_dem,wasted_rep,votes_dem,votes_twop,votepct_dem,median_dem,seats,seats_dem,seatpct_dem,oseats,seats_contested,commission,court,divided,unified_dem,unified_rep,unified,non-unified,redist.year,plan,firstelection,planelections,dw-nom_med,dw-nom_med_lag,dw-nom_avg,pop_black,pop_hisp,seats_black,seats_hisp,urbanization,section 5,wrongwin
1,AL,1,1972,AL1972,-0.058,-0.052,0.056,0.134,272265,221877,558363,988286,0.565,0.699,7,4,0.571,0,6,0,0,0,1,0,1,0,1972,AL1,1,5,-0.009,,0.002,0.260,0.005,0.000,0.000,0.589,1,
2,AL,1,1974,AL1974,0.070,-0.052,0.062,0.049,137571,204525,342569,684191,0.501,0.550,7,4,0.571,0,3,0,0,0,1,0,1,0,1972,AL1,0,5,-0.014,-0.009,-0.014,0.259,0.006,0.000,0.000,0.592,1,
3,AL,1,1976,AL1976,-0.119,-0.052,0.037,0.105,343345,211017,660196,1108721,0.595,0.701,7,4,0.571,0,4,0,0,0,1,0,1,0,1972,AL1,0,5,-0.018,-0.014,-0.007,0.257,0.007,0.000,0.000,0.594,1,
4,AL,1,1978,AL1978,-0.080,-0.052,0.016,0.057,220803,159138,437794,759880,0.576,0.632,7,4,0.571,0,3,0,0,0,1,0,1,0,1972,AL1,0,5,-0.022,-0.018,0.010,0.255,0.008,0.000,0.000,0.597,1,
5,AL,1,1980,AL1980,-0.075,-0.052,0.048,0.118,345811,231363,661758,1154347,0.573,0.691,7,4,0.571,0,3,0,0,0,1,0,1,0,1972,AL1,0,5,0.022,-0.022,0.072,0.253,0.009,0.000,0.000,0.600,1,
6,AL,1,1982,AL1982,-0.033,0.018,0.024,0.096,281608,236008,645519,1035232,0.624,0.720,7,5,0.714,0,4,0,0,0,1,0,1,0,1982,AL2,1,5,-0.031,0.022,-0.003,0.253,0.008,0.000,0.000,0.601,1,
7,AL,1,1984,AL1984,0.103,0.018,0.132,0.043,277592,440834,798723,1436854,0.556,0.599,7,5,0.714,0,3,0,0,0,1,0,1,0,1982,AL2,0,5,-0.036,-0.031,0.037,0.253,0.008,0.000,0.000,0.602,1,
8,AL,1,1986,AL1986,-0.036,0.018,0.087,0.104,301071,277985,723938,1158112,0.625,0.729,7,5,0.714,0,6,0,0,0,1,0,1,0,1982,AL2,0,5,-0.065,-0.036,0.021,0.252,0.007,0.000,0.000,0.602,1,
9,AL,1,1988,AL1988,0.076,0.018,0.153,0.078,310005,394259,801563,1408528,0.569,0.647,7,5,0.714,0,4,0,0,0,1,0,1,0,1982,AL2,0,5,-0.087,-0.065,0.004,0.252,0.007,0.000,0.000,0.603,1,
10,AL,1,1990,AL1990,-0.022,0.018,0.132,0.078,293251,284272,713744,1155045,0.618,0.697,7,5,0.714,0,4,0,0,0,1,0,1,0,1982,AL2,0,5,-0.087,-0.087,0.007,0.252,0.006,0.000,0.000,0.604,1,
11,AL,1,1992,AL1992,-0.093,-0.052,0.071,0.036,477484,291892,895601,1538751,0.582,0.618,7,4,0.571,0,7,0,0,0,1,0,1,0,1992,AL3,1,5,-0.126,-0.087,0.034,0.253,0.008,0.143,0.000,0.594,1,
12,AL,1,1994,AL1994,0.149,-0.052,0.070,0.044,214008,369424,537993,1166864,0.461,0.505,7,4,0.571,0,6,0,0,0,1,0,1,0,1992,AL3,0,5,-0.121,-0.126,0.039,0.255,0.010,0.143,0.000,0.584,1,Y
13,AL,1,1996,AL1996,-0.124,-0.052,0.071,0.029,461067,259714,656047,1441560,0.455,0.484,7,2,0.286,0,7,0,0,0,1,0,1,0,1992,AL3,0,5,0.472,-0.121,0.245,0.256,0.013,0.143,0.000,0.574,1,
14,AL,1,1998,AL1998,-0.133,-0.052,-0.197,-0.041,421455,240025,607881,1322961,0.459,0.419,7,2,0.286,0,5,0,0,0,1,0,1,0,1992,AL3,0,5,0.479,0.472,0.251,0.258,0.015,0.143,0.000,0.564,1,
15,AL,1,2000,AL2000,-0.060,-0.052,-0.187,-0.071,441692,351853,671181,1587089,0.423,0.352,7,2,0.286,0,3,0,0,0,1,0,1,0,1992,AL3,0,5,0.475,0.479,0.258,0.259,0.017,0.143,0.000,0.554,1,
16,AL,1,2002,AL2002,-0.103,-0.066,-0.075,-0.060,393245,247542,569368,1281574,0.444,0.384,7,2,0.286,0,4,0,0,0,1,0,1,0,2002,AL4,1,5,0.471,0.475,0.316,0.259,0.021,0.143,0.000,0.561,1,
17,AL,1,2004,AL2004,-0.071,-0.066,-0.212,-0.060,512879,388770,772665,1803299,0.428,0.368,7,2,0.286,0,6,0,0,0,1,0,1,0,2002,AL4,0,5,0.468,0.471,0.316,0.259,0.026,0.143,0.000,0.568,1,
18,AL,1,2006,AL2006,-0.042,-0.066,-0.209,-0.096,327267,296686,516736,1247904,0.414,0.318,7,2,0.286,0,4,0,0,0,1,0,1,0,2002,AL4,0,5,0.466,0.468,0.316,0.260,0.030,0.143,0.000,0.576,1,
19,AL,1,2008,AL2008,0.034,-0.066,0.048,0.012,430006,531497,860055,1923006,0.447,0.459,7,3,0.429,0,4,0,0,0,1,0,1,0,2002,AL4,0,5,0.4645,0.466,0.292,0.260,0.035,0.143,0.000,0.583,1,
20,AL,1,2010,AL2010,-0.149,-0.066,0.012,0.009,476444,244694,570737,1442276,0.396,0.405,7,1,0.143,0,4,0,0,0,1,0,1,0,2002,AL4,0,5,0.47,0.4645,0.416,0.260,0.039,0.143,0.000,0.590,1,
21,AL,1,2012,AL2012,-0.149,-0.117,-0.353,-0.037,639830,361554,793008,2002768,0.396,0.359,7,1,0.143,0,6,0,0,0,0,1,1,0,2012,AL5,1,3,0.463,0.47,0.447,0.260,0.043,0.143,0.000,0.597,1,
22,AL,1,2014,AL2014,-0.088,-0.117,-0.307,-0.048,331950,260483,432970,1184867,0.365,0.318,7,1,0.143,0,4,0,0,0,0,1,1,0,2012,AL5,0,3,,0.463,,0.260,0.048,0.143,0.000,0.604,1,
23,AL,1,2016,AL2016,-0.115,-0.117,-0.158,-0.049,612473,407002,772433,2038951,0.379,0.330,7,1,0.143,,4,0,0,0,0,1,1,0,2012,AL5,0,3,,,,0.261,0.052,0.143,0.000,0.612,1,
24,AZ,4,2002,AZ2002,-0.068,-0.003,-0.125,-0.034,390821,186209,472135,1154057,0.409,0.375,8,2,0.250,0,8,1,0,0,0,0,0,1,2002,AZ4,1,5,0.6235,,0.441,0.031,0.262,0.000,0.250,0.885,1,
25,AZ,4,2004,AZ2004,-0.086,-0.003,-0.246,-0.031,627331,286807,763992,1828278,0.418,0.387,8,2,0.250,0,6,1,0,0,0,0,0,1,2002,AZ4,0,5,0.6485,0.6235,0.449,0.032,0.271,0.000,0.250,0.888,1,
26,AZ,4,2006,AZ2006,0.037,-0.003,-0.009,0.007,390252,348044,711272,1476588,0.482,0.488,8,4,0.500,0,7,1,0,0,0,0,0,1,2002,AZ4,0,5,0.188,0.6485,0.272,0.034,0.279,0.000,0.250,0.892,1,
27,AZ,4,2008,AZ2008,0.109,-0.003,0.125,0.047,474315,564236,1055305,2077103,0.508,0.555,8,5,0.625,0,8,1,0,0,0,0,0,1,2002,AZ4,0,5,-0.063,0.188,0.199,0.035,0.288,0.000,0.250,0.895,1,
28,AZ,4,2010,AZ2010,-0.008,-0.003,0.000,0.019,457063,349110,711837,1612347,0.441,0.461,8,3,0.375,0,8,1,0,0,0,0,0,1,2002,AZ4,0,5,0.832,-0.063,0.421,0.037,0.297,0.000,0.250,0.898,1,
29,AZ,4,2012,AZ2012,0.158,0.087,0.056,0.055,417234,643148,952151,2120768,0.449,0.504,9,5,0.556,0,8,1,0,0,0,0,0,1,2012,AZ5,1,3,-0.088,0.832,0.226,0.039,0.306,0.000,0.222,0.901,1,Y
30,AZ,4,2014,AZ2014,0.082,0.087,0.056,0.068,374349,376854,648192,1502409,0.431,0.500,9,4,0.444,0,7,1,0,0,0,0,0,1,2012,AZ5,0,3,,-0.088,,0.040,0.315,0.000,0.222,0.904,1,
31,AZ,4,2016,AZ2016,0.022,0.087,-0.056,-0.031,679011,553505,1136764,2465034,0.461,0.430,9,4,0.444,0,7,1,0,0,0,0,0,1,2012,AZ5,0,3,,,,0.042,0.323,0.000,0.222,0.908,1,
32,CA,6,1972,CA1972,-0.011,-0.011,0.011,0.029,2224611,1778935,4185445,8007096,0.523,0.552,43,23,0.535,0,42,0,1,0,0,0,0,1,1972,CA1,1,1,-0.305,,-0.151,0.071,0.163,0.070,0.023,0.910,0,
33,CA,6,1974,CA1974,0.013,0.053,-0.010,0.020,1554942,1340371,3295277,5790634,0.569,0.589,43,28,0.651,0,38,0,1,0,0,0,0,1,1974,CA1.1,1,4,-0.312,-0.305,-0.207,0.072,0.170,0.070,0.023,0.911,0,
34,CA,6,1976,CA1976,0.053,0.053,0.081,0.075,1871216,1824899,4146554,7392234,0.561,0.636,43,29,0.674,0,42,0,1,0,0,0,0,1,1974,CA1.1,0,4,-0.305,-0.312,-0.208,0.073,0.177,0.070,0.023,0.911,0,
35,CA,6,1978,CA1978,0.068,0.053,0.062,0.068,1605567,1646402,3370976,6503931,0.518,0.586,43,26,0.605,0,41,0,1,0,0,0,0,1,1974,CA1.1,0,4,-0.279,-0.305,-0.132,0.074,0.185,0.070,0.047,0.912,0,
36,CA,6,1980,CA1980,0.077,0.053,0.012,0.050,1939417,1982655,3665518,7844144,0.467,0.517,43,22,0.512,0,43,0,1,0,0,0,0,1,1974,CA1.1,0,4,-0.236,-0.279,-0.072,0.075,0.192,0.093,0.047,0.913,0,Y
37,CA,6,1982,CA1982,0.109,0.109,0.100,0.053,1590349,2139900,3777810,7460505,0.506,0.559,45,28,0.622,1,42,0,0,0,1,0,1,0,1982,CA2,1,1,-0.3595,-0.236,-0.134,0.074,0.205,0.089,0.089,0.916,0,
38,CA,6,1984,CA1984,0.102,0.057,0.100,0.104,1982496,2496317,4470979,8957624,0.499,0.603,45,27,0.600,0,42,0,0,0,1,0,1,0,1984,CA2.1,1,4,-0.33,-0.3595,-0.101,0.073,0.218,0.089,0.089,0.918,0,Y
39,CA,6,1986,CA1986,0.048,0.057,0.100,0.124,1762952,1778633,3727386,7083165,0.526,0.650,45,27,0.600,0,44,0,0,0,1,0,1,0,1984,CA2.1,0,4,-0.284,-0.33,-0.083,0.072,0.232,0.089,0.089,0.921,0,
40,CA,6,1988,CA1988,0.042,0.057,0.097,0.115,2385731,2209376,4863080,9190217,0.529,0.644,45,27,0.600,0,42,0,0,0,1,0,1,0,1984,CA2.1,0,4,-0.286,-0.284,-0.079,0.071,0.245,0.089,0.089,0.923,0,
41,CA,6,1990,CA1990,0.034,0.057,0.051,0.062,1879043,1650617,3685948,7059327,0.522,0.584,45,26,0.578,0,42,0,0,0,1,0,1,0,1984,CA2.1,0,4,-0.2,-0.286,-0.046,0.070,0.258,0.089,0.067,0.926,0,
42,CA,6,1992,CA1992,-0.013,-0.002,-0.024,-0.005,2673163,2262994,5378977,9872314,0.545,0.540,52,30,0.577,0,49,0,1,0,0,0,0,1,1992,CA3,1,5,-0.199,-0.2,-0.027,0.069,0.271,0.077,0.077,0.930,0,
43,CA,6,1994,CA1994,0.038,-0.002,-0.014,0.015,2072064,1961193,3959063,8066523,0.491,0.506,52,27,0.519,0,50,0,1,0,0,0,0,1,1992,CA3,0,5,-0.128,-0.199,0.030,0.068,0.284,0.077,0.077,0.933,0,Y
44,CA,6,1996,CA1996,0.012,-0.002,-0.038,-0.008,2389006,2110228,4706819,8998466,0.523,0.515,52,29,0.558,0,52,0,1,0,0,0,0,1,1992,CA3,0,5,-0.233,-0.128,-0.002,0.066,0.298,0.077,0.096,0.937,0,
45,CA,6,1998,CA1998,-0.054,-0.002,-0.004,0.024,2347367,1560184,4269268,7815097,0.546,0.570,52,28,0.538,0,43,0,1,0,0,0,0,1,1992,CA3,0,5,-0.201,-0.233,0.036,0.065,0.311,0.077,0.096,0.940,0,
46,CA,6,2000,CA2000,0.009,-0.002,-0.021,0.001,2661963,2329651,5524344,9983229,0.553,0.554,52,32,0.615,0,48,0,1,0,0,0,0,1,1992,CA3,0,5,-0.2855,-0.201,-0.029,0.064,0.324,0.077,0.115,0.944,0,
47,CA,6,2002,CA2002,0.056,-0.003,0.104,0.102,1779568,1743966,3758339,7047070,0.533,0.636,53,33,0.623,0,51,0,0,0,1,0,1,0,2002,CA4,1,5,-0.301,-0.2855,-0.029,0.063,0.334,0.075,0.170,0.945,0,
48,CA,6,2004,CA2004,0.013,-0.003,0.104,0.097,3128359,2582430,6336704,11421580,0.555,0.652,53,33,0.623,0,48,0,0,0,1,0,1,0,2002,CA4,0,5,-0.302,-0.301,0.007,0.062,0.345,0.075,0.189,0.946,0,
49,CA,6,2006,CA2006,-0.023,-0.003,0.099,0.086,2401672,1709131,4710233,8221603,0.573,0.659,53,33,0.623,0,45,0,0,0,1,0,1,0,2002,CA4,0,5,-0.326,-0.302,-0.038,0.060,0.355,0.075,0.189,0.948,0,
50,CA,6,2008,CA2008,-0.082,-0.003,0.119,0.102,3948435,2193476,7515410,12283822,0.612,0.714,53,34,0.642,0,45,0,0,0,1,0,1,0,2002,CA4,0,5,-0.33,-0.326,-0.020,0.059,0.366,0.075,0.189,0.949,0,
51,CA,6,2010,CA2010,0.020,-0.003,0.085,0.071,2567767,2135253,5273909,9406046,0.561,0.632,53,34,0.642,0,51,0,0,0,1,0,1,0,2002,CA4,0,5,-0.338,-0.33,-0.021,0.058,0.376,0.075,0.170,0.950,0,
52,CA,6,2012,CA2012,0.015,0.038,0.015,0.031,3055281,3130856,7437880,12372284,0.601,0.632,53,38,0.717,0,41,1,0,0,0,0,0,1,2012,CA5,1,3,-0.367,-0.338,-0.080,0.057,0.386,0.057,0.226,0.951,0,
53,CA,6,2014,CA2014,0.104,0.038,0.025,0.025,1510651,2144360,4135938,7310026,0.566,0.591,53,39,0.736,0,42,1,0,0,0,0,0,1,2012,CA5,0,3,,-0.367,,0.056,0.397,0.057,0.245,0.952,0,
54,CA,6,2016,CA2016,-0.006,0.038,0.061,0.043,3508393,3294782,8448582,13606351,0.621,0.664,53,39,0.736,0,44,1,0,0,0,0,0,1,2012,CA5,0,3,,,,0.054,0.407,0.057,0.208,0.954,0,
55,CO,8,2002,CO2002,-0.092,-0.029,-0.071,-0.008,409128,262104,589463,1342461,0.439,0.431,7,2,0.286,0,7,0,1,0,0,0,0,1,2002,CO4,1,5,0.737,,0.433,0.037,0.178,0.000,0.000,0.848,0,
56,CO,8,2004,CO2004,-0.073,-0.029,-0.071,-0.034,578947,414612,995283,1987118,0.501,0.467,7,3,0.429,0,7,0,1,0,0,0,0,1,2002,CO4,0,5,0.737,0.737,0.330,0.037,0.185,0.000,0.143,0.852,0,Y
57,CO,8,2006,CO2006,-0.051,-0.029,-0.037,0.005,435834,315605,843779,1502878,0.561,0.566,7,4,0.571,0,6,0,1,0,0,0,0,1,2002,CO4,0,5,-0.235,0.737,0.191,0.038,0.193,0.000,0.143,0.855,0,
58,CO,8,2008,CO2008,0.095,-0.029,0.071,0.056,489311,636008,1259768,2250638,0.560,0.616,7,5,0.714,0,7,0,1,0,0,0,0,1,2002,CO4,0,5,-0.235,-0.235,0.029,0.038,0.200,0.000,0.143,0.859,0,
59,CO,8,2010,CO2010,-0.023,-0.029,-0.071,0.004,480332,364731,804069,1690126,0.476,0.480,7,3,0.429,0,7,0,1,0,0,0,0,1,2002,CO4,0,5,0.749,-0.235,0.313,0.038,0.207,0.000,0.000,0.862,0,
60,CO,8,2012,CO2012,-0.092,-0.064,-0.066,-0.021,675333,500279,1200192,2351226,0.510,0.489,7,3,0.429,0,6,0,1,0,0,0,0,1,2012,CO5,1,3,0.749,0.749,0.314,0.038,0.214,0.000,0.000,0.865,0,Y
61,CO,8,2014,CO2014,-0.038,-0.064,-0.071,-0.030,496891,471414,936417,1936614,0.484,0.453,7,3,0.429,0,7,0,1,0,0,0,0,1,2012,CO5,0,3,,0.749,,0.038,0.221,0.000,0.000,0.869,0,
62,CO,8,2016,CO2016,-0.062,-0.064,-0.071,-0.040,695649,580519,1263791,2552334,0.495,0.456,7,3,0.429,0,7,0,1,0,0,0,0,1,2012,CO5,0,3,,,,0.039,0.229,0.000,0.000,0.872,0,
63,FL,12,1972,FL1972,0.187,0.112,0.188,0.055,423554,773150,1252276,2393405,0.523,0.578,15,11,0.733,0,12,0,0,0,1,0,1,0,1972,FL1,1,5,-0.073,,-0.062,0.150,0.071,0.000,0.000,0.822,0,
64,FL,12,1974,FL1974,0.119,0.112,0.090,0.097,376799,456518,872808,1666633,0.524,0.621,15,10,0.667,0,9,0,0,0,1,0,1,0,1972,FL1,0,5,-0.071,-0.073,-0.034,0.146,0.075,0.000,0.000,0.827,0,
65,FL,12,1976,FL1976,0.047,0.112,0.103,0.091,706713,683507,1556601,2780440,0.560,0.651,15,10,0.667,0,10,0,0,0,1,0,1,0,1972,FL1,0,5,-0.074,-0.071,-0.045,0.142,0.079,0.000,0.000,0.833,0,
66,FL,12,1978,FL1978,0.118,0.112,0.090,0.042,516398,655655,1384894,2344107,0.591,0.633,15,12,0.800,0,10,0,0,0,1,0,1,0,1972,FL1,0,5,-0.103,-0.074,-0.104,0.139,0.084,0.000,0.000,0.838,0,
67,FL,12,1980,FL1980,0.091,0.112,0.158,0.087,808296,858203,1903102,3332997,0.571,0.658,15,11,0.733,0,14,0,0,0,1,0,1,0,1972,FL1,0,5,-0.09,-0.103,-0.073,0.135,0.088,0.000,0.000,0.843,0,
68,FL,12,1982,FL1982,0.005,0.054,0.078,0.061,737288,583469,1557697,2641516,0.590,0.651,19,13,0.684,0,16,0,0,0,1,0,1,0,1982,FL2,1,5,-0.106,-0.09,-0.039,0.134,0.095,0.000,0.000,0.844,0,
69,FL,12,1984,FL1984,0.178,0.054,0.131,0.096,661214,1227811,1801993,3778048,0.477,0.573,19,12,0.632,0,11,0,0,0,1,0,1,0,1982,FL2,0,5,-0.107,-0.106,-0.017,0.134,0.102,0.000,0.000,0.845,0,Y
70,FL,12,1986,FL1986,0.049,0.054,0.106,0.126,796538,849025,1781144,3291127,0.541,0.667,19,12,0.632,0,10,0,0,0,1,0,1,0,1982,FL2,0,5,-0.109,-0.107,-0.014,0.133,0.108,0.000,0.000,0.846,0,
71,FL,12,1988,FL1988,0.047,0.054,0.041,0.059,1079908,1121631,2155963,4403082,0.490,0.549,19,10,0.526,0,11,0,0,0,1,0,1,0,1982,FL2,0,5,0.258,-0.109,0.091,0.133,0.115,0.000,0.000,0.847,0,Y
72,FL,12,1990,FL1990,-0.009,0.054,-0.042,-0.050,965138,779133,1714081,3488544,0.491,0.441,19,9,0.474,0,13,0,0,0,1,0,1,0,1982,FL2,0,5,0.279,0.258,0.070,0.132,0.122,0.000,0.053,0.848,0,
73,FL,12,1992,FL1992,-0.030,-0.031,-0.063,-0.047,1404457,1133932,2449804,5076778,0.483,0.435,23,10,0.435,0,20,0,1,0,0,0,0,1,1992,FL3,1,2,0.3,0.279,0.098,0.134,0.131,0.130,0.087,0.857,0,
74,FL,12,1994,FL1994,-0.031,-0.031,-0.089,-0.056,1187417,912293,1845932,4199418,0.440,0.384,23,8,0.348,0,13,0,1,0,0,0,0,1,1992,FL3,0,2,0.38,0.3,0.178,0.136,0.140,0.130,0.087,0.866,0,
75,FL,12,1996,FL1996,-0.036,-0.057,-0.129,-0.062,1429316,1117369,2250410,5093365,0.442,0.379,23,8,0.348,0,20,0,1,0,0,0,0,1,1996,FL3.1,1,3,0.395,0.38,0.197,0.138,0.150,0.130,0.087,0.875,0,
76,FL,12,1998,FL1998,-0.040,-0.057,-0.105,-0.088,1107254,818097,1709968,3850704,0.444,0.356,23,8,0.348,0,5,0,1,0,0,0,0,1,1996,FL3.1,0,3,0.396,0.395,0.209,0.140,0.159,0.130,0.087,0.884,0,
77,FL,12,2000,FL2000,-0.096,-0.057,-0.091,-0.057,1734975,985191,2568395,5440330,0.472,0.415,23,8,0.348,0,13,0,1,0,0,0,0,1,1996,FL3.1,0,3,0.452,0.396,0.270,0.142,0.168,0.130,0.087,0.893,0,
78,FL,12,2002,FL2002,-0.102,-0.091,-0.144,-0.060,1565586,901160,2176347,4933497,0.441,0.381,25,7,0.280,0,16,0,0,0,0,1,1,0,2002,FL4,1,5,0.498,0.452,0.332,0.144,0.179,0.120,0.120,0.897,0,
79,FL,12,2004,FL2004,-0.089,-0.091,-0.181,-0.079,2229504,1397723,3151785,7254454,0.434,0.356,25,7,0.280,0,14,0,0,0,0,1,1,0,2002,FL4,0,5,0.513,0.498,0.343,0.146,0.191,0.120,0.120,0.901,0,
80,FL,12,2006,FL2006,-0.131,-0.091,-0.159,-0.059,1567279,839510,2386399,4813580,0.496,0.437,25,9,0.360,0,18,0,0,0,0,1,1,0,2002,FL4,0,5,0.512,0.513,0.290,0.148,0.202,0.120,0.120,0.904,0,
81,FL,12,2008,FL2008,-0.082,-0.091,-0.101,-0.066,2388142,1503360,3821494,7783005,0.491,0.425,25,10,0.400,0,22,0,0,0,0,1,1,0,2002,FL4,0,5,0.483,0.512,0.224,0.150,0.214,0.120,0.120,0.908,0,
82,FL,12,2010,FL2010,-0.049,-0.091,-0.109,-0.042,1652127,1061663,2142456,5427579,0.395,0.353,25,6,0.240,0,20,0,0,0,0,1,1,0,2002,FL4,0,5,0.632,0.483,0.416,0.152,0.225,0.160,0.120,0.912,0,
83,FL,12,2012,FL2012,-0.103,-0.071,-0.133,-0.059,2565492,1487655,3945312,8106299,0.487,0.428,27,10,0.370,0,21,0,0,0,0,1,1,0,2012,FL5,1,2,0.52,0.632,0.336,0.154,0.236,0.111,0.111,0.916,0,
84,FL,12,2014,FL2014,-0.039,-0.071,-0.084,-0.057,1692201,1223069,2649768,5830534,0.454,0.397,27,10,0.370,0,20,0,0,0,0,1,1,0,2012,FL5,0,2,,0.52,,0.156,0.248,0.111,0.111,0.920,0,
85,FL,12,2016,FL2016,-0.067,-0.067,-0.093,-0.031,2460960,2050171,4229277,9022255,0.469,0.437,27,10,0.370,,26,0,1,0,0,0,0,1,2016,FL5.1,1,1,,,,0.158,0.259,0.148,0.148,0.923,0,
86,GA,13,1972,GA1972,0.264,0.106,0.052,0.060,144213,415394,635876,1119213,0.568,0.628,10,9,0.900,0,4,0,0,0,1,0,1,0,1972,GA1,1,5,-0.0595,,-0.071,0.259,0.007,0.100,0.000,0.607,1,
87,GA,13,1974,GA1974,0.156,0.106,0.039,0.020,148524,282642,579691,862333,0.672,0.692,10,10,1.000,0,8,0,0,0,1,0,1,0,1972,GA1,0,5,-0.065,-0.0595,-0.019,0.261,0.008,0.100,0.000,0.611,1,
88,GA,13,1976,GA1976,0.116,0.106,-0.049,0.017,257023,411800,925847,1337647,0.692,0.709,10,10,1.000,0,7,0,0,0,1,0,1,0,1972,GA1,0,5,-0.0635,-0.065,0.025,0.262,0.009,0.100,0.000,0.616,1,
89,GA,13,1978,GA1978,-0.034,0.106,0.109,0.042,183611,139968,463925,647158,0.717,0.759,10,9,0.900,0,5,0,0,0,1,0,1,0,1972,GA1,0,5,-0.0695,-0.0635,0.036,0.264,0.010,0.000,0.000,0.620,1,
90,GA,13,1980,GA1980,0.029,0.106,0.108,0.036,345804,366379,976649,1424366,0.686,0.722,10,9,0.900,0,8,0,0,0,1,0,1,0,1972,GA1,0,5,-0.0835,-0.0695,0.021,0.265,0.011,0.000,0.000,0.624,1,
91,GA,13,1982,GA1982,0.042,0.082,-0.013,0.045,205498,210737,565327,832470,0.679,0.724,10,9,0.900,0,7,0,0,0,1,0,1,0,1982,GA2,1,5,-0.05,-0.0835,0.032,0.266,0.012,0.000,0.000,0.626,1,
92,GA,13,1984,GA1984,0.034,0.082,0.042,0.049,419389,414282,1055285,1667341,0.633,0.682,10,8,0.800,0,6,0,0,0,1,0,1,0,1982,GA2,0,5,-0.098,-0.05,-0.006,0.266,0.013,0.000,0.000,0.627,1,
93,GA,13,1986,GA1986,0.021,0.082,0.070,0.038,306143,272699,740390,1157686,0.640,0.677,10,8,0.800,0,6,0,0,0,1,0,1,0,1982,GA2,0,5,-0.127,-0.098,-0.047,0.267,0.015,0.100,0.000,0.629,1,
94,GA,13,1988,GA1988,0.140,0.082,0.023,0.014,324615,565687,1121419,1780602,0.630,0.644,10,9,0.900,0,8,0,0,0,1,0,1,0,1982,GA2,0,5,-0.141,-0.127,-0.122,0.267,0.016,0.100,0.000,0.630,1,
95,GA,13,1990,GA1990,0.173,0.082,0.000,0.003,236239,460584,854784,1393649,0.613,0.616,10,9,0.900,0,10,0,0,0,1,0,1,0,1982,GA2,0,5,-0.148,-0.141,-0.127,0.268,0.017,0.100,0.000,0.632,1,
96,GA,13,1992,GA1992,0.039,-0.004,-0.045,0.008,564501,542488,1214792,2213974,0.549,0.557,11,7,0.636,0,11,0,0,0,1,0,1,0,1992,GA3,1,2,-0.116,-0.148,0.007,0.271,0.024,0.273,0.000,0.649,1,
97,GA,13,1994,GA1994,-0.046,-0.004,-0.045,-0.033,447197,301572,681051,1497535,0.455,0.421,11,4,0.364,0,11,0,0,0,1,0,1,0,1992,GA3,0,2,0.478,-0.116,0.250,0.275,0.031,0.273,0.000,0.666,1,
98,GA,13,1996,GA1996,-0.145,-0.090,-0.055,-0.037,730516,374552,1014108,2210133,0.459,0.422,11,3,0.273,0,10,0,1,0,0,0,0,1,1996,GA3.1,1,3,0.548,0.478,0.293,0.278,0.039,0.273,0.000,0.682,1,
99,GA,13,1998,GA1998,-0.091,-0.090,-0.145,-0.050,530514,338975,751054,1738981,0.432,0.382,11,3,0.273,0,8,0,1,0,0,0,0,1,1996,GA3.1,0,3,0.578,0.548,0.318,0.282,0.046,0.273,0.000,0.699,1,
100,GA,13,2000,GA2000,-0.034,-0.090,-0.122,-0.036,700653,531983,994701,2465275,0.403,0.368,11,3,0.273,0,10,0,1,0,0,0,0,1,1996,GA3.1,0,3,0.608,0.578,0.335,0.285,0.053,0.273,0.000,0.716,1,
101,GA,13,2002,GA2002,0.084,0.086,0.038,0.048,463791,536605,800533,2000797,0.400,0.448,13,5,0.385,0,10,0,0,0,1,0,1,0,2002,GA4,1,2,0.548,0.608,0.291,0.288,0.060,0.308,0.000,0.723,1,
102,GA,13,2004,GA2004,0.087,0.086,-0.027,-0.011,729125,834783,1368276,3127817,0.437,0.426,13,6,0.462,0,7,0,0,0,1,0,1,0,2002,GA4,0,2,0.668,0.548,0.275,0.291,0.067,0.308,0.000,0.730,1,
103,GA,13,2006,GA2006,0.074,0.025,-0.038,-0.118,495218,552426,930231,2095284,0.444,0.326,13,6,0.462,0,12,0,0,0,1,0,1,0,2006,GA4.1,1,3,0.698,0.668,0.313,0.295,0.074,0.308,0.000,0.737,1,
104,GA,13,2008,GA2008,-0.020,0.025,-0.038,-0.098,1038651,810138,1814077,3697580,0.491,0.393,13,6,0.462,0,11,0,0,0,1,0,1,0,2006,GA4.1,0,3,0.7415,0.698,0.371,0.298,0.081,0.308,0.000,0.744,1,
105,GA,13,2010,GA2010,0.021,0.025,-0.038,-0.103,664313,618671,1108075,2565969,0.432,0.329,13,5,0.385,0,10,0,0,0,1,0,1,0,2006,GA4.1,0,3,0.786,0.7415,0.414,0.301,0.088,0.308,0.000,0.751,1,
106,GA,13,2012,GA2012,-0.070,-0.083,-0.143,-0.101,1034317,812473,1713009,3693574,0.464,0.363,14,5,0.357,0,11,0,0,0,0,1,1,0,2012,GA5,1,3,0.807,0.786,0.451,0.304,0.095,0.286,0.000,0.758,1,
107,GA,13,2014,GA2014,-0.075,-0.083,-0.139,-0.087,716234,535564,1077279,2503596,0.430,0.343,14,4,0.286,0,7,0,0,0,0,1,1,0,2012,GA5,0,3,,0.807,,0.307,0.102,0.286,0.000,0.765,1,
108,GA,13,2016,GA2016,-0.103,-0.083,-0.214,-0.071,1219503,784586,1781401,4008178,0.444,0.373,14,4,0.286,0,9,0,0,0,0,1,1,0,2012,GA5,0,3,,,,0.311,0.109,0.286,0.000,0.772,1,
109,IL,17,1972,IL1972,-0.067,-0.042,-0.084,-0.044,1348245,921619,2232886,4539733,0.492,0.447,24,10,0.417,0,22,0,1,0,0,0,0,1,1972,IL1,1,5,0.0685,,-0.041,0.131,0.037,0.083,0.000,0.832,0,
110,IL,17,1974,IL1974,-0.088,-0.042,-0.084,-0.048,842705,582322,1610453,2850055,0.565,0.517,24,13,0.542,0,23,0,1,0,0,0,0,1,1972,IL1,0,5,-0.2135,0.0685,-0.122,0.135,0.042,0.083,0.000,0.832,0,
111,IL,17,1976,IL1976,-0.031,-0.042,-0.042,-0.035,1218825,960916,2246614,4359482,0.515,0.481,24,12,0.500,0,24,0,1,0,0,0,0,1,1972,IL1,0,5,-0.091,-0.2135,-0.101,0.138,0.047,0.083,0.000,0.833,0,
112,IL,17,1978,IL1978,-0.022,-0.042,-0.083,-0.066,852384,691096,1513523,3086965,0.490,0.424,24,11,0.458,0,23,0,1,0,0,0,0,1,1972,IL1,0,5,0.007,-0.091,-0.055,0.142,0.051,0.083,0.000,0.833,0,
113,IL,17,1980,IL1980,-0.001,-0.042,-0.083,-0.073,1286401,946800,2048658,4466405,0.459,0.386,24,10,0.417,0,24,0,1,0,0,0,0,1,1972,IL1,0,5,0.0715,0.007,-0.035,0.145,0.056,0.125,0.000,0.833,0,
114,IL,17,1982,IL1982,-0.113,0.014,-0.045,-0.063,1069447,722463,2076428,3583820,0.579,0.516,22,12,0.545,0,21,0,1,0,0,0,0,1,1982,IL2,1,5,-0.169,0.0715,-0.073,0.145,0.061,0.182,0.000,0.836,0,
115,IL,17,1984,IL1984,0.057,0.014,0.011,0.028,1034457,1259610,2370892,4588140,0.517,0.545,22,13,0.591,0,21,0,1,0,0,0,0,1,1982,IL2,0,5,-0.219,-0.169,-0.106,0.145,0.065,0.136,0.000,0.838,0,
116,IL,17,1986,IL1986,-0.008,0.014,-0.003,-0.005,742768,769404,1661005,3024344,0.549,0.544,22,13,0.591,0,21,0,1,0,0,0,0,1,1982,IL2,0,5,-0.237,-0.219,-0.097,0.146,0.070,0.136,0.000,0.841,0,
117,IL,17,1988,IL1988,0.073,0.014,0.045,0.086,997874,1185069,2321265,4365888,0.532,0.618,22,14,0.636,0,21,0,1,0,0,0,0,1,1982,IL2,0,5,-0.2155,-0.237,-0.093,0.146,0.074,0.136,0.000,0.843,0,
118,IL,17,1990,IL1990,0.061,0.014,0.084,0.098,731253,843215,1765394,3148936,0.561,0.658,22,15,0.682,0,17,0,1,0,0,0,0,1,1982,IL2,0,5,-0.24,-0.2155,-0.121,0.146,0.079,0.136,0.000,0.846,0,
119,IL,17,1992,IL1992,-0.022,-0.042,0.000,0.019,1280928,1106273,2677685,4774402,0.561,0.580,20,12,0.600,0,20,0,1,0,0,0,0,1,1992,IL3,1,5,-0.203,-0.24,-0.048,0.147,0.088,0.150,0.050,0.852,0,
120,IL,17,1994,IL1994,0.042,-0.042,0.000,0.020,723955,821746,1480382,3091408,0.479,0.499,20,10,0.500,0,19,0,1,0,0,0,0,1,1992,IL3,0,5,-0.168,-0.203,0.002,0.148,0.097,0.150,0.050,0.859,0,
121,IL,17,1996,IL1996,-0.095,-0.042,-0.050,-0.037,1292229,775232,2263434,4134927,0.547,0.510,20,10,0.500,0,18,0,1,0,0,0,0,1,1992,IL3,0,5,0.043,-0.168,0.050,0.148,0.105,0.150,0.050,0.865,0,
122,IL,17,1998,IL1998,-0.060,-0.042,-0.050,-0.066,983194,671988,1754502,3310364,0.530,0.464,20,10,0.500,0,16,0,1,0,0,0,0,1,1992,IL3,0,5,0.048,0.043,0.067,0.149,0.114,0.150,0.050,0.872,0,
123,IL,17,2000,IL2000,-0.075,-0.042,-0.053,-0.019,1413762,783951,2363192,4395433,0.538,0.519,20,10,0.500,0,17,0,1,0,0,0,0,1,1992,IL3,0,5,0.0595,0.048,0.078,0.150,0.123,0.150,0.050,0.878,0,
124,IL,17,2002,IL2002,-0.052,-0.081,-0.033,-0.061,1012889,692234,1748261,3410243,0.513,0.452,19,9,0.474,0,17,0,0,1,0,0,0,1,2002,IL4,1,5,0.407,0.0595,0.104,0.149,0.130,0.158,0.053,0.879,0,Y
125,IL,17,2004,IL2004,-0.052,-0.081,-0.026,-0.022,1502032,999433,2697409,5002930,0.539,0.517,19,10,0.526,0,18,0,0,1,0,0,0,1,2002,IL4,0,5,-0.182,0.407,0.060,0.147,0.137,0.158,0.053,0.881,0,
126,IL,17,2006,IL2006,-0.102,-0.081,-0.084,-0.028,1138309,598358,1958781,3473340,0.564,0.536,19,10,0.526,0,18,0,0,1,0,0,0,1,2002,IL4,0,5,-0.209,-0.182,0.072,0.146,0.144,0.158,0.053,0.882,0,
127,IL,17,2008,IL2008,-0.078,-0.081,0.011,0.024,1584220,1019422,3148006,5207275,0.605,0.629,19,12,0.632,0,18,0,0,1,0,0,0,1,2002,IL4,0,5,-0.244,-0.209,0.019,0.144,0.151,0.158,0.053,0.884,0,
128,IL,17,2010,IL2010,-0.122,-0.081,-0.079,-0.033,1236153,562011,1876316,3596332,0.522,0.489,19,8,0.421,0,19,0,0,1,0,0,0,1,2002,IL4,0,5,0.574,-0.244,0.241,0.143,0.158,0.158,0.053,0.885,0,Y
129,IL,17,2012,IL2012,0.058,0.036,-0.056,-0.007,1180346,1295415,2743702,4951520,0.554,0.547,18,12,0.667,0,18,0,0,0,1,0,1,0,2012,IL5,1,3,-0.225,0.574,-0.007,0.142,0.165,0.167,0.056,0.886,0,
130,IL,17,2014,IL2014,0.027,0.036,0.056,0.030,921529,850793,1822779,3544644,0.514,0.545,18,10,0.556,0,18,0,0,0,1,0,1,0,2012,IL5,0,3,,-0.225,,0.140,0.172,0.167,0.056,0.888,0,
131,IL,17,2016,IL2016,0.022,0.036,0.052,0.048,1391184,1317339,2950699,5417046,0.545,0.593,18,11,0.611,0,14,0,0,0,1,0,1,0,2012,IL5,0,3,,,,0.139,0.179,0.167,0.056,0.889,0,
132,IN,18,1972,IN1972,-0.060,0.089,-0.045,-0.009,601857,451818,973706,2107352,0.462,0.453,11,4,0.364,0,11,0,0,0,0,1,1,0,1972,IN1,1,5,0.184,,0.095,0.070,0.014,0.000,0.000,0.648,0,
133,IN,18,1974,IN1974,0.210,0.089,-0.136,-0.020,264511,598904,956675,1726829,0.554,0.534,11,9,0.818,0,11,0,0,0,0,1,1,0,1972,IN1,0,5,-0.17,0.184,-0.164,0.071,0.014,0.000,0.000,0.646,0,
134,IN,18,1976,IN1976,0.156,0.089,0.130,0.016,381988,701269,1160504,2166515,0.536,0.552,11,8,0.727,0,10,0,0,0,0,1,1,0,1972,IN1,0,5,-0.153,-0.17,-0.083,0.072,0.015,0.000,0.000,0.645,0,
135,IN,18,1978,IN1978,0.087,0.089,0.045,0.037,324360,391869,751940,1432453,0.525,0.562,11,7,0.636,0,11,0,0,0,0,1,1,0,1972,IN1,0,5,-0.086,-0.153,-0.047,0.074,0.015,0.000,0.000,0.643,0,
136,IN,18,1980,IN1980,0.051,0.089,0.045,0.005,503404,590148,1087115,2187106,0.497,0.502,11,6,0.545,0,11,0,0,0,0,1,1,0,1972,IN1,0,5,-0.075,-0.086,-0.019,0.075,0.016,0.000,0.000,0.642,0,Y
137,IN,18,1982,IN1982,0.015,0.064,0.000,0.010,436781,459273,882378,1792109,0.492,0.503,10,5,0.500,0,10,0,0,0,0,1,1,0,1982,IN2,1,5,0.044,-0.075,0.045,0.075,0.016,0.100,0.000,0.643,0,
138,IN,18,1984,IN1984,-0.042,0.064,0.000,0.016,603000,478979,1019666,2163959,0.471,0.487,10,4,0.400,0,10,0,0,0,0,1,1,0,1982,IN2,0,5,0.0535,0.044,0.061,0.076,0.017,0.000,0.000,0.645,0,
139,IN,18,1986,IN1986,0.079,0.064,0.100,0.014,326800,445477,788419,1544554,0.510,0.525,10,6,0.600,0,10,0,0,0,0,1,1,0,1982,IN2,0,5,-0.121,0.0535,0.007,0.076,0.017,0.000,0.000,0.646,0,
140,IN,18,1988,IN1988,0.065,0.064,0.100,0.030,488268,571709,1096834,2119958,0.517,0.548,10,6,0.600,0,10,0,0,0,0,1,1,0,1982,IN2,0,5,-0.166,-0.121,-0.043,0.077,0.018,0.000,0.000,0.648,0,
141,IN,18,1990,IN1990,0.202,0.064,0.000,0.022,242621,513923,830500,1513093,0.549,0.570,10,8,0.800,0,10,0,0,0,0,1,1,0,1982,IN2,0,5,-0.1675,-0.166,-0.093,0.077,0.018,0.000,0.000,0.649,0,
142,IN,18,1992,IN1992,0.106,0.028,0.100,0.036,451822,650279,1205869,2204203,0.547,0.583,10,7,0.700,0,10,0,0,1,0,0,0,1,1992,IN3,1,5,-0.142,-0.1675,-0.012,0.078,0.021,0.000,0.000,0.661,0,
143,IN,18,1994,IN1994,0.035,0.028,0.200,0.033,398327,372939,667454,1542536,0.433,0.466,10,4,0.400,0,10,0,0,1,0,0,0,1,1992,IN3,0,5,0.3775,-0.142,0.287,0.079,0.025,0.000,0.000,0.673,0,
144,IN,18,1996,IN1996,-0.012,0.028,0.000,-0.006,546777,473732,930919,2041016,0.456,0.450,10,4,0.400,0,10,0,0,1,0,0,0,1,1992,IN3,0,5,0.536,0.3775,0.284,0.081,0.028,0.100,0.000,0.684,0,
145,IN,18,1998,IN1998,0.023,0.028,0.000,-0.012,388686,378950,673322,1535273,0.439,0.427,10,4,0.400,0,10,0,0,1,0,0,0,1,1992,IN3,0,5,0.5445,0.536,0.279,0.082,0.032,0.100,0.000,0.696,0,
146,IN,18,2000,IN2000,-0.011,0.028,-0.100,-0.008,556314,490545,953167,2093721,0.455,0.448,10,4,0.400,0,10,0,0,1,0,0,0,1,1992,IN3,0,5,0.607,0.5445,0.326,0.083,0.035,0.100,0.000,0.708,0,
147,IN,18,2002,IN2002,-0.032,-0.014,0.056,0.040,411552,329078,640568,1481262,0.432,0.473,9,3,0.333,0,9,0,0,0,1,0,1,0,2002,IN4,1,5,0.646,0.607,0.385,0.084,0.040,0.111,0.000,0.711,0,
148,IN,18,2004,IN2004,-0.117,-0.014,0.056,0.032,759053,431338,999082,2380781,0.420,0.451,9,2,0.222,0,9,0,0,0,1,0,1,0,2002,IN4,0,5,0.639,0.646,0.461,0.086,0.045,0.111,0.000,0.714,0,
149,IN,18,2006,IN2006,0.067,-0.014,0.056,0.030,362045,460095,812496,1644281,0.494,0.524,9,5,0.556,0,9,0,0,0,1,0,1,0,2002,IN4,0,5,-0.064,0.639,0.136,0.087,0.050,0.111,0.000,0.718,0,Y
150,IN,18,2008,IN2008,-0.001,-0.014,0.056,0.072,685443,629327,1388963,2629540,0.528,0.601,9,5,0.556,0,9,0,0,0,1,0,1,0,2002,IN4,0,5,0.3275,-0.064,0.284,0.089,0.055,0.111,0.000,0.721,0,
151,IN,18,2010,IN2010,0.011,-0.014,-0.056,-0.017,436306,389760,679462,1652133,0.411,0.394,9,3,0.333,0,9,0,0,0,1,0,1,0,2002,IN4,0,5,0.71,0.3275,0.428,0.090,0.060,0.111,0.000,0.724,0,
152,IN,18,2012,IN2012,-0.194,-0.107,-0.167,-0.013,874062,373094,1142554,2494314,0.458,0.446,9,2,0.222,0,9,0,0,0,0,1,1,0,2012,IN5,1,3,0.634,0.71,0.481,0.091,0.065,0.111,0.000,0.727,0,
153,IN,18,2014,IN2014,-0.053,-0.107,-0.278,-0.036,379149,268783,502104,1295863,0.387,0.351,9,2,0.222,0,9,0,0,0,0,1,1,0,2012,IN5,0,3,,0.634,,0.093,0.070,0.111,0.000,0.730,0,
154,IN,18,2016,IN2016,-0.073,-0.107,-0.167,-0.040,755471,525211,1018565,2561367,0.398,0.358,9,2,0.222,0,8,0,0,0,0,1,1,0,2012,IN5,0,3,,,,0.094,0.075,0.111,0.000,0.734,0,
155,KY,21,1972,KY1972,0.208,0.043,0.214,0.112,152387,338421,493795,981615,0.503,0.615,7,5,0.714,0,7,0,0,0,1,0,1,0,1972,KY1,1,5,-0.179,,-0.113,0.071,0.004,0.000,0.000,0.520,0,
156,KY,21,1974,KY1974,-0.067,0.043,0.214,0.109,202717,129237,425272,663909,0.641,0.750,7,5,0.714,0,7,0,0,0,1,0,1,0,1972,KY1,0,5,-0.18,-0.179,-0.113,0.071,0.005,0.000,0.000,0.517,0,
157,KY,21,1976,KY1976,0.032,0.043,0.024,0.013,255143,257190,605561,1024668,0.591,0.604,7,5,0.714,0,6,0,0,0,1,0,1,0,1972,KY1,0,5,-0.181,-0.18,-0.115,0.071,0.006,0.000,0.000,0.515,0,
158,KY,21,1978,KY1978,0.012,0.043,0.063,0.148,150023,107246,272651,514539,0.530,0.677,7,4,0.571,0,5,0,0,0,1,0,1,0,1972,KY1,0,5,-0.066,-0.181,-0.059,0.070,0.007,0.000,0.000,0.512,0,
159,KY,21,1980,KY1980,0.028,0.043,0.068,0.126,290149,260190,574410,1100678,0.522,0.648,7,4,0.571,0,5,0,0,0,1,0,1,0,1972,KY1,0,5,-0.053,-0.066,-0.019,0.070,0.008,0.000,0.000,0.509,0,
160,KY,21,1982,KY1982,-0.108,0.018,0.068,0.080,234560,138261,439621,745639,0.590,0.669,7,4,0.571,0,6,0,0,0,1,0,1,0,1982,KY2,1,5,-0.041,-0.053,-0.012,0.070,0.008,0.000,0.000,0.511,0,
161,KY,21,1984,KY1984,0.014,0.018,0.070,0.092,307489,314289,657681,1243555,0.529,0.621,7,4,0.571,0,6,0,0,0,1,0,1,0,1982,KY2,0,5,-0.028,-0.041,-0.042,0.070,0.007,0.000,0.000,0.513,0,
162,KY,21,1986,KY1986,-0.044,0.018,0.047,0.094,206440,166697,416259,746274,0.558,0.652,7,4,0.571,0,4,0,0,0,1,0,1,0,1982,KY2,0,5,-0.016,-0.028,0.008,0.071,0.007,0.000,0.000,0.514,0,
163,KY,21,1988,KY1988,0.118,0.018,0.072,0.111,237169,364625,573700,1203590,0.477,0.587,7,4,0.571,0,5,0,0,0,1,0,1,0,1982,KY2,0,5,-0.003,-0.016,0.018,0.071,0.006,0.000,0.000,0.516,0,Y
164,KY,21,1990,KY1990,0.111,0.018,0.051,0.028,175445,269190,427156,889272,0.480,0.508,7,4,0.571,0,4,0,0,0,1,0,1,0,1982,KY2,0,5,0.009,-0.003,0.028,0.071,0.006,0.000,0.000,0.518,0,Y
165,MA,25,1972,MA1972,-0.025,0.050,0.021,0.063,525327,630222,1376919,2311096,0.596,0.659,12,8,0.667,1,5,0,0,0,1,0,1,0,1972,MA1,1,5,-0.3895,,-0.322,0.032,0.014,0.000,0.000,0.844,0,
166,MA,25,1974,MA1974,0.026,0.050,0.075,0.124,390421,381586,1009091,1544013,0.654,0.777,12,10,0.833,0,6,0,0,0,1,0,1,0,1972,MA1,0,5,-0.3955,-0.3895,-0.342,0.033,0.017,0.000,0.000,0.843,0,
167,MA,25,1976,MA1976,0.059,0.050,0.086,0.066,541885,648746,1516903,2381258,0.637,0.703,12,10,0.833,0,8,0,0,0,1,0,1,0,1972,MA1,0,5,-0.41,-0.3955,-0.334,0.034,0.020,0.000,0.000,0.841,0,
168,MA,25,1978,MA1978,0.075,0.050,0.117,0.046,406937,524887,1172113,1863647,0.629,0.675,12,10,0.833,0,6,0,0,0,1,0,1,0,1972,MA1,0,5,-0.325,-0.41,-0.311,0.036,0.022,0.000,0.000,0.840,0,
169,MA,25,1980,MA1980,0.115,0.050,0.103,0.074,470488,708300,1436129,2357578,0.609,0.683,12,10,0.833,0,9,0,0,0,1,0,1,0,1972,MA1,0,5,-0.33,-0.325,-0.317,0.037,0.025,0.000,0.000,0.838,0,
170,MA,25,1982,MA1982,0.080,0.101,0.028,0.017,365468,637918,1333474,2006774,0.665,0.681,11,10,0.909,1,7,0,0,0,1,0,1,0,1982,MA2,1,5,-0.3735,-0.33,-0.347,0.039,0.030,0.000,0.000,0.839,0,
171,MA,25,1984,MA1984,0.132,0.101,0.158,0.049,447970,768095,1552525,2432129,0.638,0.687,11,10,0.909,0,8,0,0,0,1,0,1,0,1982,MA2,0,5,-0.369,-0.3735,-0.344,0.041,0.034,0.000,0.000,0.840,0,
172,MA,25,1986,MA1986,0.058,0.101,0.100,0.042,368856,473036,1137724,1683784,0.676,0.718,11,10,0.909,0,4,0,0,0,1,0,1,0,1982,MA2,0,5,-0.399,-0.369,-0.354,0.042,0.039,0.000,0.000,0.841,0,
173,MA,25,1988,MA1988,0.061,0.101,0.135,0.033,557828,721973,1724994,2559599,0.674,0.707,11,10,0.909,0,6,0,0,0,1,0,1,0,1982,MA2,0,5,-0.398,-0.399,-0.358,0.044,0.043,0.000,0.000,0.842,0,
174,MA,25,1990,MA1990,0.176,0.101,0.080,0.069,358595,762722,1382730,2242631,0.617,0.685,11,10,0.909,0,6,0,0,0,1,0,1,0,1982,MA2,0,5,-0.398,-0.398,-0.397,0.046,0.048,0.000,0.000,0.843,0,
175,MA,25,1992,MA1992,0.043,0.081,0.026,0.032,577210,626886,1513066,2408193,0.628,0.661,10,8,0.800,0,9,0,0,1,0,0,0,1,1992,MA3,1,5,-0.3885,-0.398,-0.289,0.047,0.052,0.000,0.000,0.857,0,
176,MA,25,1994,MA1994,0.031,0.081,0.098,0.043,506872,553384,1345164,2120513,0.634,0.677,10,8,0.800,0,7,0,0,1,0,0,0,1,1992,MA3,0,5,-0.3845,-0.3885,-0.294,0.048,0.056,0.000,0.000,0.871,0,
177,MA,25,1996,MA1996,0.205,0.081,0.068,0.050,356336,850663,1563333,2413996,0.648,0.698,10,10,1.000,0,9,0,0,1,0,0,0,1,1992,MA3,0,5,-0.477,-0.3845,-0.442,0.048,0.060,0.000,0.000,0.886,0,
178,MA,25,1998,MA1998,0.120,0.081,0.043,0.017,344393,562325,1251116,1813442,0.690,0.707,10,10,1.000,0,7,0,0,1,0,0,0,1,1992,MA3,0,5,-0.487,-0.477,-0.468,0.049,0.064,0.000,0.000,0.900,0,
179,MA,25,2000,MA2000,0.007,0.081,-0.044,-0.012,622846,639328,1885021,2524350,0.747,0.734,10,10,1.000,0,5,0,0,1,0,0,0,1,1992,MA3,0,5,-0.489,-0.487,-0.461,0.050,0.068,0.000,0.000,0.914,0,
180,MA,25,2002,MA2002,0.095,0.095,-0.122,-0.013,429616,632377,1491610,2123987,0.702,0.689,10,10,1.000,0,4,0,0,0,1,0,1,0,2002,MA4,1,5,-0.493,-0.489,-0.474,0.052,0.074,0.000,0.000,0.915,0,
181,MA,25,2004,MA2004,0.054,0.095,-0.091,-0.007,630706,783068,2044480,2827549,0.723,0.716,10,10,1.000,0,5,0,0,0,1,0,1,0,2002,MA4,0,5,-0.4935,-0.493,-0.480,0.054,0.079,0.000,0.000,0.916,0,
182,MA,25,2006,MA2006,0.001,0.095,-0.038,-0.007,537564,539392,1614521,2153913,0.750,0.743,10,10,1.000,0,3,0,0,0,1,0,1,0,2002,MA4,0,5,-0.474,-0.4935,-0.478,0.056,0.085,0.000,0.000,0.918,0,
183,MA,25,2008,MA2008,0.050,0.095,-0.144,-0.019,660392,807324,2128109,2935433,0.725,0.706,10,10,1.000,0,4,0,0,0,1,0,1,0,2002,MA4,0,5,-0.4935,-0.474,-0.485,0.058,0.090,0.000,0.000,0.919,0,
184,MA,25,2010,MA2010,0.277,0.095,-0.102,-0.030,245206,852858,1343271,2196129,0.612,0.582,10,10,1.000,0,9,0,0,0,1,0,1,0,2002,MA4,0,5,-0.4935,-0.4935,-0.478,0.060,0.096,0.000,0.000,0.920,0,
185,MA,25,2012,MA2012,0.125,0.140,-0.042,0.001,571661,952228,2095550,3047778,0.688,0.688,9,9,1.000,0,6,0,0,0,1,0,1,0,2012,MA5,1,3,-0.452,-0.4935,-0.463,0.062,0.102,0.000,0.000,0.921,0,
186,MA,25,2014,MA2014,0.213,0.140,-0.069,-0.002,313479,777926,1404885,2182811,0.644,0.642,9,9,1.000,0,3,0,0,0,1,0,1,0,2012,MA5,0,3,,-0.452,,0.064,0.107,0.000,0.000,0.922,0,
187,MA,25,2016,MA2016,0.083,0.140,-0.113,-0.021,672300,938622,2283223,3221844,0.709,0.688,9,9,1.000,0,4,0,0,0,1,0,1,0,2012,MA5,0,3,,,,0.066,0.113,0.000,0.000,0.924,0,
188,MD,24,1972,MD1972,-0.040,-0.018,0.000,0.007,338504,270970,634087,1218946,0.520,0.527,8,4,0.500,0,8,0,0,0,1,0,1,0,1972,MD1,1,5,-0.006,,-0.040,0.187,0.014,0.125,0.000,0.773,0,
189,MD,24,1974,MD1974,-0.089,-0.018,-0.003,0.025,285351,169427,551890,909557,0.607,0.631,8,5,0.625,0,7,0,0,0,1,0,1,0,1972,MD1,0,5,-0.189,-0.006,-0.126,0.197,0.014,0.125,0.000,0.781,0,
190,MD,24,1976,MD1976,-0.106,-0.018,-0.005,0.027,415021,223659,785927,1277357,0.615,0.643,8,5,0.625,0,7,0,0,0,1,0,1,0,1972,MD1,0,5,-0.1955,-0.189,-0.125,0.206,0.014,0.125,0.000,0.788,0,
191,MD,24,1978,MD1978,0.004,-0.018,0.056,0.061,238243,239783,595602,956051,0.623,0.684,8,6,0.750,0,6,0,0,0,1,0,1,0,1972,MD1,0,5,-0.2765,-0.1955,-0.148,0.216,0.015,0.125,0.000,0.796,0,
192,MD,24,1980,MD1980,0.141,-0.018,0.000,0.029,248625,452898,865969,1403047,0.617,0.646,8,7,0.875,0,8,0,0,0,1,0,1,0,1972,MD1,0,5,-0.2885,-0.2765,-0.221,0.225,0.015,0.125,0.000,0.803,0,
193,MD,24,1982,MD1982,0.014,0.024,0.250,0.047,258801,286779,742600,1091161,0.681,0.728,8,7,0.875,0,8,0,0,0,1,0,1,0,1982,MD2,1,5,-0.286,-0.2885,-0.216,0.229,0.017,0.125,0.000,0.805,0,
194,MD,24,1984,MD1984,-0.027,0.024,0.125,0.033,406090,356432,973696,1525043,0.638,0.671,8,6,0.750,0,7,0,0,0,1,0,1,0,1982,MD2,0,5,-0.228,-0.286,-0.153,0.233,0.019,0.125,0.000,0.807,0,
195,MD,24,1986,MD1986,-0.008,0.024,0.125,0.066,307480,224058,668673,1063074,0.629,0.695,8,6,0.750,0,8,0,0,0,1,0,1,0,1982,MD2,0,5,-0.1565,-0.228,-0.150,0.238,0.022,0.125,0.000,0.809,0,
196,MD,24,1988,MD1988,0.063,0.024,0.123,0.112,396791,396969,942466,1587518,0.594,0.706,8,6,0.750,0,7,0,0,0,1,0,1,0,1982,MD2,0,5,-0.1565,-0.1565,-0.146,0.242,0.024,0.125,0.000,0.811,0,
197,MD,24,1990,MD1990,0.080,0.024,0.125,0.099,264654,276874,565669,1083055,0.522,0.621,8,5,0.625,0,8,0,0,0,1,0,1,0,1982,MD2,0,5,-0.113,-0.1565,-0.099,0.246,0.026,0.125,0.000,0.813,0,
198,MD,24,1992,MD1992,-0.063,-0.059,-0.125,-0.016,556163,343207,955952,1798741,0.531,0.516,8,4,0.500,0,8,0,0,0,1,0,1,0,1992,MD3,1,5,-0.145,-0.113,-0.037,0.252,0.029,0.250,0.000,0.823,0,
199,MD,24,1994,MD1994,0.015,-0.059,0.000,-0.012,374092,298352,662312,1344890,0.492,0.480,8,4,0.500,0,8,0,0,0,1,0,1,0,1992,MD3,0,5,-0.297,-0.145,-0.044,0.258,0.033,0.250,0.000,0.832,0,
200,MD,24,1996,MD1996,-0.070,-0.059,0.000,-0.035,520652,298758,876658,1638821,0.535,0.500,8,4,0.500,0,8,0,0,0,1,0,1,0,1992,MD3,0,5,-0.118,-0.297,0.017,0.265,0.036,0.250,0.000,0.842,0,
201,MD,24,1998,MD1998,-0.069,-0.059,0.000,-0.010,465664,275244,792280,1481812,0.535,0.525,8,4,0.500,0,8,0,0,0,1,0,1,0,1992,MD3,0,5,-0.104,-0.118,0.027,0.271,0.040,0.250,0.000,0.851,0,
202,MD,24,2000,MD2000,-0.107,-0.059,0.000,0.006,645927,312654,1060857,1917163,0.553,0.559,8,4,0.500,0,8,0,0,0,1,0,1,0,1992,MD3,0,5,-0.0905,-0.104,0.037,0.277,0.043,0.250,0.000,0.861,0,
203,MD,24,2002,MD2002,0.159,0.046,0.000,0.055,312364,516216,904250,1657161,0.546,0.600,8,6,0.750,0,8,0,0,0,1,0,1,0,2002,MD4,1,5,-0.3035,-0.0905,-0.106,0.280,0.051,0.250,0.000,0.863,0,
204,MD,24,2004,MD2004,0.062,0.046,0.250,0.099,516881,586630,1310791,2207023,0.594,0.693,8,6,0.750,0,8,0,0,0,1,0,1,0,2002,MD4,0,5,-0.2985,-0.3035,-0.101,0.282,0.059,0.250,0.000,0.865,0,
205,MD,24,2006,MD2006,0.001,0.046,0.204,0.073,465378,394340,1074021,1719434,0.625,0.698,8,6,0.750,0,6,0,0,0,1,0,1,0,2002,MD4,0,5,-0.323,-0.2985,-0.164,0.285,0.066,0.250,0.000,0.868,0,
206,MD,24,2008,MD2008,0.000,0.046,0.250,0.061,616915,602973,1677238,2439777,0.687,0.749,8,7,0.875,0,8,0,0,0,1,0,1,0,2002,MD4,0,5,-0.344,-0.323,-0.200,0.287,0.074,0.250,0.000,0.870,0,
207,MD,24,2010,MD2010,0.008,0.046,0.125,0.033,467301,421849,1104056,1778302,0.621,0.654,8,6,0.750,0,8,0,0,0,1,0,1,0,2002,MD4,0,5,-0.345,-0.344,-0.090,0.290,0.082,0.250,0.000,0.872,0,
208,MD,24,2012,MD2012,0.066,0.131,0.250,0.031,537741,704898,1626872,2485278,0.655,0.686,8,7,0.875,0,8,0,0,0,1,0,1,0,2012,MD5,1,3,-0.346,-0.345,-0.223,0.293,0.090,0.250,0.000,0.874,0,
209,MD,24,2014,MD2014,0.212,0.131,0.250,0.039,262026,579308,978267,1682667,0.581,0.620,8,7,0.875,0,8,0,0,0,1,0,1,0,2012,MD5,0,3,,-0.346,,0.295,0.098,0.250,0.000,0.876,0,
210,MD,24,2016,MD2016,0.116,0.131,0.250,0.022,510153,788990,1636200,2598288,0.630,0.652,8,7,0.875,0,8,0,0,0,1,0,1,0,2012,MD5,0,3,,,,0.298,0.105,0.250,0.000,0.879,0,
211,MI,26,1972,MI1972,-0.078,-0.006,-0.079,-0.037,993828,629115,1535707,3245884,0.473,0.436,19,7,0.368,0,19,0,1,0,0,0,0,1,1972,MI1,1,5,0.075,,-0.079,0.115,0.014,0.105,0.000,0.733,0,
212,MI,26,1974,MI1974,-0.048,-0.006,-0.079,-0.032,718147,524257,1465259,2484803,0.590,0.558,19,12,0.632,0,19,0,1,0,0,0,0,1,1972,MI1,0,5,-0.355,0.075,-0.198,0.119,0.015,0.105,0.000,0.727,0,
213,MI,26,1976,MI1976,-0.037,-0.006,-0.026,-0.027,995781,704899,1898241,3401355,0.558,0.531,19,11,0.579,0,19,0,1,0,0,0,0,1,1972,MI1,0,5,-0.296,-0.355,-0.189,0.122,0.016,0.105,0.000,0.720,0,
214,MI,26,1978,MI1978,0.064,-0.006,-0.038,0.007,641144,718127,1523051,2718541,0.560,0.567,19,13,0.684,0,18,0,1,0,0,0,0,1,1972,MI1,0,5,-0.358,-0.296,-0.255,0.126,0.017,0.105,0.000,0.714,0,
215,MI,26,1980,MI1980,0.070,-0.006,-0.078,0.005,870368,947642,1929501,3636022,0.531,0.535,19,12,0.632,0,17,0,1,0,0,0,0,1,1972,MI1,0,5,-0.306,-0.358,-0.209,0.129,0.018,0.105,0.000,0.707,0,
216,MI,26,1982,MI1982,0.010,0.031,0.034,0.055,732913,695439,1652090,2856705,0.578,0.633,18,12,0.667,0,15,0,1,0,0,0,0,1,1982,MI2,1,5,-0.304,-0.306,-0.215,0.131,0.019,0.111,0.000,0.707,0,
217,MI,26,1984,MI1984,0.075,0.031,0.024,0.041,808553,968778,1841122,3554662,0.518,0.558,18,11,0.611,0,16,0,1,0,0,0,0,1,1982,MI2,0,5,-0.323,-0.304,-0.182,0.133,0.020,0.111,0.000,0.706,0,
218,MI,26,1986,MI1986,-0.046,0.031,0.056,0.055,669966,489612,1342034,2319156,0.579,0.634,18,11,0.611,0,18,0,1,0,0,0,0,1,1982,MI2,0,5,-0.343,-0.323,-0.184,0.134,0.020,0.111,0.000,0.706,0,
219,MI,26,1988,MI1988,0.071,0.031,0.054,0.066,832865,910992,1813746,3487719,0.520,0.586,18,11,0.611,0,17,0,1,0,0,0,0,1,1982,MI2,0,5,-0.351,-0.343,-0.182,0.136,0.021,0.111,0.000,0.705,0,
220,MI,26,1990,MI1990,0.043,0.031,0.098,0.085,635029,594051,1312560,2458163,0.534,0.619,18,11,0.611,0,17,0,1,0,0,0,0,1,1982,MI2,0,5,-0.3545,-0.351,-0.164,0.138,0.022,0.111,0.000,0.705,0,
221,MI,26,1992,MI1992,0.083,0.055,0.063,0.019,831750,1103243,2016524,3869987,0.521,0.540,16,10,0.625,0,15,0,1,0,0,0,0,1,1992,MI3,1,5,-0.2755,-0.3545,-0.076,0.139,0.024,0.125,0.000,0.713,0,
222,MI,26,1994,MI1994,0.101,0.055,0.063,0.044,610230,864883,1418142,2950226,0.481,0.524,16,9,0.563,0,16,0,1,0,0,0,0,1,1992,MI3,0,5,-0.2675,-0.2755,-0.004,0.139,0.026,0.125,0.000,0.722,0,Y
223,MI,26,1996,MI1996,0.051,0.055,0.063,0.030,845968,965959,1945116,3623851,0.537,0.567,16,10,0.625,0,16,0,1,0,0,0,0,1,1992,MI3,0,5,-0.3015,-0.2675,-0.032,0.140,0.029,0.125,0.000,0.730,0,
224,MI,26,1998,MI1998,0.078,0.055,0.076,0.048,647709,825453,1542258,2946328,0.523,0.571,16,10,0.625,0,15,0,1,0,0,0,0,1,1992,MI3,0,5,-0.3015,-0.3015,-0.018,0.140,0.031,0.125,0.000,0.739,0,
225,MI,26,2000,MI2000,-0.036,0.055,0.063,0.061,1125640,856695,2177678,3964669,0.549,0.611,16,9,0.563,0,16,0,1,0,0,0,0,1,1992,MI3,0,5,-0.242,-0.3015,0.050,0.141,0.033,0.125,0.000,0.747,0,
226,MI,26,2002,MI2002,-0.064,-0.076,-0.100,-0.075,906001,618367,1469182,3048735,0.482,0.407,15,6,0.400,0,13,0,0,0,0,1,1,0,2002,MI4,1,5,0.43,-0.242,0.192,0.141,0.035,0.133,0.000,0.747,0,
227,MI,26,2004,MI2004,-0.090,-0.076,-0.100,-0.091,1400114,865401,2242435,4531029,0.495,0.404,15,6,0.400,0,15,0,0,0,0,1,1,0,2002,MI4,0,5,0.484,0.43,0.181,0.141,0.037,0.133,0.000,0.747,0,
228,MI,26,2006,MI2006,-0.164,-0.076,-0.100,-0.059,1282288,534564,1932912,3633701,0.532,0.473,15,6,0.400,0,13,0,0,0,0,1,1,0,2002,MI4,0,5,0.551,0.484,0.224,0.140,0.040,0.133,0.000,0.746,0,Y
229,MI,26,2008,MI2008,-0.046,-0.076,-0.085,-0.028,1341233,992972,2519683,4668413,0.540,0.512,15,8,0.533,0,14,0,0,0,0,1,1,0,2002,MI4,0,5,-0.24,0.551,0.112,0.140,0.042,0.133,0.000,0.746,0,
230,MI,26,2010,MI2010,-0.017,-0.076,-0.100,-0.018,860387,683070,1415212,3086919,0.458,0.440,15,6,0.400,0,15,0,0,0,0,1,1,0,2002,MI4,0,5,0.6555,-0.24,0.257,0.140,0.044,0.133,0.000,0.746,0,
231,MI,26,2012,MI2012,-0.197,-0.163,-0.143,-0.066,1554299,653096,2327985,4414789,0.527,0.461,14,5,0.357,0,14,0,0,0,0,1,1,0,2012,MI5,1,3,0.6865,0.6555,0.383,0.140,0.046,0.071,0.000,0.746,0,Y
232,MI,26,2014,MI2014,-0.160,-0.163,-0.143,-0.074,1018383,474506,1519030,2985779,0.509,0.435,14,5,0.357,0,14,0,0,0,0,1,1,0,2012,MI5,0,3,,0.6865,,0.140,0.048,0.143,0.000,0.746,0,Y
233,MI,26,2016,MI2016,-0.132,-0.163,-0.143,-0.073,1451475,767210,2193980,4437369,0.494,0.421,14,5,0.357,0,14,0,0,0,0,1,1,0,2012,MI5,0,3,,,,0.139,0.051,0.143,0.000,0.745,0,
234,MN,27,1972,MN1972,-0.082,-0.041,0.000,-0.001,489511,339226,896854,1657474,0.541,0.540,8,4,0.500,0,8,0,0,1,0,0,0,1,1972,MN1,1,5,-0.124,,-0.118,0.010,0.006,0.000,0.000,0.666,0,
235,MN,27,1974,MN1974,-0.053,-0.041,0.000,0.039,334524,263996,705139,1197042,0.589,0.628,8,5,0.625,0,8,0,0,1,0,0,0,1,1972,MN1,0,5,-0.3725,-0.124,-0.195,0.011,0.007,0.000,0.000,0.667,0,
236,MN,27,1976,MN1976,0.006,-0.041,0.123,0.085,453074,433789,992098,1773725,0.559,0.644,8,5,0.625,0,7,0,0,1,0,0,0,1,1972,MN1,0,5,-0.145,-0.3725,-0.116,0.011,0.007,0.000,0.000,0.667,0,
237,MN,27,1978,MN1978,0.008,-0.041,0.000,0.010,393077,365085,752068,1516324,0.496,0.506,8,4,0.500,0,7,0,0,1,0,0,0,1,1972,MN1,0,5,-0.1365,-0.145,-0.118,0.012,0.008,0.000,0.000,0.668,0,
238,MN,27,1980,MN1980,-0.082,-0.041,-0.125,-0.003,590318,356151,905793,1892940,0.479,0.476,8,3,0.375,0,8,0,0,1,0,0,0,1,1972,MN1,0,5,0.1935,-0.1365,-0.019,0.013,0.008,0.000,0.000,0.669,0,
239,MN,27,1982,MN1982,0.022,0.005,-0.125,-0.039,424343,442608,956321,1733905,0.552,0.512,8,5,0.625,0,8,0,1,0,0,0,0,1,1982,MN2,1,5,-0.15,0.1935,-0.102,0.015,0.009,0.000,0.000,0.675,0,
240,MN,27,1984,MN1984,0.044,0.005,0.125,0.047,461185,520349,1060800,1963068,0.540,0.587,8,5,0.625,0,8,0,1,0,0,0,0,1,1982,MN2,0,5,-0.151,-0.15,-0.099,0.016,0.010,0.000,0.000,0.681,0,
241,MN,27,1986,MN1986,-0.072,0.005,0.125,0.092,418948,275781,831715,1389456,0.599,0.691,8,5,0.625,0,8,0,1,0,0,0,0,1,1982,MN2,0,5,-0.1515,-0.151,-0.096,0.018,0.010,0.000,0.000,0.687,0,
242,MN,27,1988,MN1988,-0.048,0.005,0.125,0.093,552114,427046,1148700,1958324,0.587,0.680,8,5,0.625,0,8,0,1,0,0,0,0,1,1982,MN2,0,5,-0.1525,-0.1515,-0.093,0.019,0.011,0.000,0.000,0.693,0,
243,MN,27,1990,MN1990,0.078,0.005,0.125,0.062,401118,488232,1042201,1778698,0.586,0.648,8,6,0.750,0,8,0,1,0,0,0,0,1,1982,MN2,0,5,-0.1895,-0.1525,-0.151,0.021,0.012,0.000,0.000,0.699,0,
244,MN,27,1992,MN1992,0.133,0.133,0.000,0.000,392841,661601,1178072,2108886,0.559,0.559,8,6,0.750,0,8,0,1,0,0,0,0,1,1992,MN3,1,1,-0.152,-0.1895,-0.107,0.024,0.015,0.000,0.000,0.701,0,
245,MN,27,1994,MN1994,0.229,0.123,0.000,0.014,242665,622763,883905,1730855,0.511,0.524,8,6,0.750,0,8,0,1,0,0,0,0,1,1994,MN3.1,1,4,-0.2325,-0.152,-0.113,0.026,0.019,0.000,0.000,0.703,0,
246,MN,27,1996,MN1996,0.113,0.123,0.000,0.021,419431,618035,1179926,2074929,0.569,0.590,8,6,0.750,0,8,0,1,0,0,0,0,1,1994,MN3.1,0,4,-0.2325,-0.2325,-0.104,0.029,0.022,0.000,0.000,0.705,0,
247,MN,27,1998,MN1998,0.134,0.123,0.125,0.029,368703,608028,1090488,1953460,0.558,0.587,8,6,0.750,0,8,0,1,0,0,0,0,1,1994,MN3.1,0,4,-0.2325,-0.2325,-0.095,0.031,0.026,0.000,0.000,0.707,0,
248,MN,27,2000,MN2000,0.017,0.123,0.000,0.004,558581,555206,1234204,2227575,0.554,0.558,8,5,0.625,0,8,0,1,0,0,0,0,1,1994,MN3.1,0,4,-0.2075,-0.2325,0.041,0.034,0.029,0.000,0.000,0.709,0,
249,MN,27,2002,MN2002,-0.032,-0.035,0.000,0.029,579759,484002,1097911,2127523,0.516,0.545,8,4,0.500,0,8,0,1,0,0,0,0,1,2002,MN4,1,5,0.2845,-0.2075,0.175,0.037,0.033,0.000,0.000,0.714,0,
250,MN,27,2004,MN2004,-0.062,-0.035,0.000,0.016,780552,537307,1399624,2635718,0.531,0.547,8,4,0.500,0,8,0,1,0,0,0,0,1,2002,MN4,0,5,0.2835,0.2845,0.185,0.041,0.036,0.000,0.000,0.719,0,
251,MN,27,2006,MN2006,0.015,-0.035,0.000,0.034,534956,503674,1152621,2077257,0.555,0.589,8,5,0.625,0,8,0,1,0,0,0,0,1,2002,MN4,0,5,-0.216,0.2835,0.062,0.044,0.040,0.125,0.000,0.723,0,
252,MN,27,2008,MN2008,-0.078,-0.035,0.125,0.065,810902,529845,1612480,2681495,0.601,0.666,8,5,0.625,0,8,0,1,0,0,0,0,1,2002,MN4,0,5,-0.219,-0.216,0.051,0.048,0.043,0.125,0.000,0.728,0,
253,MN,27,2010,MN2010,-0.016,-0.035,0.000,0.002,560876,425507,1002026,1972767,0.508,0.510,8,4,0.500,0,8,0,1,0,0,0,0,1,2002,MN4,0,5,0.2225,-0.219,0.192,0.051,0.047,0.125,0.000,0.733,0,
254,MN,27,2012,MN2012,-0.001,0.058,0.000,-0.003,722477,663219,1560984,2771393,0.563,0.560,8,5,0.625,0,8,0,1,0,0,0,0,1,2012,MN5,1,3,-0.225,0.2225,0.064,0.054,0.051,0.125,0.000,0.738,0,
255,MN,27,2014,MN2014,0.087,0.058,0.000,0.006,399590,550060,985760,1899299,0.519,0.525,8,5,0.625,0,8,0,1,0,0,0,0,1,2012,MN5,0,3,,-0.225,,0.058,0.054,0.125,0.000,0.743,0,
256,MN,27,2016,MN2016,0.089,0.058,-0.125,-0.015,595948,788690,1434590,2769276,0.518,0.503,8,5,0.625,0,8,0,1,0,0,0,0,1,2012,MN5,0,3,,,,0.061,0.058,0.125,0.000,0.747,0,
257,MO,29,1972,MO1972,0.206,0.097,0.200,0.039,281711,633181,1092405,1829782,0.597,0.636,10,9,0.900,0,10,0,1,0,0,0,0,1,1972,MO1,1,5,-0.307,,-0.224,0.103,0.009,0.100,0.000,0.697,0,
258,MO,29,1974,MO1974,0.058,0.097,0.200,0.020,282770,320397,809719,1206336,0.671,0.691,10,9,0.900,0,10,0,1,0,0,0,0,1,1972,MO1,0,5,-0.3085,-0.307,-0.227,0.103,0.010,0.100,0.000,0.693,0,
259,MO,29,1976,MO1976,0.158,0.097,0.000,0.027,344399,602124,1080807,1893045,0.571,0.598,10,8,0.800,0,10,0,1,0,0,0,0,1,1972,MO1,0,5,-0.192,-0.3085,-0.162,0.103,0.010,0.100,0.000,0.689,0,
260,MO,29,1978,MO1978,0.046,0.097,0.100,0.040,367264,403802,966553,1542131,0.627,0.667,10,8,0.800,0,10,0,1,0,0,0,0,1,1972,MO1,0,5,-0.2025,-0.192,-0.167,0.104,0.011,0.100,0.000,0.685,0,
261,MO,29,1980,MO1980,0.017,0.097,0.100,0.063,526725,498561,1110060,2050570,0.541,0.605,10,6,0.600,0,10,0,1,0,0,0,0,1,1972,MO1,0,5,-0.1425,-0.2025,-0.067,0.104,0.011,0.100,0.000,0.681,0,
262,MO,29,1982,MO1982,0.024,0.030,-0.056,-0.006,369552,393022,871682,1525150,0.572,0.565,9,6,0.667,0,9,0,1,0,0,0,0,1,1982,MO2,1,5,-0.168,-0.1425,-0.121,0.105,0.011,0.222,0.000,0.682,0,
263,MO,29,1984,MO1984,0.132,0.030,0.122,0.011,373575,663257,1073167,2073660,0.518,0.529,9,6,0.667,0,8,0,1,0,0,0,0,1,1982,MO2,0,5,-0.182,-0.168,-0.123,0.105,0.011,0.222,0.000,0.683,0,
264,MO,29,1986,MO1986,-0.035,0.030,0.025,0.029,408288,318191,792397,1452959,0.545,0.575,9,5,0.556,0,8,0,1,0,0,0,0,1,1982,MO2,0,5,-0.144,-0.182,-0.060,0.106,0.012,0.222,0.000,0.685,0,
265,MO,29,1988,MO1988,-0.060,0.030,0.056,0.076,593692,435252,1148292,2057891,0.558,0.634,9,5,0.556,0,9,0,1,0,0,0,0,1,1982,MO2,0,5,-0.148,-0.144,-0.002,0.106,0.012,0.222,0.000,0.686,0,
266,MO,29,1990,MO1990,0.090,0.030,0.056,0.030,278970,397373,728020,1352686,0.538,0.568,9,6,0.667,0,9,0,1,0,0,0,0,1,1982,MO2,0,5,-0.226,-0.148,-0.066,0.107,0.012,0.222,0.000,0.687,0,
267,MO,29,1992,MO1992,0.066,0.016,0.056,0.004,516867,636010,1269486,2305754,0.551,0.554,9,6,0.667,0,9,0,0,1,0,0,0,1,1992,MO3,1,5,-0.176,-0.226,-0.033,0.108,0.014,0.222,0.000,0.688,0,
268,MO,29,1994,MO1994,0.132,0.016,0.167,0.048,326530,537589,893783,1728239,0.517,0.566,9,6,0.667,0,9,0,0,1,0,0,0,1,1992,MO3,0,5,-0.176,-0.176,-0.022,0.109,0.016,0.111,0.000,0.690,0,
269,MO,29,1996,MO1996,-0.090,0.016,0.167,0.080,516256,458440,1116201,1949391,0.573,0.653,9,5,0.556,1,9,0,0,1,0,0,0,1,1992,MO3,0,5,-0.164,-0.176,0.045,0.110,0.017,0.111,0.000,0.691,0,
270,MO,29,1998,MO1998,0.030,0.016,0.056,0.058,380008,388036,787655,1536087,0.513,0.570,9,5,0.556,0,9,0,0,1,0,0,0,1,1992,MO3,0,5,-0.168,-0.164,0.041,0.111,0.019,0.111,0.000,0.693,0,
271,MO,29,2000,MO2000,-0.056,0.016,-0.056,-0.021,670322,465550,1136020,2271744,0.500,0.479,9,4,0.444,0,9,0,0,1,0,0,0,1,1992,MO3,0,5,0.374,-0.168,0.157,0.112,0.021,0.111,0.000,0.694,0,Y
272,MO,29,2002,MO2002,0.031,-0.007,-0.056,-0.099,440188,467353,829177,1815082,0.457,0.358,9,4,0.444,0,9,0,0,1,0,0,0,1,2002,MO4,1,5,0.38,0.374,0.159,0.113,0.024,0.111,0.000,0.696,0,
273,MO,29,2004,MO2004,0.035,-0.007,-0.056,-0.102,632646,678574,1192674,2622441,0.455,0.353,9,4,0.444,0,9,0,0,1,0,0,0,1,2002,MO4,0,5,0.386,0.38,0.176,0.113,0.027,0.222,0.000,0.698,0,
274,MO,29,2006,MO2006,-0.028,-0.007,-0.056,-0.112,573240,447562,992258,2041604,0.486,0.374,9,4,0.444,0,9,0,0,1,0,0,0,1,2002,MO4,0,5,0.392,0.386,0.182,0.114,0.030,0.222,0.000,0.700,0,
275,MO,29,2008,MO2008,-0.072,-0.007,-0.055,-0.021,811569,569971,1403928,2763082,0.508,0.487,9,4,0.444,0,8,0,0,1,0,0,0,1,2002,MO4,0,5,0.398,0.392,0.203,0.114,0.033,0.222,0.000,0.702,0,Y
276,MO,29,2010,MO2010,0.000,-0.007,-0.050,-0.093,496999,435208,777182,1864415,0.417,0.324,9,3,0.333,0,8,0,0,1,0,0,0,1,2002,MO4,0,5,0.661,0.398,0.319,0.115,0.036,0.222,0.000,0.704,0,
277,MO,29,2012,MO2012,-0.117,-0.055,-0.250,-0.078,793954,497615,1119554,2583140,0.433,0.356,8,2,0.250,0,8,0,0,0,0,1,1,0,2012,MO5,1,3,0.688,0.661,0.440,0.116,0.039,0.250,0.000,0.706,0,
278,MO,29,2014,MO2014,-0.010,-0.055,-0.250,-0.070,362142,313800,513600,1351883,0.380,0.310,8,2,0.250,0,8,0,0,0,0,1,1,0,2012,MO5,0,3,,0.688,,0.116,0.042,0.250,0.000,0.708,0,
279,MO,29,2016,MO2016,-0.038,-0.055,-0.250,-0.101,734184,586731,1041306,2641830,0.394,0.293,8,2,0.250,0,8,0,0,0,0,1,1,0,2012,MO5,0,3,,,,0.117,0.045,0.250,0.000,0.710,0,
280,NC,37,1972,NC1972,0.114,0.106,0.028,0.085,301776,415157,733065,1433868,0.511,0.596,11,7,0.636,0,9,0,0,0,1,0,1,0,1972,NC1,1,5,-0.052,,0.014,0.222,0.006,0.000,0.000,0.460,1,
281,NC,37,1974,NC1974,0.117,0.106,0.030,0.042,211207,319350,637297,1061114,0.601,0.643,11,9,0.818,0,8,0,0,0,1,0,1,0,1972,NC1,0,5,-0.122,-0.052,-0.068,0.222,0.007,0.000,0.000,0.465,1,
282,NC,37,1976,NC1976,0.103,0.106,0.016,0.059,333725,471631,978971,1610710,0.608,0.667,11,9,0.818,0,9,0,0,0,1,0,1,0,1972,NC1,0,5,-0.14,-0.122,-0.086,0.222,0.008,0.000,0.000,0.470,1,
283,NC,37,1978,NC1978,0.132,0.106,0.018,0.059,204617,340238,646471,1089713,0.593,0.652,11,9,0.818,0,9,0,0,0,1,0,1,0,1972,NC1,0,5,-0.14,-0.14,-0.098,0.222,0.009,0.000,0.000,0.475,1,
284,NC,37,1980,NC1980,0.062,0.106,-0.048,-0.003,415285,467303,948663,1765181,0.537,0.534,11,7,0.636,0,10,0,0,0,1,0,1,0,1972,NC1,0,5,-0.136,-0.14,0.024,0.222,0.010,0.000,0.000,0.480,1,
285,NC,37,1982,NC1982,0.179,0.106,-0.022,0.008,211366,454814,759185,1332362,0.570,0.578,11,9,0.818,0,10,0,0,0,1,0,1,0,1982,NC2,1,5,-0.18,-0.136,-0.116,0.221,0.010,0.000,0.000,0.485,1,
286,NC,37,1984,NC1984,-0.003,0.106,-0.136,-0.017,586905,491781,1130979,2157370,0.524,0.507,11,6,0.545,0,11,0,0,0,1,0,1,0,1982,NC2,0,5,-0.078,-0.18,0.035,0.221,0.011,0.000,0.000,0.490,1,
287,NC,37,1986,NC1986,0.095,0.106,-0.045,-0.009,327359,458893,890058,1572505,0.566,0.557,11,8,0.727,0,11,0,0,0,1,0,1,0,1982,NC2,0,5,-0.149,-0.078,-0.045,0.220,0.011,0.000,0.000,0.494,1,
288,NC,37,1988,NC1988,0.192,0.106,0.006,0.008,328548,729242,1095451,2115582,0.518,0.526,11,8,0.727,0,9,0,0,0,1,0,1,0,1982,NC2,0,5,-0.153,-0.149,-0.049,0.220,0.012,0.000,0.000,0.499,1,
289,NC,37,1990,NC1990,0.066,0.106,0.136,0.046,457874,547824,1076340,2011394,0.535,0.581,11,7,0.636,0,11,0,0,0,1,0,1,0,1982,NC2,0,5,-0.133,-0.153,0.016,0.219,0.012,0.000,0.000,0.504,1,
290,NC,37,1992,NC1992,0.135,0.056,0.167,0.037,501573,741656,1282474,2486457,0.516,0.553,12,8,0.667,0,12,0,0,0,1,0,1,0,1992,NC3,1,3,-0.1475,-0.133,-0.029,0.218,0.019,0.167,0.000,0.524,1,
291,NC,37,1994,NC1994,-0.050,0.056,0.000,0.014,514013,315748,733273,1659520,0.442,0.456,12,4,0.333,0,11,0,0,0,1,0,1,0,1992,NC3,0,3,0.451,-0.1475,0.219,0.217,0.026,0.167,0.000,0.543,1,
292,NC,37,1996,NC1996,0.082,0.056,0.000,0.012,546124,691501,1135731,2475246,0.459,0.471,12,6,0.500,0,12,0,0,0,1,0,1,0,1992,NC3,0,3,0.1125,0.451,0.108,0.216,0.033,0.167,0.000,0.563,1,
293,NC,37,1998,NC1998,-0.003,-0.003,0.003,-0.003,495665,502482,918260,1996298,0.460,0.457,12,5,0.417,0,9,0,0,0,1,0,1,0,1998,NC3.1,1,1,0.4025,0.1125,0.178,0.215,0.040,0.167,0.000,0.582,1,
294,NC,37,2000,NC2000,-0.042,-0.042,-0.083,-0.041,770909,652472,1365020,2846762,0.480,0.439,12,5,0.417,0,10,0,0,0,1,0,1,0,2000,NC3.2,1,1,0.376,0.4025,0.178,0.214,0.047,0.167,0.000,0.602,1,
295,NC,37,2002,NC2002,0.001,0.027,-0.038,-0.026,582048,542373,1079995,2248841,0.480,0.454,13,6,0.462,0,11,0,0,0,1,0,1,0,2002,NC4,1,5,0.0605,0.376,0.105,0.214,0.054,0.154,0.000,0.614,1,
296,NC,37,2004,NC2004,-0.017,0.027,-0.038,-0.038,900274,806224,1669864,3412995,0.489,0.451,13,6,0.462,0,13,0,0,0,1,0,1,0,2002,NC4,0,5,0.202,0.0605,0.184,0.213,0.062,0.154,0.000,0.626,1,
297,NC,37,2006,NC2006,-0.001,0.027,0.035,0.018,488452,496150,1023141,1969206,0.520,0.538,13,7,0.538,0,12,0,0,0,1,0,1,0,2002,NC4,0,5,-0.049,0.202,0.137,0.213,0.069,0.154,0.000,0.637,1,
298,NC,37,2008,NC2008,0.022,0.027,0.115,0.086,1016780,1080962,2293971,4195488,0.547,0.633,13,8,0.615,0,13,0,0,0,1,0,1,0,2002,NC4,0,5,-0.106,-0.049,0.092,0.212,0.077,0.154,0.000,0.649,1,
299,NC,37,2010,NC2010,0.128,0.027,0.115,0.081,489803,832972,1204635,2645548,0.455,0.537,13,7,0.538,0,13,0,0,0,1,0,1,0,2002,NC4,0,5,-0.049,-0.106,0.159,0.212,0.084,0.154,0.000,0.661,1,Y
300,NC,37,2012,NC2012,-0.211,-0.203,-0.269,-0.077,1554327,623436,2218357,4355524,0.509,0.432,13,4,0.308,0,13,0,0,0,0,1,1,0,2012,NC5,1,2,0.688,-0.049,0.355,0.212,0.091,0.154,0.000,0.673,1,Y
301,NC,37,2014,NC2014,-0.194,-0.203,-0.267,-0.072,1019700,413289,1324875,2865978,0.462,0.390,13,3,0.231,0,12,0,0,0,0,1,1,0,2012,NC5,0,2,,0.688,,0.211,0.099,0.154,0.000,0.685,1,
302,NC,37,2016,NC2016,-0.203,-0.203,-0.269,-0.051,1592127,702868,2142661,4589987,0.467,0.416,13,3,0.231,0,13,0,0,0,0,1,1,0,2016,NC5.1,1,1,,,,0.211,0.106,0.154,0.000,0.696,0,
303,NJ,34,1972,NJ1972,0.042,0.070,0.033,0.028,683356,720296,1390819,2807304,0.495,0.523,15,8,0.533,0,15,0,1,0,0,0,0,1,1972,NJ1,1,5,-0.295,,-0.170,0.110,0.029,0.000,0.000,0.889,0,Y
304,NJ,34,1974,NJ1974,0.081,0.070,0.033,0.052,442366,575449,1240933,2035631,0.610,0.662,15,12,0.800,0,15,0,1,0,0,0,0,1,1972,NJ1,0,5,-0.395,-0.295,-0.291,0.114,0.038,0.000,0.000,0.889,0,
305,NJ,34,1976,NJ1976,0.117,0.070,0.033,0.059,558720,819577,1538658,2756590,0.558,0.617,15,11,0.733,0,15,0,1,0,0,0,0,1,1972,NJ1,0,5,-0.315,-0.395,-0.266,0.117,0.048,0.000,0.000,0.890,0,
306,NJ,34,1978,NJ1978,0.057,0.070,-0.033,0.008,449940,490826,1043747,1881530,0.555,0.563,15,10,0.667,0,15,0,1,0,0,0,0,1,1972,NJ1,0,5,-0.312,-0.315,-0.219,0.120,0.057,0.000,0.000,0.890,0,
307,NJ,34,1980,NJ1980,0.053,0.070,-0.033,0.015,653480,689062,1316100,2685081,0.490,0.505,15,8,0.533,0,15,0,1,0,0,0,0,1,1972,NJ1,0,5,-0.141,-0.312,-0.148,0.123,0.067,0.000,0.000,0.890,0,Y
308,NJ,34,1982,NJ1982,0.006,0.006,0.071,0.072,557076,503867,1206416,2121888,0.569,0.641,14,9,0.643,0,14,0,0,0,1,0,1,0,1982,NJ2,1,1,-0.274,-0.141,-0.166,0.124,0.073,0.000,0.000,0.891,0,
309,NJ,34,1984,NJ1984,0.059,0.094,0.071,0.046,712583,776994,1508320,2979156,0.506,0.552,14,8,0.571,0,14,0,1,0,0,0,0,1,1984,NJ2.1,1,4,-0.2125,-0.274,-0.137,0.125,0.079,0.000,0.000,0.892,0,
310,NJ,34,1986,NJ1986,0.034,0.094,0.071,0.089,390620,381338,801007,1543914,0.519,0.607,14,8,0.571,0,13,0,1,0,0,0,0,1,1984,NJ2.1,0,4,-0.2125,-0.2125,-0.129,0.125,0.084,0.000,0.000,0.892,0,
311,NJ,34,1988,NJ1988,0.116,0.094,0.071,0.091,620747,789959,1347328,2821412,0.478,0.569,14,8,0.571,0,13,0,1,0,0,0,0,1,1984,NJ2.1,0,4,-0.177,-0.2125,-0.104,0.126,0.090,0.071,0.000,0.893,0,Y
312,NJ,34,1990,NJ1990,0.165,0.094,0.071,0.065,371621,545319,831596,1833884,0.453,0.518,14,8,0.571,0,12,0,1,0,0,0,0,1,1984,NJ2.1,0,4,-0.1615,-0.177,-0.077,0.127,0.096,0.071,0.000,0.894,0,Y
313,NJ,34,1992,NJ1992,0.090,0.012,0.038,0.059,673377,755651,1354915,2858060,0.474,0.533,13,7,0.538,0,13,1,0,0,0,0,0,1,1992,NJ3,1,5,-0.17,-0.1615,-0.038,0.128,0.103,0.077,0.077,0.904,0,Y
314,NJ,34,1994,NJ1994,-0.008,0.012,-0.038,-0.052,560150,425401,879855,1971106,0.446,0.394,13,5,0.385,0,13,1,0,0,0,0,0,1,1992,NJ3,0,5,0.213,-0.17,0.077,0.128,0.111,0.077,0.077,0.914,0,
315,NJ,34,1996,NJ1996,-0.021,0.012,-0.115,-0.011,806304,569029,1351774,2750662,0.491,0.480,13,6,0.462,0,13,1,0,0,0,0,0,1,1992,NJ3,0,5,0.204,0.213,0.044,0.129,0.118,0.077,0.077,0.924,0,
316,NJ,34,1998,NJ1998,0.013,0.012,-0.038,0.002,464617,415752,902374,1760741,0.512,0.515,13,7,0.538,0,13,1,0,0,0,0,0,1,1992,NJ3,0,5,-0.236,0.204,-0.022,0.129,0.126,0.077,0.077,0.934,0,
317,NJ,34,2000,NJ2000,-0.012,0.012,-0.038,-0.024,830268,627939,1532240,2916410,0.525,0.501,13,7,0.538,0,13,1,0,0,0,0,0,1,1992,NJ3,0,5,-0.257,-0.236,-0.013,0.130,0.133,0.077,0.077,0.944,0,
318,NJ,34,2002,NJ2002,0.033,-0.003,0.030,0.109,546283,457228,1009142,2007021,0.503,0.612,13,7,0.538,0,12,1,0,0,0,0,0,1,2002,NJ4,1,5,-0.279,-0.257,0.030,0.130,0.142,0.077,0.077,0.945,0,
319,NJ,34,2004,NJ2004,-0.016,-0.003,0.038,0.071,947176,682959,1719350,3260271,0.527,0.599,13,7,0.538,0,12,1,0,0,0,0,0,1,2002,NJ4,0,5,-0.301,-0.279,0.029,0.129,0.151,0.077,0.077,0.945,0,
320,NJ,34,2006,NJ2006,-0.073,-0.003,0.037,0.101,705163,381386,1207920,2173096,0.556,0.657,13,7,0.538,0,11,1,0,0,0,0,0,1,2002,NJ4,0,5,-0.323,-0.301,0.025,0.129,0.159,0.077,0.077,0.946,0,
321,NJ,34,2008,NJ2008,-0.010,-0.003,0.038,0.079,943807,756036,1912714,3399687,0.563,0.641,13,8,0.615,0,12,1,0,0,0,0,0,1,2002,NJ4,0,5,-0.336,-0.323,-0.004,0.128,0.168,0.077,0.077,0.946,0,
322,NJ,34,2010,NJ2010,0.053,-0.003,0.038,0.043,534095,505920,1024730,2080029,0.493,0.536,13,7,0.538,0,13,1,0,0,0,0,0,1,2002,NJ4,0,5,-0.356,-0.336,-0.006,0.128,0.177,0.077,0.077,0.947,0,Y
323,NJ,34,2012,NJ2012,-0.113,-0.045,0.000,-0.008,1086321,526077,1794407,3224793,0.556,0.549,12,6,0.500,0,12,1,0,0,0,0,0,1,2012,NJ5,1,3,-0.367,-0.356,0.033,0.128,0.186,0.083,0.083,0.948,0,
324,NJ,34,2014,NJ2014,-0.021,-0.045,0.000,0.012,550997,344722,914172,1791437,0.510,0.522,12,6,0.500,0,12,1,0,0,0,0,0,1,2012,NJ5,0,3,,-0.367,,0.127,0.195,0.167,0.083,0.948,0,
325,NJ,34,2016,NJ2016,0.000,-0.045,0.000,0.030,935655,745971,1821620,3363251,0.542,0.571,12,7,0.583,0,12,1,0,0,0,0,0,1,2012,NJ5,0,3,,,,0.127,0.203,0.167,0.083,0.949,0,
326,NY,36,1972,NY1972,0.046,0.046,-0.011,0.039,1635014,1564355,3257600,6398734,0.509,0.548,39,22,0.564,0,36,0,0,0,0,1,1,0,1972,NY1,1,1,-0.212,,-0.182,0.121,0.057,0.051,0.026,0.855,0,
327,NY,36,1974,NY1974,-0.075,-0.058,-0.039,0.013,1334648,1113455,2852348,4896206,0.583,0.596,39,23,0.590,4,34,0,0,0,0,1,1,0,1974,NY1.1,1,4,-0.31,-0.212,-0.253,0.124,0.067,0.051,0.026,0.853,0,
328,NY,36,1976,NY1976,-0.086,-0.058,0.048,0.078,1556765,1438194,3522213,5989922,0.588,0.666,39,23,0.590,5,34,0,0,0,0,1,1,0,1974,NY1.1,0,4,-0.312,-0.31,-0.261,0.126,0.076,0.051,0.026,0.850,0,
329,NY,36,1978,NY1978,-0.034,-0.058,-0.042,0.019,1152807,1062310,2432370,4430240,0.549,0.568,39,22,0.564,5,32,0,0,0,0,1,1,0,1974,NY1.1,0,4,-0.308,-0.312,-0.221,0.129,0.086,0.051,0.026,0.848,0,
330,NY,36,1980,NY1980,-0.035,-0.058,-0.001,0.057,1490026,1284137,2765037,5548320,0.498,0.556,39,18,0.462,4,35,0,0,0,0,1,1,0,1974,NY1.1,0,4,-0.304,-0.308,-0.163,0.131,0.095,0.051,0.026,0.846,0,
331,NY,36,1982,NY1982,-0.114,-0.030,-0.027,0.031,1337554,976758,2510789,4628619,0.542,0.574,34,16,0.471,4,29,0,0,1,0,0,0,1,1982,NY2,1,5,-0.3075,-0.304,-0.184,0.133,0.101,0.088,0.029,0.845,0,Y
332,NY,36,1984,NY1984,-0.019,-0.030,-0.029,0.012,1656737,1428120,3144272,6169714,0.510,0.522,34,17,0.500,2,32,0,0,1,0,0,0,1,1982,NY2,0,5,-0.303,-0.3075,-0.167,0.136,0.106,0.118,0.029,0.845,0,
333,NY,36,1986,NY1986,-0.047,-0.030,-0.001,0.085,1107301,861041,2118872,3936682,0.538,0.623,34,18,0.529,2,27,0,0,1,0,0,0,1,1982,NY2,0,5,-0.3335,-0.303,-0.178,0.138,0.112,0.118,0.029,0.844,0,
334,NY,36,1988,NY1988,0.010,-0.030,0.036,0.061,1511065,1410067,3151036,5842269,0.539,0.600,34,20,0.588,1,25,0,0,1,0,0,0,1,1982,NY2,0,5,-0.339,-0.3335,-0.189,0.141,0.117,0.118,0.029,0.844,0,
335,NY,36,1990,NY1990,0.018,-0.030,0.066,0.092,958996,819257,1903268,3556504,0.535,0.628,34,20,0.588,1,28,0,0,1,0,0,0,1,1982,NY2,0,5,-0.3395,-0.339,-0.185,0.143,0.123,0.118,0.029,0.843,0,
336,NY,36,1992,NY1992,0.034,0.017,-0.114,-0.004,1558006,1377978,3073440,5871974,0.523,0.519,31,18,0.581,0,27,0,1,0,0,0,0,1,1992,NY3,1,3,-0.323,-0.3395,-0.128,0.144,0.129,0.129,0.065,0.849,0,
337,NY,36,1994,NY1994,0.063,0.017,0.015,0.067,1178242,1115854,2261334,4588188,0.493,0.560,31,17,0.548,0,26,0,1,0,0,0,0,1,1992,NY3,0,3,-0.305,-0.323,-0.097,0.145,0.134,0.129,0.065,0.856,0,Y
338,NY,36,1996,NY1996,-0.046,0.017,-0.016,0.023,1646119,1053076,3040840,5398393,0.563,0.587,31,18,0.581,0,31,0,1,0,0,0,0,1,1992,NY3,0,3,-0.288,-0.305,-0.093,0.146,0.140,0.129,0.065,0.862,0,
339,NY,36,1998,NY1998,-0.023,-0.018,0.013,0.111,1232622,876908,2328228,4219056,0.552,0.663,31,18,0.581,0,28,0,1,0,0,0,0,1,1998,NY3.1,1,2,-0.3455,-0.288,-0.107,0.147,0.145,0.129,0.065,0.869,0,
340,NY,36,2000,NY2000,-0.012,-0.018,0.081,0.064,1621566,1212067,3186171,5667272,0.562,0.626,31,19,0.613,0,30,0,1,0,0,0,0,1,1998,NY3.1,0,2,-0.361,-0.3455,-0.110,0.148,0.151,0.129,0.065,0.875,0,
341,NY,36,2002,NY2002,0.078,0.029,0.092,0.099,841422,885847,1860704,3454538,0.539,0.638,29,19,0.655,0,22,0,0,1,0,0,0,1,2002,NY4,1,5,-0.359,-0.361,-0.128,0.147,0.156,0.138,0.069,0.876,0,
342,NY,36,2004,NY2004,-0.023,0.029,0.086,0.091,1810720,1320629,3798685,6262702,0.607,0.698,29,20,0.690,0,26,0,0,1,0,0,0,1,2002,NY4,0,5,-0.359,-0.359,-0.136,0.146,0.161,0.138,0.069,0.877,0,
343,NY,36,2006,NY2006,-0.024,0.029,0.073,0.048,1218116,904174,2795843,4244576,0.659,0.707,29,23,0.793,0,25,0,0,1,0,0,0,1,2002,NY4,0,5,-0.35,-0.359,-0.201,0.146,0.166,0.138,0.069,0.877,0,
344,NY,36,2008,NY2008,0.056,0.029,-0.043,-0.001,1463298,1737996,4290883,6402590,0.670,0.669,29,26,0.897,0,27,0,0,1,0,0,0,1,2002,NY4,0,5,-0.342,-0.35,-0.244,0.145,0.171,0.138,0.069,0.878,0,
345,NY,36,2010,NY2010,0.058,0.029,-0.086,0.025,1150520,1079323,2600900,4459684,0.583,0.608,29,21,0.724,0,29,0,0,1,0,0,0,1,2002,NY4,0,5,-0.34,-0.342,-0.141,0.144,0.176,0.138,0.069,0.879,0,
346,NY,36,2012,NY2012,-0.013,-0.005,-0.019,0.011,1711172,1478799,4118343,6379944,0.646,0.657,27,21,0.778,0,26,0,1,0,0,0,0,1,2012,NY5,1,3,-0.354,-0.34,-0.176,0.143,0.181,0.148,0.074,0.880,0,
347,NY,36,2014,NY2014,0.064,-0.005,-0.031,0.013,962073,979797,2141545,3883740,0.551,0.564,27,18,0.667,0,17,0,1,0,0,0,0,1,2012,NY5,0,3,,-0.354,,0.142,0.186,0.148,0.074,0.881,0,
348,NY,36,2016,NY2016,-0.065,-0.005,0.010,0.055,2086026,1471677,4382270,7115402,0.616,0.671,27,18,0.667,,23,0,1,0,0,0,0,1,2012,NY5,0,3,,,,0.142,0.191,0.111,0.111,0.881,0,
349,OH,39,1972,OH1972,-0.127,-0.051,-0.112,-0.063,1222305,699908,1789586,3844427,0.466,0.403,23,7,0.304,0,21,0,0,1,0,0,0,1,1972,OH1,1,5,0.1155,,0.016,0.093,0.009,0.043,0.000,0.749,0,
350,OH,39,1974,OH1974,-0.152,-0.051,-0.152,-0.028,976524,467082,1443626,2887216,0.500,0.472,23,8,0.348,0,22,0,0,1,0,0,0,1,1972,OH1,0,5,0.078,0.1155,0.012,0.094,0.010,0.043,0.000,0.745,0,Y
351,OH,39,1976,OH1976,-0.028,-0.051,-0.026,-0.049,1022962,869096,1821595,3784116,0.481,0.432,23,10,0.435,0,22,0,0,1,0,0,0,1,1972,OH1,0,5,0.071,0.078,-0.013,0.096,0.010,0.043,0.000,0.741,0,
352,OH,39,1978,OH1978,-0.005,-0.051,-0.022,-0.039,751532,644484,1311637,2792040,0.470,0.431,23,10,0.435,0,21,0,0,1,0,0,0,1,1972,OH1,0,5,0.064,0.071,0.004,0.097,0.011,0.043,0.000,0.737,0,
353,OH,39,1980,OH1980,0.057,-0.051,-0.035,-0.019,924448,1080067,1758547,4009032,0.439,0.419,23,10,0.435,0,21,0,0,1,0,0,0,1,1972,OH1,0,5,0.0995,0.064,0.041,0.099,0.011,0.043,0.000,0.733,0,
354,OH,39,1982,OH1982,-0.092,-0.010,-0.025,-0.051,991081,670264,1775041,3322692,0.534,0.484,21,10,0.476,0,19,0,0,1,0,0,0,1,1982,OH2,1,2,0.007,0.0995,-0.015,0.100,0.011,0.048,0.000,0.735,0,Y
355,OH,39,1984,OH1984,0.073,-0.010,0.024,0.063,925688,1264362,2081480,4380100,0.475,0.538,21,11,0.524,0,19,0,0,1,0,0,0,1,1982,OH2,0,2,-0.109,0.007,-0.025,0.102,0.012,0.048,0.000,0.736,0,Y
356,OH,39,1986,OH1986,0.036,0.009,0.024,0.043,741393,809128,1532386,3101036,0.494,0.537,21,11,0.524,0,19,0,0,1,0,0,0,1,1986,OH2.1,1,3,-0.116,-0.109,-0.009,0.103,0.012,0.048,0.000,0.738,0,Y
357,OH,39,1988,OH1988,0.008,0.009,0.024,0.057,1049581,1058740,2140701,4216644,0.508,0.565,21,11,0.524,0,20,0,0,1,0,0,0,1,1986,OH2.1,0,3,-0.122,-0.116,-0.013,0.105,0.013,0.048,0.000,0.739,0,
358,OH,39,1990,OH1990,-0.017,0.009,-0.025,-0.009,898818,821667,1790406,3440972,0.520,0.511,21,11,0.524,0,20,0,0,1,0,0,0,1,1986,OH2.1,0,3,-0.102,-0.122,0.004,0.106,0.013,0.048,0.000,0.741,0,
359,OH,39,1992,OH1992,0.014,-0.024,-0.007,0.001,1100652,1156439,2285674,4514180,0.506,0.507,19,10,0.526,0,18,0,0,1,0,0,0,1,1992,OH3,1,5,-0.061,-0.102,0.034,0.108,0.014,0.053,0.000,0.748,0,
360,OH,39,1994,OH1994,-0.067,-0.024,-0.009,-0.002,956958,715123,1476861,3344161,0.442,0.439,19,6,0.316,0,16,0,0,1,0,0,0,1,1992,OH3,0,5,0.325,-0.061,0.188,0.109,0.015,0.053,0.000,0.754,0,
361,OH,39,1996,OH1996,-0.014,-0.024,-0.028,-0.023,1106369,1014557,1983814,4241850,0.468,0.445,19,8,0.421,0,18,0,0,1,0,0,0,1,1992,OH3,0,5,0.315,0.325,0.119,0.111,0.017,0.053,0.000,0.761,0,
362,OH,39,1998,OH1998,-0.032,-0.024,-0.079,-0.079,921241,751918,1593873,3346316,0.476,0.397,19,8,0.421,0,19,0,0,1,0,0,0,1,1992,OH3,0,5,0.337,0.315,0.128,0.112,0.018,0.053,0.000,0.767,0,
363,OH,39,2000,OH2000,-0.021,-0.024,-0.079,-0.018,1168980,983086,2027455,4304130,0.471,0.453,19,8,0.421,0,18,0,0,1,0,0,0,1,1992,OH3,0,5,0.359,0.337,0.152,0.114,0.019,0.053,0.000,0.774,0,
364,OH,39,2002,OH2002,-0.047,-0.083,-0.166,-0.097,866709,702487,1381636,3138396,0.440,0.343,18,6,0.333,0,17,0,0,0,0,1,1,0,2002,OH4,1,5,0.3905,0.359,0.198,0.115,0.021,0.056,0.000,0.775,0,
365,OH,39,2004,OH2004,-0.105,-0.083,-0.167,-0.079,1625067,1018011,2480766,5286154,0.469,0.390,18,6,0.333,0,16,0,0,0,0,1,1,0,2002,OH4,0,5,0.422,0.3905,0.233,0.116,0.024,0.056,0.000,0.776,0,
366,OH,39,2006,OH2006,-0.165,-0.083,-0.111,-0.041,1354464,621601,2081737,3952127,0.527,0.486,18,7,0.389,0,18,0,0,0,0,1,1,0,2002,OH4,0,5,0.427,0.422,0.249,0.118,0.026,0.056,0.000,0.777,0,Y
367,OH,39,2008,OH2008,0.006,-0.083,-0.056,-0.010,1345746,1276060,2752111,5243609,0.525,0.515,18,10,0.556,0,18,0,0,0,0,1,1,0,2002,OH4,0,5,-0.1595,0.427,0.098,0.119,0.029,0.056,0.000,0.778,0,
368,OH,39,2010,OH2010,-0.102,-0.083,-0.111,-0.009,1145050,687045,1611112,3664187,0.440,0.431,18,5,0.278,0,18,0,0,0,0,1,1,0,2002,OH4,0,5,0.607,-0.1595,0.330,0.120,0.031,0.056,0.000,0.779,0,
369,OH,39,2012,OH2012,-0.230,-0.132,-0.249,-0.074,1925464,648827,2522889,5148579,0.490,0.416,16,4,0.250,0,14,0,0,0,0,1,1,0,2012,OH5,1,3,0.6545,0.607,0.418,0.121,0.033,0.125,0.000,0.780,0,
370,OH,39,2014,OH2014,-0.080,-0.132,-0.249,-0.074,915939,579650,1241863,2991179,0.415,0.342,16,4,0.250,0,15,0,0,0,0,1,1,0,2012,OH5,0,3,,0.6545,,0.122,0.036,0.125,0.000,0.781,0,
371,OH,39,2016,OH2016,-0.087,-0.132,-0.250,-0.080,1562314,1012953,2154523,5150540,0.418,0.338,16,4,0.250,0,16,0,0,0,0,1,1,0,2012,OH5,0,3,,,,0.124,0.038,0.125,0.000,0.782,0,
372,PA,42,1972,PA1972,0.044,0.013,0.020,0.071,1018526,1208638,2172844,4454328,0.488,0.558,25,13,0.520,0,25,0,0,0,1,0,1,0,1972,PA1,1,5,-0.238,,-0.110,0.086,0.006,0.040,0.000,0.711,0,Y
373,PA,42,1974,PA1974,-0.080,0.013,0.011,0.011,991157,705832,1935030,3393976,0.570,0.581,25,14,0.560,0,24,0,0,0,1,0,1,0,1972,PA1,0,5,-0.28,-0.238,-0.134,0.087,0.007,0.040,0.000,0.706,0,
374,PA,42,1976,PA1976,0.064,0.013,0.009,0.007,991976,1229346,2479621,4442641,0.558,0.565,25,17,0.680,1,24,0,0,0,1,0,1,0,1972,PA1,0,5,-0.233,-0.28,-0.153,0.087,0.009,0.040,0.000,0.702,0,
375,PA,42,1978,PA1978,0.076,0.013,0.060,0.017,767108,995801,1805498,3525816,0.512,0.529,25,15,0.600,0,25,0,0,0,1,0,1,0,1972,PA1,0,5,-0.174,-0.233,-0.117,0.087,0.011,0.040,0.000,0.697,0,
376,PA,42,1980,PA1980,-0.038,0.013,0.020,0.022,1134687,1064737,2239156,4398843,0.509,0.531,25,12,0.480,2,22,0,0,0,1,0,1,0,1972,PA1,0,5,-0.054,-0.174,-0.067,0.087,0.013,0.040,0.000,0.693,0,Y
377,PA,42,1982,PA1982,-0.015,-0.015,-0.032,-0.033,873904,931346,1950381,3610494,0.540,0.507,23,13,0.565,0,22,0,0,0,0,1,1,0,1982,PA2,1,5,-0.16,-0.054,-0.078,0.088,0.014,0.043,0.000,0.692,0,
378,PA,42,1984,PA1984,0.011,-0.015,-0.026,-0.018,1074042,1246738,2446404,4641556,0.527,0.509,23,13,0.565,0,22,0,0,0,0,1,1,0,1982,PA2,0,5,-0.153,-0.16,-0.066,0.088,0.016,0.043,0.000,0.691,0,
379,PA,42,1986,PA1986,-0.041,-0.015,0.021,0.019,905278,788011,1799320,3386579,0.531,0.550,23,12,0.522,0,18,0,0,0,0,1,1,0,1982,PA2,0,5,-0.076,-0.153,-0.034,0.089,0.017,0.043,0.000,0.691,0,
380,PA,42,1988,PA1988,0.009,-0.015,0.022,0.071,1083306,1127789,2239463,4422196,0.506,0.578,23,12,0.522,2,18,0,0,0,0,1,1,0,1982,PA2,0,5,-0.067,-0.076,-0.026,0.089,0.019,0.043,0.000,0.690,0,
381,PA,42,1990,PA1990,-0.039,-0.015,-0.022,-0.023,822190,677327,1524793,2999031,0.508,0.486,23,11,0.478,3,17,0,0,0,0,1,1,0,1982,PA2,0,5,0.053,-0.067,-0.015,0.090,0.020,0.043,0.000,0.689,0,Y
382,PA,42,1992,PA1992,0.004,-0.006,-0.061,-0.007,1158860,1164712,2369538,4647147,0.510,0.503,21,11,0.524,0,17,0,1,0,0,0,0,1,1992,PA3,1,5,-0.05,0.053,-0.007,0.092,0.022,0.048,0.000,0.705,0,
383,PA,42,1994,PA1994,0.032,-0.006,0.011,0.006,788853,886098,1662013,3349906,0.496,0.502,21,11,0.524,0,17,0,1,0,0,0,0,1,1992,PA3,0,5,-0.18,-0.05,0.004,0.093,0.025,0.048,0.000,0.722,0,Y
384,PA,42,1996,PA1996,-0.020,-0.006,0.024,0.017,1149287,980899,2222863,4260371,0.522,0.539,21,11,0.524,0,21,0,1,0,0,0,0,1,1992,PA3,0,5,-0.2,-0.18,-0.003,0.095,0.027,0.048,0.000,0.738,0,
385,PA,42,1998,PA1998,0.009,-0.006,0.018,0.018,758532,734786,1515976,2986636,0.508,0.525,21,11,0.524,0,17,0,1,0,0,0,0,1,1992,PA3,0,5,-0.198,-0.2,0.063,0.096,0.030,0.048,0.000,0.755,0,
386,PA,42,2000,PA2000,-0.053,-0.006,-0.033,-0.040,1360907,979676,2407945,4681168,0.514,0.474,21,10,0.476,0,17,0,1,0,0,0,0,1,1992,PA3,0,5,0.324,-0.198,0.121,0.098,0.032,0.048,0.000,0.771,0,Y
387,PA,42,2002,PA2002,-0.074,-0.055,-0.095,-0.073,1037446,707632,1644240,3490155,0.471,0.399,19,7,0.368,0,13,0,0,0,0,1,1,0,2002,PA4,1,5,0.391,0.324,0.209,0.099,0.037,0.053,0.000,0.774,0,
388,PA,42,2004,PA2004,-0.120,-0.055,-0.127,-0.087,1748027,985397,2701491,5466846,0.494,0.407,19,7,0.368,0,13,0,0,0,0,1,1,0,2002,PA4,0,5,0.427,0.391,0.204,0.101,0.042,0.053,0.000,0.777,0,
389,PA,42,2006,PA2006,-0.033,-0.055,-0.111,-0.036,1064020,941172,2228704,4010387,0.556,0.519,19,11,0.579,0,17,0,0,0,0,1,1,0,2002,PA4,0,5,-0.137,0.427,0.067,0.102,0.047,0.053,0.000,0.781,0,
390,PA,42,2008,PA2008,0.032,-0.055,0.024,0.009,1361473,1515651,3164711,5754250,0.550,0.559,19,12,0.632,0,18,0,0,0,0,1,1,0,2002,PA4,0,5,-0.199,-0.137,0.017,0.104,0.052,0.053,0.000,0.784,0,
391,PA,42,2010,PA2010,-0.082,-0.055,-0.132,-0.027,1172353,801958,1875448,3948622,0.475,0.448,19,7,0.368,0,18,0,0,0,0,1,1,0,2002,PA4,0,5,0.43,-0.199,0.211,0.105,0.057,0.053,0.000,0.787,0,
392,PA,42,2012,PA2012,-0.237,-0.190,-0.222,-0.079,2029682,722124,2793538,5503608,0.508,0.428,18,5,0.278,0,18,0,0,0,0,1,1,0,2012,PA5,1,3,0.469,0.43,0.290,0.106,0.062,0.056,0.000,0.790,0,Y
393,PA,42,2014,PA2014,-0.149,-0.190,-0.219,-0.075,1150962,584569,1607785,3471057,0.463,0.388,18,5,0.278,0,15,0,0,0,0,1,1,0,2012,PA5,0,3,,0.469,,0.108,0.067,0.056,0.000,0.793,0,
394,PA,42,2016,PA2016,-0.183,-0.190,-0.222,-0.080,2049833,923998,2856901,5947661,0.480,0.400,18,5,0.278,,15,0,0,0,0,1,1,0,2012,PA5,0,3,,,,0.109,0.072,0.056,0.000,0.797,0,
395,SC,45,2012,SC2012,-0.233,-0.188,-0.128,-0.072,701345,257450,839517,1917589,0.438,0.365,7,1,0.143,0,5,0,0,0,0,1,1,0,2012,SC5,1,3,0.904,,0.732,0.274,0.056,0.143,0.000,0.675,1,
396,SC,45,2014,SC2014,-0.172,-0.188,-0.230,-0.047,413447,197940,498476,1222774,0.408,0.361,7,1,0.143,0,5,0,0,0,0,1,1,0,2012,SC5,0,3,,0.904,,0.270,0.062,0.143,0.000,0.686,1,
397,SC,45,2016,SC2016,-0.160,-0.188,-0.357,-0.015,666280,317555,790303,1967668,0.402,0.386,7,1,0.143,0,7,0,0,0,0,1,1,0,2012,SC5,0,3,,,,0.267,0.067,0.143,0.000,0.698,1,
398,TN,47,1972,TN1972,-0.088,0.023,-0.125,-0.041,349975,218291,547224,1136529,0.481,0.441,8,3,0.375,0,7,0,0,0,1,0,1,0,1972,TN1,1,2,0.1915,,0.058,0.158,0.004,0.000,0.000,0.594,0,
399,TN,47,1974,TN1974,0.133,0.023,0.019,0.019,185395,270978,452764,912746,0.496,0.515,8,5,0.625,0,5,0,0,0,1,0,1,0,1972,TN1,0,2,-0.183,0.1915,-0.095,0.158,0.005,0.125,0.000,0.596,0,Y
400,TN,47,1976,TN1976,-0.007,0.047,0.090,0.082,355945,310198,754408,1332286,0.566,0.648,8,5,0.625,0,5,0,0,0,1,0,1,0,1976,TN1.1,1,3,-0.1325,-0.183,-0.068,0.157,0.006,0.125,0.000,0.599,0,
401,TN,47,1978,TN1978,0.103,0.047,0.120,0.132,236161,293713,541411,1059748,0.511,0.642,8,5,0.625,0,6,0,0,0,1,0,1,0,1976,TN1.1,0,3,-0.1375,-0.1325,-0.074,0.157,0.006,0.125,0.000,0.601,0,
402,TN,47,1980,TN1980,0.044,0.047,0.122,0.092,367023,364633,791122,1463310,0.541,0.632,8,5,0.625,0,5,0,0,0,1,0,1,0,1976,TN1.1,0,3,-0.1395,-0.1375,-0.082,0.157,0.007,0.125,0.000,0.604,0,
403,TN,47,1982,TN1982,-0.055,0.062,0.162,0.050,335951,287765,762052,1247434,0.611,0.661,9,6,0.667,0,7,0,0,0,1,0,1,0,1982,TN2,1,5,-0.147,-0.1395,-0.079,0.157,0.007,0.111,0.000,0.605,0,
404,TN,47,1984,TN1984,0.131,0.062,0.097,0.110,294039,463902,784725,1515881,0.518,0.628,9,6,0.667,0,5,0,0,0,1,0,1,0,1982,TN2,0,5,-0.158,-0.147,-0.073,0.158,0.007,0.111,0.000,0.606,0,
405,TN,47,1986,TN1986,0.052,0.062,0.056,0.034,251718,314980,631960,1133400,0.558,0.592,9,6,0.667,0,7,0,0,0,1,0,1,0,1982,TN2,0,5,-0.1855,-0.158,-0.088,0.158,0.007,0.111,0.000,0.607,0,
406,TN,47,1988,TN1988,0.079,0.062,0.135,0.080,317747,433840,817621,1503176,0.544,0.624,9,6,0.667,0,6,0,0,0,1,0,1,0,1982,TN2,0,5,-0.123,-0.1855,-0.003,0.159,0.007,0.111,0.000,0.608,0,
407,TN,47,1990,TN1990,0.102,0.062,0.130,0.121,189420,238041,455217,854923,0.533,0.654,9,6,0.667,0,5,0,0,0,1,0,1,0,1982,TN2,0,5,-0.133,-0.123,0.003,0.159,0.007,0.111,0.000,0.609,0,
408,TN,47,1992,TN1992,0.134,0.009,0.054,0.066,308041,523962,859529,1664008,0.517,0.582,9,6,0.667,0,8,0,0,0,1,0,1,0,1992,TN3,1,5,-0.142,-0.133,0.009,0.160,0.010,0.111,0.000,0.614,0,
409,TN,47,1994,TN1994,0.008,0.009,0.004,-0.002,339150,372412,666596,1423124,0.468,0.466,9,4,0.444,0,8,0,0,0,1,0,1,0,1992,TN3,0,5,0.251,-0.142,0.199,0.161,0.013,0.111,0.000,0.620,0,
410,TN,47,1996,TN1996,-0.037,0.009,-0.056,-0.060,471033,401486,856487,1745033,0.491,0.430,9,4,0.444,0,9,0,0,0,1,0,1,0,1992,TN3,0,5,0.406,0.251,0.224,0.161,0.016,0.111,0.000,0.625,0,
411,TN,47,1998,TN1998,-0.005,0.009,-0.055,-0.070,267761,240162,482207,1015846,0.475,0.404,9,4,0.444,0,5,0,0,0,1,0,1,0,1992,TN3,0,5,0.454,0.406,0.239,0.162,0.019,0.111,0.000,0.631,0,
412,TN,47,2000,TN2000,-0.053,0.009,-0.055,-0.147,541331,436193,974696,1955050,0.499,0.351,9,4,0.444,0,6,0,0,0,1,0,1,0,1992,TN3,0,5,0.502,0.454,0.253,0.163,0.022,0.111,0.000,0.636,0,
413,TN,47,2002,TN2002,0.088,0.055,0.054,0.045,325194,447824,747674,1546037,0.484,0.528,9,5,0.556,0,7,0,0,1,0,0,0,1,2002,TN4,1,5,-0.172,0.502,0.198,0.163,0.027,0.111,0.000,0.642,0,Y
414,TN,47,2004,TN2004,0.066,0.055,0.056,0.062,506797,617777,1113334,2249147,0.495,0.557,9,5,0.556,0,8,0,0,1,0,0,0,1,2002,TN4,0,5,-0.168,-0.172,0.211,0.164,0.032,0.111,0.000,0.647,0,Y
415,TN,47,2006,TN2006,0.019,0.055,0.056,0.146,431040,399164,860861,1660408,0.518,0.664,9,5,0.556,0,9,0,0,1,0,0,0,1,2002,TN4,0,5,-0.163,-0.168,0.212,0.164,0.036,0.000,0.000,0.653,0,
416,TN,47,2008,TN2008,0.103,0.055,0.055,0.123,490372,677245,1112225,2335237,0.476,0.600,9,5,0.556,0,6,0,0,1,0,0,0,1,2002,TN4,0,5,-0.158,-0.163,0.219,0.165,0.041,0.000,0.000,0.658,0,Y
417,TN,47,2010,TN2010,-0.001,0.055,-0.056,-0.032,387991,360309,541527,1496605,0.362,0.330,9,2,0.222,0,9,0,0,1,0,0,0,1,2002,TN4,0,5,0.742,-0.158,0.539,0.165,0.046,0.000,0.000,0.664,0,
418,TN,47,2012,TN2012,-0.053,-0.015,-0.156,-0.094,612260,503512,865272,2231543,0.388,0.294,9,2,0.222,0,8,0,0,0,0,1,1,0,2012,TN5,1,3,0.742,0.742,0.543,0.165,0.051,0.000,0.000,0.670,0,
419,TN,47,2014,TN2014,-0.008,-0.015,-0.218,-0.089,348204,310259,481091,1316927,0.365,0.277,9,2,0.222,0,8,0,0,0,0,1,1,0,2012,TN5,0,3,,0.742,,0.166,0.056,0.000,0.000,0.675,0,
420,TN,47,2016,TN2016,0.017,-0.015,-0.278,-0.085,571032,582930,814181,2307921,0.353,0.267,9,2,0.222,0,9,0,0,0,0,1,1,0,2012,TN5,0,3,,,,0.166,0.060,0.000,0.000,0.681,0,
421,TX,48,1972,TX1972,0.129,0.129,0.101,0.054,683963,1026089,2059486,3420106,0.602,0.656,24,20,0.833,0,13,0,0,0,1,0,1,0,1972,TX1,1,1,-0.1125,,-0.100,0.124,0.189,0.042,0.083,0.797,0,
422,TX,48,1974,TX1974,0.079,0.167,0.096,0.064,342179,405838,969380,1496036,0.648,0.712,24,21,0.875,0,16,0,0,0,1,0,1,0,1974,TX1.1,1,4,-0.1105,-0.1125,-0.087,0.122,0.194,0.042,0.083,0.797,0,
423,TX,48,1976,TX1976,0.173,0.167,-0.018,0.029,691123,1222391,2380283,3827032,0.622,0.651,24,22,0.917,0,18,0,0,0,1,0,1,0,1974,TX1.1,0,4,-0.1155,-0.1105,-0.111,0.121,0.200,0.042,0.083,0.796,0,
424,TX,48,1978,TX1978,0.193,0.167,0.139,0.086,454506,674501,1287366,2258012,0.570,0.657,24,20,0.833,0,20,0,0,0,1,0,1,0,1974,TX1.1,0,4,-0.0825,-0.1155,-0.044,0.120,0.205,0.042,0.083,0.796,0,
425,TX,48,1980,TX1980,0.221,0.167,0.070,0.068,736867,1449195,2341523,4372126,0.536,0.604,24,19,0.792,0,18,0,0,0,1,0,1,0,1974,TX1.1,0,4,-0.0445,-0.0825,0.009,0.119,0.210,0.042,0.083,0.796,0,
426,TX,48,1982,TX1982,0.124,0.124,0.124,0.080,581367,876671,1736319,2916078,0.595,0.675,27,22,0.815,0,18,0,0,0,1,0,1,0,1982,TX2,1,1,-0.07,-0.0445,-0.019,0.118,0.219,0.037,0.111,0.797,1,
427,TX,48,1984,TX1984,0.138,0.136,0.104,0.076,1076186,1585204,2638050,5322779,0.496,0.572,27,17,0.630,0,18,0,0,0,1,0,1,0,1984,TX2.1,1,4,-0.0385,-0.07,0.031,0.118,0.228,0.037,0.148,0.799,1,Y
428,TX,48,1986,TX1986,0.066,0.136,0.092,0.074,795267,871668,1773073,3333878,0.532,0.606,27,17,0.630,0,17,0,0,0,1,0,1,0,1984,TX2.1,0,4,-0.0665,-0.0385,0.045,0.117,0.238,0.037,0.148,0.800,1,
429,TX,48,1988,TX1988,0.149,0.136,0.105,0.095,1047388,1551339,2739620,5197453,0.527,0.622,27,19,0.704,0,14,0,0,0,1,0,1,0,1984,TX2.1,0,4,-0.122,-0.0665,-0.025,0.117,0.247,0.074,0.148,0.802,1,
430,TX,48,1990,TX1990,0.192,0.136,0.165,0.071,694851,1211321,1929207,3812344,0.506,0.577,27,19,0.704,0,14,0,0,0,1,0,1,0,1984,TX2.1,0,4,-0.152,-0.122,-0.004,0.116,0.256,0.037,0.148,0.803,1,
431,TX,48,1992,TX1992,0.197,0.203,0.177,0.099,1006034,1834290,2849964,5680649,0.502,0.601,30,21,0.700,0,25,0,0,0,1,0,1,0,1992,TX3,1,2,-0.1605,-0.152,-0.013,0.115,0.269,0.067,0.167,0.807,1,
432,TX,48,1994,TX1994,0.208,0.203,0.133,0.084,739822,1343940,1927262,4167525,0.462,0.547,30,19,0.633,0,25,0,0,0,1,0,1,0,1992,TX3,0,2,-0.102,-0.1605,0.076,0.115,0.282,0.067,0.167,0.812,1,Y
433,TX,48,1996,TX1996,0.134,0.125,0.067,0.060,1075939,1429463,2337508,5010812,0.466,0.526,30,17,0.567,0,26,0,1,0,0,0,0,1,1996,TX3.1,1,3,-0.126,-0.102,0.110,0.114,0.294,0.067,0.200,0.816,1,Y
434,TX,48,1998,TX1998,0.119,0.125,0.067,0.103,787749,1073060,1764228,3721621,0.474,0.577,30,17,0.567,0,19,0,1,0,0,0,0,1,1996,TX3.1,0,3,-0.1435,-0.126,0.122,0.114,0.307,0.067,0.200,0.821,1,Y
435,TX,48,2000,TX2000,0.121,0.125,0.066,0.097,1364381,1667516,2866082,6063796,0.473,0.570,30,17,0.567,0,21,0,1,0,0,0,0,1,1996,TX3.1,0,3,-0.1565,-0.1435,0.134,0.113,0.320,0.067,0.200,0.825,1,Y
436,TX,48,2002,TX2002,0.112,0.112,0.041,0.062,1002934,1290791,2108144,4587451,0.460,0.521,32,17,0.531,0,23,0,1,0,0,0,0,1,2002,TX4,1,1,0.268,-0.1565,0.204,0.113,0.331,0.063,0.188,0.829,1,Y
437,TX,48,2004,TX2004,-0.019,-0.019,-0.144,-0.038,2109938,1463606,3084158,7147089,0.432,0.393,32,11,0.344,0,25,0,0,0,0,1,1,0,2004,TX4.1,1,1,0.604,0.268,0.341,0.114,0.342,0.094,0.188,0.834,1,
438,TX,48,2006,TX2006,0.001,0.009,-0.094,-0.054,1219205,828577,1854485,4095560,0.453,0.398,32,13,0.406,0,27,0,0,0,0,1,1,0,2006,TX4.2,1,3,0.5885,0.604,0.311,0.114,0.354,0.094,0.188,0.838,1,
439,TX,48,2008,TX2008,-0.030,0.009,-0.125,-0.033,2367628,1497673,3497722,7730604,0.452,0.419,32,12,0.375,0,24,0,0,0,0,1,1,0,2006,TX4.2,0,3,0.6135,0.5885,0.351,0.115,0.365,0.094,0.188,0.843,1,
440,TX,48,2010,TX2010,0.056,0.009,-0.155,-0.042,1242510,1132645,1721584,4750313,0.362,0.320,32,9,0.281,0,26,0,0,0,0,1,1,0,2006,TX4.2,0,3,0.69,0.6135,0.460,0.115,0.376,0.094,0.188,0.847,1,
441,TX,48,2012,TX2012,-0.010,-0.010,-0.139,-0.047,2244032,1566990,3212530,7622039,0.421,0.375,36,12,0.333,0,31,0,1,0,0,0,0,1,2012,TX5,1,3,0.718,0.69,0.413,0.115,0.387,0.111,0.167,0.851,1,
442,TX,48,2014,TX2014,0.032,-0.010,-0.165,-0.037,1289193,1020572,1786881,4619527,0.387,0.350,36,11,0.306,0,23,0,1,0,0,0,0,1,2012,TX5,0,3,,0.718,,0.116,0.398,0.139,0.139,0.856,1,
443,TX,48,2016,TX2016,-0.052,-0.010,-0.161,-0.032,2729445,1566038,3684226,8590967,0.429,0.397,36,11,0.306,,26,0,1,0,0,0,0,1,2012,TX5,0,3,,,,0.116,0.410,0.139,0.139,0.860,1,
444,VA,51,1972,VA1972,-0.128,-0.083,-0.159,-0.024,405122,224899,584461,1260042,0.464,0.440,10,3,0.300,0,8,0,0,0,1,0,1,0,1972,VA1,1,5,0.189,,0.191,0.185,0.011,0.000,0.000,0.638,1,
445,VA,51,1974,VA1974,-0.028,-0.083,-0.001,0.003,252019,236826,502459,977691,0.514,0.517,10,5,0.500,0,7,0,0,0,1,0,1,0,1972,VA1,0,5,0.1715,0.189,0.097,0.186,0.012,0.000,0.000,0.643,1,
446,VA,51,1976,VA1976,-0.082,-0.083,-0.007,-0.009,405462,331303,723780,1473528,0.491,0.482,10,4,0.400,0,6,0,0,0,1,0,1,0,1972,VA1,0,5,0.1905,0.1715,0.123,0.186,0.013,0.000,0.000,0.649,1,
447,VA,51,1978,VA1978,0.006,-0.083,-0.041,-0.065,274967,295486,510241,1140905,0.447,0.382,10,4,0.400,0,5,0,0,0,1,0,1,0,1972,VA1,0,5,0.197,0.1905,0.129,0.187,0.014,0.000,0.000,0.654,1,
448,VA,51,1980,VA1980,-0.181,-0.083,0.035,-0.039,546947,266878,635231,1627650,0.390,0.352,10,1,0.100,0,6,0,0,0,1,0,1,0,1972,VA1,0,5,0.2165,0.197,0.234,0.187,0.015,0.000,0.000,0.660,1,
449,VA,51,1982,VA1982,-0.065,0.005,0.007,-0.003,399964,310386,685672,1420704,0.483,0.480,10,4,0.400,0,8,0,0,0,1,0,1,0,1982,VA2,1,5,0.2125,0.2165,0.114,0.187,0.017,0.000,0.000,0.667,1,
450,VA,51,1984,VA1984,-0.010,0.005,-0.089,-0.029,540721,492600,940614,2066642,0.455,0.427,10,4,0.400,0,6,0,0,0,1,0,1,0,1982,VA2,0,5,0.2235,0.2125,0.125,0.187,0.019,0.000,0.000,0.674,1,
451,VA,51,1986,VA1986,-0.018,0.005,-0.011,-0.018,340223,294102,645579,1268650,0.509,0.491,10,5,0.500,0,6,0,0,0,1,0,1,0,1982,VA2,0,5,0.143,0.2235,0.071,0.186,0.022,0.000,0.000,0.680,1,
452,VA,51,1988,VA1988,0.088,0.005,0.002,0.009,468273,560925,938120,2058398,0.456,0.465,10,5,0.500,0,7,0,0,0,1,0,1,0,1982,VA2,0,5,0.055,0.143,0.068,0.186,0.024,0.000,0.000,0.687,1,
453,VA,51,1990,VA1990,0.032,0.005,0.019,0.052,325284,363707,736297,1377981,0.534,0.586,10,6,0.600,0,5,0,0,0,1,0,1,0,1982,VA2,0,5,-0.116,0.055,0.065,0.186,0.026,0.000,0.000,0.694,1,
454,VA,51,1992,VA1992,0.080,0.080,0.053,0.032,508008,647066,1220047,2310150,0.528,0.561,11,7,0.636,0,10,0,0,0,1,0,1,0,1992,VA3,1,1,-0.151,-0.116,-0.010,0.188,0.030,0.091,0.000,0.701,1,
455,VA,51,1994,VA1994,0.108,0.078,0.054,0.064,402483,567662,909889,1940291,0.469,0.533,11,6,0.545,0,8,0,0,0,1,0,1,0,1994,VA3.1,1,2,-0.11,-0.151,0.046,0.189,0.034,0.091,0.000,0.708,1,Y
456,VA,51,1996,VA1996,0.048,0.078,0.045,0.130,546487,552947,1096913,2198869,0.499,0.629,11,6,0.545,0,10,0,0,0,1,0,1,0,1994,VA3.1,0,2,0.112,-0.11,0.085,0.191,0.039,0.091,0.000,0.716,1,Y
457,VA,51,1998,VA1998,0.108,-0.002,0.045,0.124,354599,459910,763883,1629017,0.469,0.593,11,6,0.545,0,4,0,0,0,1,0,1,0,1998,VA3.2,1,2,0.1955,0.112,0.143,0.192,0.043,0.091,0.000,0.723,1,Y
458,VA,51,2000,VA2000,-0.111,-0.002,-0.074,-0.020,714952,511171,1195532,2452249,0.488,0.467,11,4,0.364,1,6,0,0,0,1,0,1,0,1998,VA3.2,0,2,0.5434999,0.1955,0.350,0.194,0.047,0.091,0.000,0.730,1,
459,VA,51,2002,VA2002,-0.056,-0.081,-0.163,-0.074,482948,376490,712176,1718876,0.414,0.340,11,3,0.273,0,5,0,0,0,0,1,1,0,2002,VA4,1,5,0.562,0.5434999,0.337,0.193,0.053,0.091,0.000,0.735,1,
460,VA,51,2004,VA2004,-0.085,-0.081,-0.140,-0.066,925065,594597,1303226,3039322,0.429,0.363,11,3,0.273,0,8,0,0,0,0,1,1,0,2002,VA4,0,5,0.556,0.562,0.346,0.192,0.060,0.091,0.000,0.740,1,
461,VA,51,2006,VA2006,-0.177,-0.081,-0.179,-0.058,812341,345941,1099509,2316568,0.475,0.417,11,3,0.273,0,8,0,0,0,0,1,1,0,2002,VA4,0,5,0.559,0.556,0.384,0.192,0.066,0.091,0.000,0.745,1,
462,VA,51,2008,VA2008,0.041,-0.081,-0.044,-0.001,876526,903682,1788108,3560416,0.502,0.501,11,6,0.545,0,9,0,0,0,0,1,1,0,2002,VA4,0,5,-0.025,0.559,0.171,0.191,0.073,0.091,0.000,0.750,1,
463,VA,51,2010,VA2010,-0.129,-0.081,-0.043,-0.007,681978,390122,966636,2144197,0.451,0.444,11,3,0.273,0,10,0,0,0,0,1,1,0,2002,VA4,0,5,0.667,-0.025,0.426,0.190,0.079,0.091,0.000,0.755,1,
464,VA,51,2012,VA2012,-0.208,-0.165,-0.227,-0.061,1319598,521794,1806025,3682786,0.490,0.430,11,3,0.273,0,11,0,0,0,0,1,1,0,2012,VA5,1,2,0.697,0.667,0.475,0.189,0.085,0.091,0.000,0.760,1,
465,VA,51,2014,VA2014,-0.121,-0.165,-0.223,-0.063,673920,392800,953736,2133439,0.447,0.384,11,3,0.273,0,8,0,0,0,0,1,1,0,2012,VA5,0,2,,0.697,,0.188,0.092,0.091,0.000,0.765,1,
466,VA,51,2016,VA2016,-0.111,-0.111,-0.136,-0.064,1179034,707910,1839937,3773890,0.488,0.423,11,4,0.364,0,10,0,1,0,0,0,0,1,2016,VA5.1,1,1,,,,0.188,0.098,0.182,0.000,0.770,0,
467,WA,53,1972,WA1972,0.034,0.181,-0.071,0.001,315740,332413,857621,1296304,0.662,0.663,7,6,0.857,0,7,0,1,0,0,0,0,1,1972,WA1,1,5,-0.363,,-0.317,0.022,0.022,0.000,0.000,0.734,0,
468,WA,53,1974,WA1974,0.179,0.181,0.214,0.026,163272,324034,574055,974612,0.589,0.615,7,6,0.857,0,7,0,1,0,0,0,0,1,1972,WA1,0,5,-0.345,-0.363,-0.317,0.022,0.024,0.000,0.000,0.734,0,
469,WA,53,1976,WA1976,0.192,0.181,-0.071,0.006,225795,476039,817948,1403667,0.583,0.588,7,6,0.857,0,7,0,1,0,0,0,0,1,1972,WA1,0,5,-0.304,-0.345,-0.205,0.023,0.026,0.000,0.000,0.735,0,
470,WA,53,1978,WA1978,0.298,0.181,-0.071,0.004,104527,374523,507252,958099,0.529,0.533,7,6,0.857,0,7,0,1,0,0,0,0,1,1972,WA1,0,5,-0.337,-0.304,-0.276,0.024,0.027,0.000,0.000,0.735,0,
471,WA,53,1980,WA1980,0.200,0.181,0.214,0.029,240203,564282,816133,1608969,0.507,0.536,7,5,0.714,0,7,0,1,0,0,0,0,1,1972,WA1,0,5,-0.334,-0.337,-0.217,0.025,0.029,0.000,0.000,0.735,0,
472,WA,53,1982,WA1982,0.059,0.059,0.125,0.075,283235,363631,689811,1293727,0.533,0.608,8,5,0.625,0,8,0,0,0,0,1,1,0,1982,WA2,1,1,-0.312,-0.334,-0.176,0.026,0.032,0.000,0.000,0.741,0,
473,WA,53,1984,WA1984,0.015,0.010,0.125,0.083,446531,451726,996950,1796515,0.555,0.638,8,5,0.625,0,8,0,0,0,0,1,1,0,1984,WA2.1,1,4,-0.3095,-0.312,-0.168,0.027,0.035,0.000,0.000,0.747,0,
474,WA,53,1986,WA1986,-0.061,0.010,0.125,0.124,372929,274490,767678,1294836,0.593,0.717,8,5,0.625,0,8,0,0,0,0,1,1,0,1984,WA2.1,0,4,-0.307,-0.3095,-0.170,0.028,0.038,0.000,0.000,0.752,0,
475,WA,53,1988,WA1988,0.038,0.010,-0.005,0.045,434618,461592,974048,1792421,0.543,0.589,8,5,0.625,0,7,0,0,0,0,1,1,0,1984,WA2.1,0,4,-0.3455,-0.307,-0.216,0.029,0.041,0.000,0.000,0.758,0,
476,WA,53,1990,WA1990,0.048,0.010,0.000,0.006,307397,338944,696275,1292682,0.539,0.544,8,5,0.625,0,8,0,0,0,0,1,1,0,1984,WA2.1,0,4,-0.3515,-0.3455,-0.218,0.030,0.044,0.000,0.000,0.764,0,
477,WA,53,1992,WA1992,0.238,-0.035,-0.278,-0.022,284120,790171,1236665,2148578,0.576,0.554,9,8,0.889,0,9,1,0,0,0,0,0,1,1992,WA3,1,5,-0.288,-0.3515,-0.292,0.030,0.050,0.000,0.000,0.775,0,
478,WA,53,1994,WA1994,-0.262,-0.035,-0.167,-0.010,637630,202602,826753,1680465,0.492,0.482,9,2,0.222,0,9,1,0,0,0,0,0,1,1992,WA3,0,5,0.479,-0.288,0.292,0.030,0.056,0.000,0.000,0.786,0,
479,WA,53,1996,WA1996,-0.217,-0.035,-0.278,-0.029,784442,290637,1129609,2150162,0.525,0.496,9,3,0.333,0,9,1,0,0,0,0,0,1,1992,WA3,0,5,0.472,0.479,0.210,0.031,0.063,0.000,0.000,0.798,0,Y
480,WA,53,1998,WA1998,-0.003,-0.035,0.037,0.001,454521,468683,977664,1846408,0.529,0.530,9,5,0.556,0,8,1,0,0,0,0,0,1,1992,WA3,0,5,-0.21,0.472,0.026,0.031,0.069,0.000,0.000,0.809,0,
481,WA,53,2000,WA2000,0.069,-0.035,0.050,0.012,494171,672544,1280493,2333429,0.549,0.561,9,6,0.667,0,8,1,0,0,0,0,0,1,1992,WA3,0,5,-0.283,-0.21,-0.073,0.031,0.075,0.000,0.000,0.820,0,
482,WA,53,2002,WA2002,0.090,0.005,0.056,0.036,339906,503274,907440,1686362,0.538,0.574,9,6,0.667,0,9,1,0,0,0,0,0,1,2002,WA4,1,5,-0.282,-0.283,-0.069,0.032,0.082,0.000,0.000,0.824,0,
483,WA,53,2004,WA2004,-0.023,0.005,0.167,0.039,695875,656248,1608751,2704244,0.595,0.634,9,6,0.667,0,9,1,0,0,0,0,0,1,2002,WA4,0,5,-0.281,-0.282,-0.065,0.032,0.090,0.000,0.000,0.828,0,
484,WA,53,2006,WA2006,-0.052,0.005,0.167,0.032,564550,456501,1244095,2042100,0.609,0.642,9,6,0.667,0,9,1,0,0,0,0,0,1,2002,WA4,0,5,-0.279,-0.281,-0.059,0.033,0.097,0.000,0.000,0.833,0,
485,WA,53,2008,WA2008,-0.017,0.005,0.167,0.048,746076,711155,1725316,2914463,0.592,0.640,9,6,0.667,0,9,1,0,0,0,0,0,1,2002,WA4,0,5,-0.274,-0.279,-0.054,0.033,0.105,0.000,0.000,0.837,0,
486,WA,53,2010,WA2010,0.029,0.005,0.013,-0.002,586873,657958,1277499,2489661,0.513,0.511,9,5,0.556,0,8,1,0,0,0,0,0,1,2002,WA4,0,5,-0.269,-0.274,0.029,0.034,0.112,0.000,0.111,0.841,0,
487,WA,53,2012,WA2012,0.011,0.009,0.100,0.018,702713,800420,1636726,3006266,0.544,0.562,10,6,0.600,0,10,1,0,0,0,0,0,1,2012,WA5,1,3,-0.2695,-0.269,0.036,0.035,0.119,0.000,0.100,0.845,0,
488,WA,53,2014,WA2014,0.005,0.009,0.089,0.001,482699,529818,1108561,2025038,0.547,0.549,10,6,0.600,0,9,1,0,0,0,0,0,1,2012,WA5,0,3,,-0.2695,,0.035,0.127,0.000,0.100,0.849,0,
489,WA,53,2016,WA2016,0.010,0.009,0.096,0.026,747177,824572,1712681,3143497,0.545,0.570,10,6,0.600,0,8,1,0,0,0,0,0,1,2012,WA5,0,3,,,,0.036,0.134,0.000,0.100,0.854,0,
490,WI,55,1972,WI1972,-0.082,0.053,0.056,0.059,524564,365416,1012821,1779960,0.569,0.628,9,5,0.556,0,9,0,0,1,0,0,0,1,1972,WI1,1,5,-0.349,,-0.120,0.031,0.010,0.000,0.000,0.656,0,
491,WI,55,1974,WI1974,0.084,0.053,0.056,0.051,255363,334278,703992,1179284,0.597,0.648,9,7,0.778,0,9,0,0,1,0,0,0,1,1972,WI1,0,5,-0.366,-0.349,-0.261,0.033,0.011,0.000,0.000,0.652,0,
492,WI,55,1976,WI1976,0.112,0.053,0.057,0.073,397794,590612,1151821,1976809,0.583,0.656,9,7,0.778,0,8,0,0,1,0,0,0,1,1972,WI1,0,5,-0.36,-0.366,-0.260,0.035,0.012,0.000,0.000,0.649,0,
493,WI,55,1978,WI1978,0.103,0.053,0.167,0.050,312741,409503,768536,1444489,0.532,0.582,9,6,0.667,0,9,0,0,1,0,0,0,1,1972,WI1,0,5,-0.365,-0.36,-0.179,0.037,0.012,0.000,0.000,0.645,0,
494,WI,55,1980,WI1980,0.048,0.053,0.056,0.039,515874,547852,1071978,2127450,0.504,0.543,9,5,0.556,0,9,0,0,1,0,0,0,1,1972,WI1,0,5,-0.318,-0.365,-0.106,0.039,0.013,0.000,0.000,0.642,0,
495,WI,55,1982,WI1982,-0.079,0.008,0.056,0.043,456732,318604,879881,1550676,0.567,0.610,9,5,0.556,0,7,0,0,1,0,0,0,1,1982,WI2,1,5,-0.291,-0.318,-0.104,0.041,0.014,0.000,0.000,0.645,0,
496,WI,55,1984,WI1984,0.096,0.008,0.056,0.082,427079,619619,1004913,2093394,0.480,0.562,9,5,0.556,0,8,0,0,1,0,0,0,1,1982,WI2,0,5,-0.282,-0.291,-0.057,0.043,0.015,0.000,0.000,0.648,0,Y
497,WI,55,1986,WI1986,0.024,0.008,0.048,0.041,361633,392456,777826,1508180,0.516,0.557,9,5,0.556,0,6,0,0,1,0,0,0,1,1982,WI2,0,5,-0.264,-0.282,-0.040,0.045,0.017,0.000,0.000,0.651,0,
498,WI,55,1988,WI1988,0.077,0.008,0.056,0.096,447903,589917,1015222,2075640,0.489,0.585,9,5,0.556,0,8,0,0,1,0,0,0,1,1982,WI2,0,5,-0.246,-0.264,-0.024,0.047,0.018,0.000,0.000,0.654,0,Y
499,WI,55,1990,WI1990,-0.080,0.008,-0.057,-0.044,443410,252298,712548,1391415,0.512,0.468,9,4,0.444,0,6,0,0,1,0,0,0,1,1982,WI2,0,5,0.191,-0.246,0.079,0.049,0.019,0.000,0.000,0.657,0,Y
500,WI,55,1992,WI1992,-0.031,0.033,-0.056,-0.017,653061,529283,1153862,2364689,0.488,0.471,9,4,0.444,0,9,0,0,1,0,0,0,1,1992,WI3,1,5,0.196,0.191,0.104,0.050,0.022,0.000,0.000,0.662,0,
501,WI,55,1994,WI1994,-0.020,0.033,-0.024,-0.003,409792,357694,654720,1534972,0.427,0.424,9,3,0.333,0,7,0,0,1,0,0,0,1,1992,WI3,0,5,0.296,0.196,0.223,0.052,0.026,0.000,0.000,0.667,0,
502,WI,55,1996,WI1996,0.106,0.033,0.167,0.046,439665,626909,1012327,2133146,0.475,0.520,9,5,0.556,0,9,0,0,1,0,0,0,1,1992,WI3,0,5,-0.238,0.296,0.100,0.053,0.029,0.000,0.000,0.673,0,Y
503,WI,55,1998,WI1998,0.005,0.033,-0.021,0.004,439883,419905,903366,1719579,0.525,0.529,9,5,0.556,0,7,0,0,1,0,0,0,1,1992,WI3,0,5,-0.246,-0.238,0.115,0.055,0.033,0.000,0.000,0.678,0,
504,WI,55,2000,WI2000,0.105,0.033,0.056,0.039,512214,737443,1187866,2499313,0.475,0.514,9,5,0.556,0,9,0,0,1,0,0,0,1,1992,WI3,0,5,-0.253,-0.246,0.119,0.056,0.036,0.000,0.000,0.683,0,Y
505,WI,55,2002,WI2002,0.040,0.045,0.001,-0.001,392617,470459,828923,1726151,0.480,0.479,8,4,0.500,0,5,0,0,1,0,0,0,1,2002,WI4,1,5,0.17,-0.253,0.199,0.057,0.041,0.000,0.000,0.687,0,
506,WI,55,2004,WI2004,0.061,0.045,0.000,-0.021,637569,801841,1352194,2878820,0.470,0.449,8,4,0.500,0,7,0,0,1,0,0,0,1,2002,WI4,0,5,0.1865,0.17,0.187,0.058,0.045,0.125,0.000,0.691,0,
507,WI,55,2006,WI2006,0.077,0.045,0.003,0.046,461913,588384,1100741,2100589,0.524,0.570,8,5,0.625,0,7,0,0,1,0,0,0,1,2002,WI4,0,5,-0.301,0.1865,0.066,0.060,0.050,0.125,0.000,0.694,0,
508,WI,55,2008,WI2008,0.066,0.045,0.094,0.045,636405,789822,1510343,2852455,0.529,0.574,8,5,0.625,0,6,0,0,1,0,0,0,1,2002,WI4,0,5,-0.3045,-0.301,0.076,0.061,0.054,0.125,0.000,0.698,0,
509,WI,55,2010,WI2010,-0.017,0.045,0.000,0.010,559898,492328,938690,2104451,0.446,0.456,8,3,0.375,0,8,0,0,1,0,0,0,1,2002,WI4,0,5,0.799,-0.3045,0.401,0.062,0.059,0.125,0.000,0.702,0,
510,WI,55,2012,WI2012,-0.140,-0.099,-0.125,-0.067,922229,501279,1445015,2847010,0.508,0.441,8,3,0.375,0,8,0,0,0,0,1,1,0,2012,WI5,1,3,0.8195,0.799,0.400,0.063,0.064,0.125,0.000,0.706,0,Y
511,WI,55,2014,WI2014,-0.069,-0.099,-0.125,-0.063,677089,490868,1102581,2335917,0.472,0.409,8,3,0.375,0,8,0,0,0,0,1,1,0,2012,WI5,0,3,,0.8195,,0.064,0.068,0.125,0.000,0.710,0,
512,WI,55,2016,WI2016,-0.087,-0.099,-0.125,-0.092,833030,611074,1389578,2888209,0.481,0.389,8,3,0.375,0,6,0,0,0,0,1,1,0,2012,WI5,0,3,,,,0.066,0.073,0.125,0.000,0.713,0,